10
 
60 X Max
57 Y Max
0
0
Idx	E0	E1	E2	E3	E4	E5	E6	E7	E8	E9	E10	E11	E12	E13	E14	E15	Elev
&
0	25	25	25	25	6	6	6	6	6	6	6	6	6	6	6	25	0	0	0	0	0	0	0	0	0	0	0	0	0	0	0	0	
1	25	15	15	15	6	15	15	15	15	15	15	15	15	15	15	15	0	0	0	0	0	0	0	0	0	0	0	0	0	0	0	0	
2	15	15	15	15	15	15	15	15	15	15	15	15	15	15	15	15	1	1	1	2	1	1	1	2	1	1	1	2	1	1	1	2	
3	15	15	15	15	15	15	15	15	15	15	15	15	15	15	15	15	2	3	3	4	2	3	3	4	2	3	3	4	2	3	3	4	
4	15	15	157	2	15	15	157	2	15	15	157	2	15	15	157	2	4	5	7	7	4	5	7	7	4	5	7	7	4	5	7	7	
5	2	2	2	0	15	15	2	2	2	15	2	2	2	2	2	2	7	7	7	8	7	7	7	8	7	7	7	8	7	7	8	8	
6	35	35	35	35	35	35	35	35	35	35	35	35	35	35	35	35	8	9	9	10	9	9	9	10	9	9	9	10	9	9	9	10	
7	2	0	0	0	0	0	2	0	0	0	0	0	0	2	0	0	10	10	10	11	10	10	10	11	10	10	10	11	10	10	10	11	
8	0	0	0	0	0	2	0	0	0	0	0	0	0	0	0	0	11	11	11	11	11	11	11	11	11	11	11	11	11	11	11	11	
9	0	0	0	0	2	0	0	0	0	0	0	0	0	0	0	0	11	11	11	11	11	11	11	11	11	11	11	11	11	11	11	11	
10	0	0	0	21	0	0	0	21	0	0	0	0	0	0	0	0	11	11	11	11	11	11	11	11	11	11	11	11	11	11	11	11	
11	0	0	0	0	21	0	0	0	21	0	0	0	21	21	0	0	11	11	11	11	11	11	11	11	11	11	11	11	11	11	11	11	
12	0	0	0	0	0	0	0	0	0	0	0	0	0	0	0	0	11	11	11	11	11	11	11	11	11	11	11	11	11	11	11	11	
13	0	0	0	0	0	0	2	0	0	0	0	0	0	0	0	0	11	11	11	11	11	11	11	11	11	11	11	11	11	11	11	11	
14	0	0	0	0	0	0	0	2	0	0	0	0	0	0	2	0	11	11	11	11	11	11	11	11	11	11	11	11	11	11	11	11	
15	0	0	0	0	0	0	0	0	0	0	0	0	0	0	0	0	11	11	11	11	11	11	11	11	11	11	11	11	11	11	11	11	
16	0	0	0	0	0	0	0	0	0	0	0	0	0	0	0	0	11	11	11	11	11	11	11	11	11	11	11	11	11	11	11	11	
17	0	0	0	0	0	0	0	0	2	0	0	2	0	0	0	0	11	11	11	11	11	11	11	11	11	11	11	11	11	11	11	11	
18	0	0	0	0	0	0	0	0	0	0	0	0	0	0	0	2	11	11	11	11	11	11	11	11	11	11	11	11	11	11	11	11	
19	0	0	0	0	0	0	0	0	0	0	0	0	0	0	0	0	11	11	11	11	11	11	11	12	11	11	11	11	11	11	11	11	
20	0	112	111	111	0	112	111	111	0	112	111	111	0	112	111	111	12	14	15	15	13	15	15	15	13	14	15	15	12	14	15	15	
21	111	111	112	0	111	111	112	0	111	112	112	0	111	112	0	19	15	15	14	12	15	15	14	12	15	14	13	12	15	14	12	11	
22	19	19	19	19	19	19	19	19	19	19	19	19	19	19	19	19	11	11	11	11	11	11	11	11	11	11	11	11	11	11	11	11	
23	19	19	19	19	19	19	19	19	19	19	19	19	19	19	19	19	11	11	11	11	11	11	11	11	11	11	11	11	11	11	11	11	
24	19	19	19	19	19	19	19	19	19	19	19	19	19	19	19	19	11	11	11	11	11	11	11	11	11	11	11	11	11	11	11	11	
25	19	19	19	19	19	19	19	19	19	19	19	19	19	19	19	19	11	11	11	11	11	11	11	11	11	11	11	11	11	11	11	11	
26	19	19	19	19	19	19	19	19	19	19	19	19	19	19	19	19	11	11	11	11	11	11	11	11	11	11	11	11	11	11	11	11	
27	19	19	19	112	19	19	19	112	19	19	19	112	19	19	19	19	11	11	12	14	11	12	13	15	11	11	13	14	11	11	12	13	
28	111	111	111	142	111	111	111	142	112	111	111	111	112	112	112	111	15	15	15	15	15	15	15	15	15	15	15	15	13	14	15	15	
29	0	2	35	35	112	0	35	35	112	0	35	35	112	112	0	35	13	12	11	11	14	12	11	11	14	13	12	11	15	14	13	11	
30	35	35	2	0	35	35	35	0	35	35	35	0	35	35	35	35	11	11	11	11	11	11	11	11	11	11	11	11	11	11	11	11	
31	19	19	19	19	19	19	19	19	0	2	19	19	0	0	2	19	11	11	11	11	11	11	11	11	11	11	11	11	11	11	11	11	
32	19	19	19	19	19	19	19	19	19	19	19	19	19	19	19	19	11	11	11	11	11	11	11	11	11	11	11	11	11	11	11	11	
33	19	19	19	19	19	19	19	19	19	19	19	19	19	19	19	19	11	11	11	11	11	11	11	11	11	11	11	11	11	11	11	11	
34	19	19	19	19	19	19	19	19	19	19	19	19	19	19	19	19	11	11	11	11	11	11	11	11	11	11	11	11	11	11	11	11	
35	19	19	19	19	19	19	19	19	19	19	19	19	19	19	19	19	11	11	11	11	11	11	11	11	11	11	11	11	11	11	11	11	
36	19	19	19	19	19	19	19	19	19	19	19	19	19	19	19	19	11	11	11	11	11	11	11	11	11	11	11	11	11	11	11	11	
37	19	19	19	19	19	19	19	19	19	19	19	19	19	19	19	19	11	11	11	11	11	11	11	11	11	11	11	11	11	11	11	11	
38	19	19	19	19	19	19	19	19	19	19	19	19	19	19	19	19	11	11	11	11	11	11	11	11	11	11	11	11	11	11	11	11	
39	19	19	19	19	19	19	19	19	19	19	19	19	19	19	19	19	11	11	11	11	11	11	11	11	11	11	11	11	11	11	11	11	
40	19	19	19	19	19	19	19	19	19	19	19	19	19	19	19	19	11	11	11	11	11	11	11	11	11	11	11	11	11	11	11	11	
41	19	19	19	19	19	19	19	19	19	19	19	19	19	19	19	19	11	11	11	11	11	11	11	11	11	11	11	11	11	11	11	11	
42	19	19	19	19	19	19	19	19	19	19	19	19	19	19	19	19	11	11	11	11	11	11	11	11	11	11	11	11	11	11	11	11	
43	19	19	19	35	19	19	0	35	19	2	35	35	19	35	35	35	11	11	11	11	11	11	11	11	11	11	11	11	11	11	11	11	
44	35	35	35	35	35	35	35	35	35	35	35	0	35	35	0	54	11	11	11	11	11	11	11	11	11	11	11	11	11	11	11	11	
45	0	0	0	0	0	0	0	2	0	0	0	0	54	72	0	0	11	11	11	11	11	11	11	11	11	11	11	11	11	11	11	11	
46	0	2	0	2	0	0	0	0	0	0	0	0	0	0	2	2	11	11	11	11	11	11	11	11	11	11	11	11	11	11	11	11	
47	0	2	0	0	0	0	0	0	0	0	0	0	0	0	0	0	11	11	11	11	11	11	11	11	11	11	11	11	11	11	11	11	
48	0	0	0	35	0	0	0	35	0	0	35	35	0	0	35	35	11	11	11	11	11	11	11	11	11	11	11	11	11	11	11	11	
49	35	35	35	35	35	35	35	0	35	35	0	0	35	35	0	0	11	11	11	11	11	11	11	11	11	11	11	12	11	11	11	12	
50	0	112	112	112	0	112	112	112	0	112	112	112	112	112	112	112	12	14	15	14	13	15	15	15	14	15	15	15	14	15	15	15	
51	112	3	3	3	112	3	3	3	112	3	3	3	112	3	3	3	13	11	11	11	14	12	11	11	14	12	11	11	13	11	11	11	
52	3	3	3	3	3	3	3	3	3	2	3	2	3	3	3	3	11	11	11	11	11	11	11	11	11	11	11	11	11	11	11	11	
53	3	3	3	3	3	3	3	3	2	3	3	3	3	3	3	3	11	11	11	11	11	11	11	11	11	11	11	11	11	11	11	11	
54	3	3	3	3	3	2	3	3	3	3	3	3	3	3	3	3	11	11	11	11	11	11	11	11	11	11	11	11	11	11	11	11	
55	3	3	3	3	2	3	3	3	3	3	3	2	3	3	3	3	11	11	11	11	11	11	11	11	11	11	11	11	11	11	11	11	
56	3	3	3	3	3	3	3	3	3	3	3	3	3	3	2	3	11	11	11	11	11	11	11	11	11	11	11	11	11	11	11	11	
57	2	3	3	3	3	3	3	3	3	3	3	3	3	3	3	3	11	11	11	11	11	11	11	11	11	11	11	11	11	11	11	11	
58	2	3	3	3	3	3	3	3	3	3	3	3	3	3	3	3	11	11	11	11	11	11	11	11	11	11	11	11	11	11	11	11	
59	3	2	3	3	3	3	3	3	3	3	3	3	3	2	3	3	11	11	11	11	11	11	11	11	11	11	11	11	11	11	11	11	
60	6	6	6	6	6	6	6	6	6	6	6	6	6	6	6	6	0	0	0	0	0	0	0	0	0	0	0	0	0	0	0	0	
61	15	15	15	15	15	15	15	15	15	15	15	15	15	15	15	15	0	0	0	0	0	0	0	1	0	0	0	1	0	0	0	1	
62	15	15	15	15	15	15	15	15	15	15	15	15	15	15	15	15	1	1	1	2	1	1	1	2	1	1	1	2	1	1	1	2	
63	15	15	15	15	15	15	15	15	15	15	15	15	15	15	15	15	2	3	3	4	2	3	3	4	2	3	3	4	2	3	3	4	
64	15	15	157	2	15	15	157	2	15	15	157	15	15	15	157	2	4	5	7	7	4	5	7	7	4	5	7	7	5	5	7	7	
65	15	2	2	0	15	2	2	0	15	2	2	0	15	2	2	0	7	7	8	8	7	7	8	8	7	7	8	8	7	7	8	8	
66	35	35	35	35	35	35	35	35	35	35	35	35	35	35	35	35	9	9	9	10	9	9	9	10	9	9	9	10	9	9	9	10	
67	0	0	0	0	0	0	0	0	2	0	0	0	2	0	0	0	10	10	10	11	10	10	10	11	10	10	10	11	10	10	10	11	
68	0	0	0	0	0	0	0	0	0	0	2	0	0	0	0	0	11	11	11	11	11	11	11	11	11	11	11	11	11	11	11	11	
69	2	2	0	0	2	0	0	0	0	0	0	0	0	0	0	0	11	11	11	11	11	11	11	11	11	11	11	11	11	11	11	11	
70	0	0	0	0	0	0	0	0	0	0	0	90	0	0	0	90	11	11	11	11	11	11	11	11	11	11	11	11	11	11	11	11	
71	0	21	0	0	0	21	21	0	90	90	21	0	98	90	21	0	11	11	11	11	11	11	11	11	11	11	11	11	11	11	11	11	
72	0	0	0	0	0	0	0	0	0	0	2	0	0	0	0	0	11	11	11	11	11	11	11	11	11	11	11	11	11	11	11	11	
73	0	0	0	0	0	0	0	0	0	0	0	0	0	0	0	0	11	11	11	11	11	11	11	11	11	11	11	11	11	11	11	11	
74	0	0	0	0	0	0	0	0	0	0	0	0	0	0	0	0	11	11	11	11	11	11	11	11	11	11	11	11	11	11	11	11	
75	0	0	0	0	0	2	0	0	0	0	0	0	0	0	0	0	11	11	11	11	11	11	11	11	11	11	11	11	11	11	11	11	
76	0	0	0	0	0	0	0	0	0	0	0	0	0	2	0	0	11	11	11	11	11	11	11	11	11	11	11	11	11	11	11	11	
77	0	0	0	0	2	0	0	0	0	0	0	0	0	2	0	0	11	11	11	11	11	11	11	11	11	11	11	11	11	11	11	11	
78	0	0	0	0	0	0	0	0	0	0	0	0	2	0	0	0	11	11	11	11	11	11	11	11	11	11	11	11	11	11	11	11	
79	0	0	0	0	0	0	0	0	0	0	0	0	2	0	0	0	11	11	11	11	11	11	11	11	11	11	11	11	11	11	11	11	
80	0	112	111	111	0	112	111	111	0	112	111	111	0	112	111	111	12	14	15	15	12	14	15	15	12	14	15	15	12	14	15	15	
81	111	112	0	19	111	112	0	19	111	112	0	19	111	112	0	19	15	14	12	11	15	14	12	11	15	14	12	11	15	13	12	11	
82	19	19	19	19	19	19	19	19	19	19	19	19	19	19	19	19	11	11	11	11	11	11	11	11	11	11	11	11	11	11	11	11	
83	19	19	19	19	19	19	19	19	19	19	19	19	19	19	19	19	11	11	11	11	11	11	11	11	11	11	11	11	11	11	11	11	
84	19	19	19	19	19	19	19	19	19	19	19	19	19	19	19	19	11	11	11	11	11	11	11	11	11	11	11	11	11	11	11	11	
85	19	19	19	19	19	19	19	19	19	19	19	19	19	19	19	19	11	11	11	11	11	11	11	11	11	11	11	11	11	11	11	11	
86	19	19	19	19	19	19	19	19	19	19	19	19	19	19	19	19	11	11	11	11	11	11	11	11	11	11	11	11	11	11	11	11	
87	19	19	19	19	19	19	19	19	19	19	19	19	19	19	19	19	11	11	11	11	11	11	11	11	11	11	11	11	11	11	11	11	
88	19	19	112	111	19	19	112	112	19	19	19	112	19	19	19	112	12	13	14	15	11	12	14	15	11	12	13	14	11	11	12	14	
89	111	112	112	0	111	111	112	0	111	111	112	112	112	111	111	112	15	15	13	12	15	15	14	12	15	15	14	13	15	15	15	14	
90	35	35	35	35	2	35	35	35	0	35	35	35	112	0	35	35	11	11	11	11	11	11	11	11	11	11	11	11	13	12	11	11	
91	35	0	0	19	35	35	0	0	35	35	0	0	35	35	35	0	11	11	11	11	11	11	11	11	11	11	11	11	11	11	11	11	
92	19	19	19	19	19	19	19	19	0	2	19	19	2	0	19	19	11	11	11	11	11	11	11	11	11	11	11	11	11	11	11	11	
93	19	19	19	19	19	19	19	19	19	19	19	19	19	19	19	19	11	11	11	11	11	11	11	11	11	11	11	11	11	11	11	11	
94	19	19	19	19	19	19	19	19	19	19	19	19	19	19	19	19	11	11	11	11	11	11	11	11	11	11	11	11	11	11	11	11	
95	19	19	19	19	19	19	19	19	19	19	19	19	19	19	19	19	11	11	11	11	11	11	11	11	11	11	11	11	11	11	11	11	
96	19	19	19	19	19	19	19	19	19	19	19	19	19	19	19	19	11	11	11	11	11	11	11	11	11	11	11	11	11	11	11	11	
97	19	19	19	19	19	19	19	19	19	19	19	19	19	19	19	19	11	11	11	11	11	11	11	11	11	11	11	11	11	11	11	11	
98	19	19	19	19	19	19	19	19	19	19	19	19	19	19	19	19	11	11	11	11	11	11	11	11	11	11	11	11	11	11	11	11	
99	19	19	19	19	19	19	19	19	19	19	19	19	19	19	19	19	11	11	11	11	11	11	11	11	11	11	11	11	11	11	11	11	
100	19	19	19	19	19	19	19	19	19	19	19	19	19	19	19	19	11	11	11	11	11	11	11	11	11	11	11	11	11	11	11	11	
101	19	19	19	19	19	19	19	19	19	19	19	19	19	19	19	19	11	11	11	11	11	11	11	11	11	11	11	11	11	11	11	11	
102	19	19	19	19	19	19	19	0	19	19	0	35	19	19	35	35	11	11	11	11	11	11	11	11	11	11	11	11	11	11	11	11	
103	35	35	35	35	35	35	35	35	35	35	35	35	35	35	35	2	11	11	11	11	11	11	11	11	11	11	11	11	11	11	11	11	
104	35	35	0	72	35	0	54	54	2	2	63	48	2	72	54	48	11	11	11	11	11	11	11	11	11	11	11	11	11	11	11	11	
105	48	54	54	72	48	48	48	54	48	48	48	72	48	48	63	54	11	11	11	11	11	11	11	11	11	11	11	11	11	11	11	11	
106	0	0	0	2	0	0	0	0	0	0	0	0	0	0	0	0	11	11	11	11	11	11	11	11	11	11	11	11	11	11	11	11	
107	0	2	0	0	0	0	0	0	0	0	0	0	0	0	0	0	11	11	11	11	11	11	11	11	11	11	11	11	11	11	11	11	
108	0	0	35	35	0	35	35	35	0	35	35	35	0	35	35	35	11	11	11	11	11	11	11	11	11	11	11	11	11	11	11	11	
109	35	35	0	0	35	35	0	0	35	0	0	112	35	0	0	112	11	11	11	13	11	11	12	14	11	11	12	13	11	11	13	14	
110	112	112	112	112	112	112	112	112	112	112	112	3	112	112	112	3	14	15	15	14	15	15	15	13	15	15	14	12	15	15	14	12	
111	112	3	3	3	3	3	3	3	3	3	3	3	3	3	3	3	13	11	11	11	11	11	11	11	11	11	11	11	11	11	11	11	
112	3	3	2	3	2	3	3	3	3	3	3	3	3	3	3	3	11	11	11	11	11	11	11	11	11	11	11	11	11	11	11	11	
113	3	3	3	3	2	3	3	3	3	3	3	2	3	3	3	3	11	11	11	11	11	11	11	11	11	11	11	11	11	11	11	11	
114	3	2	3	3	2	30	2	3	30	10	30	2	2	30	2	3	11	11	11	11	11	11	11	11	11	11	11	11	11	11	11	11	
115	3	3	3	3	3	3	3	3	3	3	3	3	3	3	3	2	11	11	11	11	11	11	11	11	11	11	11	11	11	11	11	11	
116	3	3	3	3	3	3	3	3	3	3	3	3	3	3	3	3	11	11	11	11	11	11	11	11	11	11	11	11	11	11	11	11	
117	3	3	3	3	3	3	3	3	3	3	3	3	3	3	3	3	11	11	11	11	11	11	11	11	11	11	11	11	11	11	11	11	
118	3	3	3	3	3	3	2	3	3	3	3	3	3	3	3	3	11	11	11	11	11	11	11	11	11	11	11	11	11	11	11	11	
119	3	3	3	3	3	3	3	3	3	3	3	3	3	3	3	3	11	11	11	11	11	11	11	11	11	11	11	11	11	11	11	11	
120	6	6	6	6	6	6	6	6	6	6	6	6	6	6	6	6	0	0	0	0	0	0	0	0	0	0	0	0	0	0	0	0	
121	15	15	15	15	15	15	15	15	15	15	15	15	15	15	15	15	0	0	0	1	0	0	0	1	0	0	0	1	0	0	1	1	
122	15	15	15	15	15	15	15	15	15	15	15	15	15	15	15	15	1	1	2	2	1	1	2	2	1	1	2	2	1	1	2	2	
123	15	15	15	15	15	15	15	15	15	15	15	15	15	15	15	15	2	3	4	4	3	3	4	4	3	3	4	4	3	3	4	4	
124	15	15	157	2	15	15	157	2	15	15	157	15	15	15	157	15	5	5	7	7	5	5	7	7	5	5	7	7	5	6	7	7	
125	2	2	2	2	15	0	2	2	2	0	0	2	2	0	0	0	7	7	8	8	7	7	8	8	7	7	8	8	7	8	8	9	
126	35	35	35	35	35	35	35	35	35	35	35	35	35	35	35	35	9	9	9	10	9	9	10	10	9	9	10	10	9	9	10	10	
127	0	0	0	0	0	0	0	0	0	0	0	0	2	0	0	0	10	10	10	11	10	10	10	11	10	10	10	11	10	10	10	11	
128	0	0	2	2	0	0	0	0	0	0	0	0	0	0	2	0	11	11	11	11	11	11	11	11	11	11	11	11	11	11	11	11	
129	0	0	0	0	0	0	0	0	0	0	0	0	0	2	0	0	11	11	11	11	11	11	11	11	11	11	11	11	11	11	11	11	
130	0	0	0	90	0	0	0	0	0	0	0	0	0	0	0	0	11	11	11	11	11	11	11	11	11	11	11	11	11	11	11	11	
131	90	90	21	21	0	0	0	21	0	0	0	21	0	0	0	0	11	11	11	11	11	11	11	11	11	11	11	11	11	11	11	11	
132	0	0	0	2	0	0	0	0	21	0	0	0	21	0	0	0	11	11	11	11	11	11	11	11	11	11	11	11	11	11	11	11	
133	0	0	0	0	0	0	0	0	0	0	2	0	0	0	0	0	11	11	11	11	11	11	11	11	11	11	11	11	11	11	11	11	
134	0	0	0	0	0	0	0	0	0	0	0	0	0	0	0	0	11	11	11	11	11	11	11	11	11	11	11	11	11	11	11	11	
135	0	0	0	0	0	0	0	0	0	0	0	0	0	0	0	0	11	11	11	11	11	11	11	11	11	11	11	11	11	11	11	11	
136	0	0	0	0	0	0	0	0	0	0	0	0	0	0	0	0	11	11	11	11	11	11	11	11	11	11	11	11	11	11	11	11	
137	0	0	0	0	0	0	0	0	0	0	0	0	0	0	0	0	11	11	11	11	11	11	11	11	11	11	11	11	11	11	11	11	
138	0	0	0	0	0	0	0	0	0	0	0	2	0	0	0	0	11	11	11	11	11	11	11	11	11	11	11	11	11	11	11	11	
139	0	0	0	0	0	0	0	0	0	0	0	0	0	0	0	0	11	11	11	11	11	11	11	11	11	11	11	11	11	11	11	11	
140	0	112	111	111	0	112	111	111	0	112	111	111	0	112	111	111	12	14	15	15	12	13	15	15	11	13	15	15	11	13	15	15	
141	111	112	0	19	111	112	0	19	111	112	0	19	111	112	0	19	15	13	11	11	15	13	11	11	15	13	11	11	15	14	12	11	
142	19	19	19	19	19	19	19	19	19	19	19	19	19	19	19	19	11	11	11	11	11	11	11	11	11	11	11	11	11	11	11	11	
143	19	19	19	19	19	19	19	19	19	19	19	19	19	19	19	19	11	11	11	11	11	11	11	11	11	11	11	11	11	11	11	11	
144	19	19	19	19	19	19	19	19	19	19	19	19	19	19	19	19	11	11	11	11	11	11	11	11	11	11	11	11	11	11	11	11	
145	19	19	19	19	19	19	19	19	19	19	19	19	19	19	19	19	11	11	11	11	11	11	11	11	11	11	11	11	11	11	11	11	
146	19	19	19	19	19	19	19	19	19	19	19	19	19	19	19	19	11	11	11	11	11	11	11	11	11	11	11	11	11	11	11	11	
147	19	19	19	19	19	19	19	19	19	19	19	19	19	19	19	19	11	11	11	11	11	11	11	11	11	11	11	11	11	11	11	11	
148	19	19	19	19	19	19	19	19	19	19	19	19	19	19	19	19	11	11	12	13	11	11	11	12	11	11	11	11	11	11	11	11	
149	112	112	111	111	19	112	111	111	19	112	112	111	19	19	112	111	15	15	15	15	13	14	15	15	12	14	15	15	12	13	15	15	
150	112	112	2	35	111	112	0	35	111	112	112	0	111	111	112	0	14	12	11	11	15	13	12	11	15	14	13	12	15	15	14	13	
151	35	35	35	35	35	35	35	35	35	35	35	35	0	35	35	35	11	11	11	11	11	11	11	11	11	11	11	11	11	11	11	11	
152	0	2	0	19	35	0	0	19	35	35	0	0	35	35	35	0	11	11	11	11	11	11	11	11	11	11	11	11	11	11	11	11	
153	19	19	19	19	19	19	19	19	19	19	19	19	0	19	19	19	11	11	11	11	11	11	11	11	11	11	11	11	11	11	11	11	
154	19	19	19	19	19	19	19	19	19	19	19	19	19	19	19	19	11	11	11	11	11	11	11	11	11	11	11	11	11	11	11	11	
155	19	19	19	19	19	19	19	19	19	19	19	19	19	19	19	19	11	11	11	11	11	11	11	11	11	11	11	11	11	11	11	11	
156	19	19	19	19	19	19	19	19	19	19	19	19	19	19	19	19	11	11	11	11	11	11	11	11	11	11	11	11	11	11	11	11	
157	19	19	19	19	19	19	19	19	19	19	19	19	19	19	19	19	11	11	11	11	11	11	11	11	11	11	11	11	11	11	11	11	
158	19	19	19	19	19	19	19	19	19	19	19	19	19	19	19	19	11	11	11	11	11	11	11	11	11	11	11	11	11	11	11	11	
159	19	19	19	19	19	19	19	19	19	19	19	19	19	19	19	19	11	11	11	11	11	11	11	11	11	11	11	11	11	11	11	11	
160	19	19	19	19	19	19	19	19	19	19	19	19	19	19	19	19	11	11	11	11	11	11	11	11	11	11	11	11	11	11	11	11	
161	19	19	19	19	19	19	19	2	19	19	19	0	19	19	0	35	11	11	11	11	11	11	11	11	11	11	11	11	11	11	11	11	
162	19	0	35	35	0	35	35	35	35	35	35	35	35	35	35	35	11	11	11	11	11	11	11	11	11	11	11	11	11	11	11	11	
163	35	35	35	0	35	35	0	0	35	0	0	0	0	0	0	0	11	11	11	11	11	11	11	11	11	11	11	11	11	11	11	11	
164	0	54	48	48	0	54	72	54	0	0	0	54	0	0	0	0	11	11	11	11	11	11	11	11	11	11	11	11	11	11	11	11	
165	48	48	54	2	48	72	54	0	72	54	0	0	0	0	0	0	11	11	11	11	11	11	11	11	11	11	11	11	11	11	11	11	
166	2	0	0	0	2	2	0	0	0	0	2	2	0	0	0	0	11	11	11	11	11	11	11	11	11	11	11	11	11	11	11	11	
167	0	0	106	0	2	0	0	0	2	0	0	0	0	0	0	0	11	11	11	11	11	11	11	11	11	11	11	11	11	11	11	11	
168	0	35	35	35	35	35	35	35	35	35	35	35	35	35	35	35	11	11	11	11	11	11	11	11	11	11	11	11	11	11	11	11	
169	35	0	0	112	0	0	112	112	0	0	112	112	0	112	112	112	11	11	13	15	11	12	14	15	11	12	14	15	12	14	15	15	
170	112	112	112	3	112	112	3	3	112	112	3	3	112	112	3	3	15	15	13	12	15	15	13	11	15	14	13	11	15	13	11	11	
171	3	3	3	3	3	3	3	3	3	3	3	2	3	3	3	3	11	11	11	11	11	11	11	11	11	11	11	11	11	11	11	11	
172	3	2	3	3	3	3	3	3	3	3	3	3	3	2	3	2	11	11	11	11	11	11	11	11	11	11	11	11	11	11	11	11	
173	3	3	3	3	3	2	3	3	3	3	2	3	3	3	2	3	11	11	11	11	11	11	11	11	11	11	11	11	11	11	11	11	
174	3	2	3	3	3	3	3	3	3	3	3	3	2	3	3	3	11	11	11	11	11	11	11	11	11	11	11	11	11	11	11	11	
175	3	3	3	3	3	3	3	3	3	3	3	3	3	2	3	3	11	11	11	11	11	11	11	11	11	11	11	11	11	11	11	11	
176	3	2	3	3	3	3	2	3	3	3	3	3	3	2	3	3	11	11	11	11	11	11	11	11	11	11	11	11	11	11	11	11	
177	3	2	3	3	3	3	3	3	3	3	3	3	3	3	3	3	11	11	11	11	11	11	11	11	11	11	11	11	11	11	11	11	
178	3	3	3	3	3	3	3	3	3	3	3	3	3	3	3	2	11	11	11	11	11	11	11	11	11	11	11	11	11	11	11	11	
179	3	3	3	3	3	2	3	3	3	3	3	3	3	3	3	3	11	11	11	11	11	11	11	11	11	11	11	11	11	11	11	11	
180	6	6	6	6	6	6	6	6	6	6	6	6	6	6	6	6	0	0	0	0	0	0	0	0	0	0	0	0	0	0	0	0	
181	6	15	15	15	6	15	15	15	6	15	15	15	6	15	15	15	0	0	1	1	0	0	1	1	0	0	1	1	0	0	1	1	
182	15	15	15	15	15	15	15	15	15	15	15	15	15	15	15	15	1	1	2	2	1	2	2	2	1	2	2	3	1	2	2	3	
183	15	15	15	15	15	15	15	15	15	15	15	15	15	15	15	15	3	3	4	4	3	3	4	4	3	4	4	5	3	4	4	5	
184	15	15	157	2	15	15	157	2	15	15	157	2	15	15	157	2	5	6	7	7	5	6	7	7	5	6	7	7	5	6	7	7	
185	2	0	0	0	15	0	0	0	15	0	0	0	2	2	0	0	7	8	8	9	7	8	8	9	7	8	8	9	7	8	8	9	
186	35	35	35	35	35	35	35	35	35	35	35	35	35	35	35	35	9	9	10	10	9	9	10	10	9	9	10	10	9	9	10	10	
187	2	0	0	0	0	0	0	0	0	0	0	0	0	0	0	0	10	10	10	11	10	10	11	11	10	10	11	11	10	10	11	11	
188	0	0	0	0	0	0	0	0	0	0	0	0	0	0	2	0	11	11	11	11	11	11	11	11	11	11	11	11	11	11	11	11	
189	0	0	0	0	0	0	0	0	0	2	0	0	0	0	0	0	11	11	11	11	11	11	11	11	11	11	11	11	11	11	11	11	
190	0	0	0	0	0	0	0	0	2	0	0	0	0	0	0	0	11	11	11	11	11	11	11	11	11	11	11	11	11	11	11	11	
191	0	0	0	0	0	0	0	0	0	0	0	0	0	0	0	0	11	11	11	11	11	11	11	11	11	11	11	11	11	11	11	11	
192	21	0	0	0	21	21	0	0	0	21	0	0	0	21	90	90	11	11	11	11	11	11	11	11	11	11	11	11	11	11	11	11	
193	0	0	0	0	0	0	0	0	0	0	0	0	90	0	0	0	11	11	11	11	11	11	11	11	11	11	11	11	11	11	11	11	
194	0	0	0	0	0	0	0	0	2	0	0	0	0	0	0	0	11	11	11	11	11	11	11	11	11	11	11	11	11	11	11	11	
195	0	0	0	0	0	0	0	0	2	0	0	0	0	0	0	0	11	11	11	11	11	11	11	11	11	11	11	11	11	11	11	11	
196	0	0	0	2	0	0	0	0	0	0	0	0	0	0	0	0	11	11	11	11	11	11	11	11	11	11	11	11	11	11	11	11	
197	0	0	0	0	0	0	0	0	0	0	0	0	0	0	0	0	11	11	11	11	11	11	11	11	11	11	11	11	11	11	11	11	
198	0	0	0	0	0	0	0	0	0	2	0	0	0	0	0	0	11	11	11	11	11	11	11	11	11	11	11	11	11	11	11	11	
199	0	0	0	0	0	0	0	0	0	0	0	0	0	0	0	0	11	11	11	11	11	11	11	11	11	11	11	11	11	11	11	11	
200	0	112	111	111	0	112	111	111	0	112	111	111	0	112	111	111	12	14	15	15	13	14	15	15	13	15	15	15	13	15	15	15	
201	111	112	0	19	111	112	0	19	111	112	0	19	111	112	0	19	15	14	12	11	15	14	12	11	15	14	12	11	15	14	12	11	
202	19	19	19	19	19	19	19	19	19	19	19	19	19	19	19	19	11	11	11	11	11	11	11	11	11	11	11	11	11	11	11	11	
203	19	19	19	19	19	19	19	19	19	19	19	19	19	19	19	19	11	11	11	11	11	11	11	11	11	11	11	11	11	11	11	11	
204	19	19	19	19	19	19	19	19	19	19	19	19	19	19	19	19	11	11	11	11	11	11	11	11	11	11	11	11	11	11	11	11	
205	19	19	19	19	19	19	19	19	19	19	19	19	19	19	19	19	11	11	11	11	11	11	11	11	11	11	11	11	11	11	11	11	
206	19	19	19	19	19	19	19	19	19	19	19	19	19	19	19	19	11	11	11	11	11	11	11	11	11	11	11	11	11	11	11	11	
207	19	19	19	19	19	19	19	19	19	19	19	19	19	19	19	19	11	11	11	11	11	11	11	11	11	11	11	11	11	11	11	11	
208	19	19	19	19	19	19	19	19	19	19	19	19	19	2	19	19	11	11	11	11	11	11	11	11	11	11	11	11	11	11	11	11	
209	19	19	112	111	19	19	112	111	19	19	112	112	19	19	2	112	11	13	14	15	11	12	14	15	11	11	13	13	11	11	11	12	
210	111	111	112	112	111	111	111	112	111	111	111	111	112	112	112	111	15	15	15	13	15	15	15	15	14	14	15	15	12	14	15	15	
211	0	0	35	35	112	2	0	35	112	112	0	0	111	112	112	0	13	12	11	11	14	12	11	11	15	13	12	11	15	14	13	11	
212	35	35	35	35	35	35	35	35	35	35	35	35	0	35	35	35	11	11	11	11	11	11	11	11	11	11	11	11	11	11	11	11	
213	0	0	19	19	35	0	2	0	35	35	0	0	35	35	35	2	11	11	11	11	11	11	11	11	11	11	11	11	11	11	11	11	
214	19	19	19	19	19	19	19	19	2	19	19	19	0	2	19	19	11	11	11	11	11	11	11	11	11	11	11	11	11	11	11	11	
215	19	19	19	19	19	19	19	19	19	19	19	19	19	19	19	19	11	11	11	11	11	11	11	11	11	11	11	11	11	11	11	11	
216	19	19	19	19	19	19	19	19	19	19	19	19	19	19	19	19	11	11	11	11	11	11	11	11	11	11	11	11	11	11	11	11	
217	19	19	19	19	19	19	19	19	19	19	19	19	19	19	19	19	11	11	11	11	11	11	11	11	11	11	11	11	11	11	11	11	
218	19	19	19	19	19	19	19	19	19	19	19	19	19	19	19	19	11	11	11	11	11	11	11	11	11	11	11	11	11	11	11	11	
219	19	19	19	19	19	19	19	19	19	19	19	19	19	19	19	19	11	11	11	11	11	11	11	11	11	11	11	11	11	11	11	11	
220	19	19	19	19	19	19	19	19	19	19	2	0	19	2	0	0	11	11	11	11	11	11	11	11	11	11	11	11	11	11	11	11	
221	2	0	35	35	2	0	35	35	0	35	35	35	35	35	35	35	11	11	11	11	11	11	11	11	11	11	11	11	11	11	11	11	
222	35	35	35	0	35	35	35	0	35	35	106	0	35	0	0	0	11	11	11	11	11	11	11	11	11	11	11	11	11	11	11	11	
223	0	0	0	0	90	90	90	0	90	95	90	0	90	90	90	0	11	11	11	11	11	11	11	11	11	11	11	11	11	11	11	11	
224	0	0	0	0	0	2	0	0	0	0	0	0	0	0	0	0	11	11	11	11	11	11	11	11	11	11	11	11	11	11	11	11	
225	0	0	0	0	0	0	0	0	0	0	0	0	0	0	0	0	11	11	11	11	11	11	11	11	11	11	11	11	11	11	11	11	
226	2	0	0	0	0	0	2	90	0	0	2	90	0	2	0	90	11	11	11	11	11	11	11	11	11	11	11	11	11	11	11	11	
227	0	0	0	0	90	90	0	35	94	90	0	35	90	90	0	35	11	11	11	11	11	11	11	11	11	11	11	11	11	11	11	11	
228	35	35	35	35	35	35	35	0	35	35	35	0	35	35	35	0	11	11	11	11	11	11	11	11	11	11	11	11	11	11	11	11	
229	0	112	112	112	0	112	112	112	0	112	112	112	0	112	112	112	13	14	15	15	13	15	15	15	12	14	15	15	12	14	15	15	
230	112	112	3	3	112	3	3	3	112	3	3	3	112	112	3	3	15	13	11	11	14	13	11	11	14	13	12	11	15	14	12	11	
231	3	3	3	3	3	2	3	2	3	3	3	3	3	3	3	3	11	11	11	11	11	11	11	11	11	11	11	11	11	11	11	11	
232	3	3	3	2	3	3	2	3	3	2	3	3	3	3	3	3	11	11	11	11	11	11	11	11	11	11	11	11	11	11	11	11	
233	3	3	3	3	3	3	3	3	3	3	3	3	3	3	3	3	11	11	11	11	11	11	11	11	11	11	11	11	11	11	11	11	
234	2	3	3	3	3	2	3	3	3	3	3	3	3	3	3	3	11	11	11	11	11	11	11	11	11	11	11	11	11	11	11	11	
235	3	3	3	3	2	3	2	3	3	3	3	3	3	3	3	3	11	11	11	11	11	11	11	11	11	11	11	11	11	11	11	11	
236	3	3	2	3	3	3	3	3	3	3	3	3	3	3	3	3	11	11	11	11	11	11	11	11	11	11	11	11	11	11	11	11	
237	3	2	3	3	3	3	3	2	3	3	3	3	3	3	3	3	11	11	11	11	11	11	11	11	11	11	11	11	11	11	11	11	
238	3	3	3	3	3	3	3	3	3	3	3	3	3	3	3	3	11	11	11	11	11	11	11	11	11	11	11	11	11	11	11	11	
239	3	3	3	3	3	3	3	3	3	3	3	3	3	3	2	3	11	11	11	11	11	11	11	11	11	11	11	11	11	11	11	11	
240	6	6	6	6	6	6	6	6	6	6	6	6	6	6	6	6	0	0	0	0	0	0	0	0	0	0	0	0	0	0	0	0	
241	6	15	15	15	6	15	15	15	6	15	15	15	6	15	15	15	0	1	1	1	0	1	1	1	0	1	1	1	0	1	1	1	
242	15	15	15	15	15	15	15	15	15	15	15	15	15	15	15	15	1	2	2	3	1	2	2	3	2	2	3	3	2	2	3	3	
243	15	15	15	15	15	15	15	15	15	15	15	15	15	15	15	15	3	4	4	5	3	4	4	5	3	4	4	5	4	4	5	5	
244	15	15	157	2	15	15	157	2	15	15	157	15	15	15	157	2	5	6	7	7	6	6	7	7	6	6	7	7	6	6	7	7	
245	15	2	2	0	15	2	2	0	15	2	0	0	2	2	0	0	8	8	9	9	8	8	9	9	8	8	9	9	8	8	9	9	
246	35	35	35	35	35	35	35	35	0	35	35	35	0	35	35	35	9	10	10	10	9	10	10	10	9	10	10	10	9	10	10	10	
247	0	0	0	0	0	0	0	0	0	0	0	0	0	0	2	0	10	10	11	11	10	10	11	11	10	10	11	11	10	11	11	11	
248	0	0	0	0	0	0	0	0	0	0	0	0	0	0	2	0	11	11	11	11	11	11	11	11	11	11	11	11	11	11	11	11	
249	0	0	0	0	0	0	0	0	0	0	0	0	0	0	0	0	11	11	11	11	11	11	11	11	11	11	11	11	11	11	11	11	
250	0	0	0	0	0	0	2	0	0	0	2	0	0	0	0	0	11	11	11	11	11	11	11	11	11	11	11	11	11	11	11	11	
251	0	0	0	0	0	0	0	0	0	0	0	0	0	0	0	0	11	11	11	11	11	11	11	11	11	11	11	11	11	11	11	11	
252	0	21	21	95	0	0	21	90	0	0	21	21	0	0	0	21	11	11	11	11	11	11	11	11	11	11	11	11	11	11	11	11	
253	90	0	0	0	90	0	0	2	0	0	0	0	0	0	2	0	11	11	11	11	11	11	11	11	11	11	11	11	11	11	11	11	
254	0	0	0	0	0	0	0	0	0	0	0	0	0	0	0	0	11	11	11	11	11	11	11	11	11	11	11	11	11	11	11	11	
255	0	0	0	0	0	0	0	0	0	0	0	0	0	0	0	0	11	11	11	11	11	11	11	11	11	11	11	11	11	11	11	11	
256	0	0	0	0	2	0	0	0	0	0	0	0	0	0	0	0	11	11	11	11	11	11	11	11	11	11	11	11	11	11	11	11	
257	0	0	0	0	0	0	0	0	0	0	2	0	0	0	0	0	11	11	11	11	11	11	11	11	11	11	11	11	11	11	11	11	
258	0	0	0	2	0	0	0	0	0	0	0	0	0	0	0	0	11	11	11	11	11	11	11	11	11	11	11	11	11	11	11	11	
259	0	0	0	0	0	0	0	0	0	0	0	0	0	0	0	0	11	11	11	11	11	11	11	12	11	11	11	12	11	11	11	11	
260	0	112	111	111	112	112	111	111	112	111	111	111	112	111	111	111	13	15	15	15	13	15	15	15	14	15	15	15	13	14	15	15	
261	112	112	0	19	112	0	19	19	112	0	19	19	112	0	19	19	15	13	12	11	14	12	11	11	13	12	11	11	14	12	11	11	
262	19	19	19	19	19	19	19	19	19	19	19	19	19	19	19	19	11	11	11	11	11	11	11	11	11	11	11	11	11	11	11	11	
263	19	19	19	19	19	19	19	19	19	19	19	19	19	19	19	19	11	11	11	11	11	11	11	11	11	11	11	11	11	11	11	11	
264	19	19	19	19	19	19	19	19	19	19	19	19	19	19	19	19	11	11	11	11	11	11	11	11	11	11	11	11	11	11	11	11	
265	19	19	19	19	19	19	19	19	19	19	19	19	19	19	19	19	11	11	11	11	11	11	11	11	11	11	11	11	11	11	11	11	
266	19	19	19	19	19	19	19	19	19	19	19	19	19	19	19	19	11	11	11	11	11	11	11	11	11	11	11	11	11	11	11	11	
267	19	19	19	19	19	19	19	2	19	19	19	19	19	19	19	19	11	11	11	11	11	11	11	11	11	11	11	11	11	11	11	11	
268	2	30	2	19	30	10	30	2	2	30	2	19	19	2	19	19	11	11	11	11	11	11	11	11	11	11	11	11	11	11	11	11	
269	19	19	2	19	19	2	2	19	19	2	19	19	2	2	19	19	11	11	11	11	11	11	11	11	11	11	11	11	11	11	11	11	
270	19	19	112	112	19	19	19	112	19	19	19	19	19	19	19	19	11	12	13	14	11	11	12	13	11	11	11	12	11	11	11	12	
271	111	111	112	0	112	111	112	112	112	111	111	112	112	112	111	111	15	15	13	11	14	15	14	13	14	15	15	14	13	15	15	15	
272	0	0	35	35	0	0	0	35	112	0	0	0	112	112	0	0	11	11	11	11	12	12	11	11	14	13	12	11	15	14	12	11	
273	35	35	35	35	35	35	35	35	35	35	35	35	0	35	35	35	11	11	11	11	11	11	11	11	11	11	11	11	11	11	11	11	
274	0	0	0	19	35	35	0	0	35	35	35	35	35	35	35	35	11	11	11	11	11	11	11	11	11	11	11	11	11	11	11	11	
275	19	19	19	19	2	2	2	19	0	0	0	0	35	35	35	2	11	11	11	11	11	11	11	11	11	11	11	11	11	11	11	11	
276	19	19	19	19	19	19	19	19	19	19	19	19	0	0	0	0	11	11	11	11	11	11	11	11	11	11	11	11	11	11	11	11	
277	19	19	19	19	19	19	19	19	19	19	19	19	0	0	0	0	11	11	11	11	11	11	11	11	11	11	11	11	11	11	11	11	
278	19	19	19	19	19	19	19	19	19	0	2	0	0	0	0	0	11	11	11	11	11	11	11	11	11	11	11	11	11	11	11	11	
279	19	19	19	19	19	19	19	0	0	0	0	0	0	0	0	0	11	11	11	11	11	11	11	11	11	11	11	11	11	11	11	11	
280	0	0	0	35	2	0	35	35	0	35	35	35	35	35	35	35	11	11	11	11	11	11	11	11	11	11	11	11	11	11	11	11	
281	35	35	35	35	35	35	35	0	35	35	0	0	35	0	0	0	11	11	11	11	11	11	11	11	11	11	11	11	11	11	11	12	
282	0	0	0	0	0	0	0	0	0	0	0	0	112	112	0	0	11	11	11	11	11	11	11	11	11	11	11	11	13	13	12	12	
283	0	0	0	0	0	0	0	0	0	2	0	0	0	0	0	2	11	11	11	11	11	11	11	11	11	11	11	11	11	11	11	11	
284	0	0	2	0	0	0	0	0	0	0	0	0	0	0	0	0	11	11	11	11	11	11	11	11	11	11	11	11	11	11	11	11	
285	0	0	0	0	0	0	0	0	0	2	0	0	0	0	2	0	11	11	11	11	11	11	11	11	11	11	11	11	11	11	11	11	
286	0	2	0	0	0	0	0	2	2	2	2	0	2	2	2	0	11	11	11	11	11	11	11	11	11	11	11	11	11	11	11	11	
287	0	0	0	35	0	0	35	35	0	2	35	35	0	0	35	35	11	11	11	11	11	11	11	11	11	11	11	11	11	11	11	11	
288	35	35	0	0	35	35	0	0	35	35	0	0	35	0	0	0	11	11	11	12	11	11	11	12	11	11	11	13	11	11	11	13	
289	112	112	112	112	112	112	112	112	112	112	112	112	112	112	112	112	13	14	15	15	14	15	15	15	14	15	15	15	14	15	15	15	
290	112	112	3	3	112	3	3	3	112	3	3	3	112	3	3	3	15	14	12	11	14	13	12	11	13	12	11	11	14	12	11	11	
291	3	3	3	2	3	3	2	3	3	3	3	3	3	2	3	3	11	11	11	11	11	11	11	11	11	11	11	11	11	11	11	11	
292	3	3	3	2	3	3	3	3	3	3	2	3	3	3	3	3	11	11	11	11	11	11	11	11	11	11	11	11	11	11	11	11	
293	3	3	3	2	3	3	3	3	3	3	3	3	3	3	3	3	11	11	11	11	11	11	11	11	11	11	11	11	11	11	11	11	
294	2	3	3	3	3	3	3	3	3	3	2	3	3	3	3	3	11	11	11	11	11	11	11	11	11	11	11	11	11	11	11	11	
295	3	2	3	3	3	3	3	2	3	3	3	3	3	3	3	3	11	11	11	11	11	11	11	11	11	11	11	11	11	11	11	11	
296	3	2	3	3	3	3	3	3	3	3	2	3	3	3	3	3	11	11	11	11	11	11	11	11	11	11	11	11	11	11	11	11	
297	3	3	3	3	3	3	3	3	3	3	3	3	3	3	3	3	11	11	11	11	11	11	11	11	11	11	11	11	11	11	11	11	
298	3	2	2	3	3	3	3	3	3	3	3	3	3	3	3	3	11	11	11	11	11	11	11	11	11	11	11	11	11	11	11	11	
299	3	3	3	3	3	3	3	3	3	3	3	3	3	3	2	3	11	11	11	11	11	11	11	11	11	11	11	11	11	11	11	11	
300	6	6	6	6	6	6	6	6	6	6	6	6	6	6	6	6	0	0	0	0	0	0	0	0	0	0	0	0	0	0	0	0	
301	6	15	15	15	6	15	15	15	6	15	15	15	6	15	15	15	0	1	1	1	1	1	1	1	1	1	1	1	1	1	1	2	
302	15	15	15	15	15	15	15	15	15	15	15	15	15	15	15	15	2	2	3	3	2	2	3	3	2	2	3	3	2	2	3	3	
303	15	15	15	15	15	15	15	15	15	15	15	15	15	15	15	15	4	4	5	5	4	4	5	5	4	4	5	5	4	4	5	6	
304	15	15	157	15	15	15	157	15	15	15	157	2	15	15	157	2	6	6	7	7	6	6	7	7	6	6	7	8	6	6	7	8	
305	2	0	0	0	2	2	2	0	2	2	2	2	15	2	2	2	8	8	9	9	8	8	9	9	8	9	9	9	8	9	9	9	
306	0	35	35	35	0	35	35	35	2	35	35	35	2	35	35	35	9	10	10	10	9	10	10	10	10	10	10	10	10	10	10	10	
307	35	0	2	0	35	0	0	2	35	2	2	0	35	0	0	2	10	11	11	11	10	11	11	11	10	11	11	11	10	11	11	11	
308	0	0	0	0	0	0	0	0	2	2	2	0	0	0	0	0	11	11	11	11	11	11	11	11	11	11	11	11	11	11	11	11	
309	0	0	0	0	0	0	0	0	0	0	0	0	0	0	0	2	11	11	11	11	11	11	11	11	11	11	11	11	11	11	11	11	
310	0	2	0	0	0	0	2	0	0	0	0	0	0	0	0	0	11	11	11	11	11	11	11	11	11	11	11	11	11	11	11	11	
311	0	0	0	0	0	0	0	0	0	0	0	0	0	0	0	0	11	11	11	11	11	11	11	11	11	11	11	11	11	11	11	11	
312	0	0	0	21	0	0	0	21	0	0	0	0	0	0	0	0	11	11	11	11	11	11	11	11	11	11	11	11	11	11	11	11	
313	0	0	0	2	21	0	0	0	21	0	0	0	21	21	0	0	11	11	11	11	11	11	11	11	11	11	11	11	11	11	11	11	
314	0	0	0	0	0	0	0	0	0	0	2	0	0	0	0	0	11	11	11	11	11	11	11	11	11	11	11	11	11	11	11	11	
315	0	0	0	0	0	0	0	0	0	0	0	0	0	0	0	0	11	11	11	11	11	11	11	11	11	11	11	11	11	11	11	11	
316	0	0	0	0	0	0	0	0	0	0	0	0	0	0	0	0	11	11	11	11	11	11	11	11	11	11	11	11	11	11	11	11	
317	0	0	0	0	0	0	0	0	0	0	0	0	0	0	0	0	11	11	11	11	11	11	11	11	11	11	11	11	11	11	11	11	
318	0	0	0	0	0	0	0	2	0	0	0	0	0	0	0	0	11	11	11	11	11	11	11	11	11	11	11	11	11	11	11	11	
319	0	0	0	0	0	0	0	0	0	0	0	0	0	0	0	0	11	11	11	11	11	11	11	11	11	11	11	11	11	11	11	11	
320	112	111	111	111	112	111	111	111	112	111	111	111	112	111	111	111	12	14	15	15	12	14	15	15	12	14	15	15	13	15	15	15	
321	112	0	19	19	112	0	19	19	112	0	19	19	112	0	19	19	14	12	11	11	14	12	11	11	13	12	11	11	13	11	11	11	
322	19	19	19	19	19	19	19	19	19	19	19	19	19	19	19	19	11	11	11	11	11	11	11	11	11	11	11	11	11	11	11	11	
323	19	19	19	19	19	19	19	19	19	19	19	19	19	19	19	19	11	11	11	11	11	11	11	11	11	11	11	11	11	11	11	11	
324	19	19	19	19	19	19	19	19	19	19	19	19	19	19	19	19	11	11	11	11	11	11	11	11	11	11	11	11	11	11	11	11	
325	19	19	19	19	19	19	19	19	19	19	19	19	19	19	19	19	11	11	11	11	11	11	11	11	11	11	11	11	11	11	11	11	
326	19	19	19	19	19	19	19	19	19	19	19	19	19	19	19	19	11	11	11	11	11	11	11	11	11	11	11	11	11	11	11	11	
327	19	19	19	19	19	19	19	19	19	19	19	19	19	19	19	19	11	11	11	11	11	11	11	11	11	11	11	11	11	11	11	11	
328	19	19	19	19	19	19	19	2	19	19	19	2	19	19	2	2	11	11	11	11	11	11	11	11	11	11	11	11	11	11	11	11	
329	2	19	19	19	2	19	19	19	19	19	19	19	19	19	19	19	11	11	11	11	11	11	11	11	11	11	11	11	11	11	11	11	
330	19	19	19	19	19	19	19	19	19	19	19	19	19	19	19	19	11	11	11	11	11	11	11	11	11	11	11	11	11	11	11	11	
331	19	112	112	111	19	19	112	112	19	19	19	112	19	19	19	19	12	14	15	15	11	13	14	15	11	12	14	15	11	11	12	14	
332	111	112	112	0	111	111	112	112	112	111	111	112	112	112	111	111	15	15	14	13	15	15	15	15	15	15	15	15	14	15	15	15	
333	2	0	35	35	0	0	0	0	112	2	0	2	112	112	112	0	12	11	11	11	13	12	11	11	14	13	12	11	15	14	13	13	
334	35	35	35	35	35	35	35	35	0	0	0	35	0	0	0	2	11	11	11	11	11	11	11	11	11	11	11	11	13	12	11	11	
335	35	35	35	35	35	35	35	35	0	35	35	35	0	0	0	0	11	11	11	11	11	11	11	11	11	11	11	11	11	11	11	11	
336	35	35	35	35	35	35	35	35	35	35	35	35	2	0	0	0	11	11	11	11	11	11	11	11	11	11	11	11	11	11	11	11	
337	35	35	35	35	35	35	35	35	35	35	35	35	0	35	35	35	11	11	11	11	11	11	11	11	11	11	11	11	11	11	11	11	
338	35	35	35	35	35	35	35	35	35	35	35	35	35	35	35	35	11	11	11	11	11	11	11	11	11	11	11	11	11	11	11	11	
339	35	35	35	35	35	35	35	35	35	35	35	35	35	35	35	35	11	11	11	11	11	11	11	11	11	11	11	11	11	11	11	11	
340	35	35	35	35	35	35	35	35	35	35	35	35	35	35	35	35	11	11	11	11	11	11	11	11	11	11	11	11	11	11	11	11	
341	35	0	0	0	0	0	0	0	0	2	2	0	2	30	30	2	11	11	11	12	11	11	11	12	11	11	11	11	11	11	11	11	
342	112	112	112	0	112	112	112	0	0	112	112	0	0	112	112	112	14	15	14	12	13	14	13	12	12	14	13	12	13	14	14	13	
343	0	0	0	0	0	0	0	0	0	0	0	0	0	2	0	0	11	11	11	11	11	11	11	11	11	11	11	11	12	11	11	11	
344	0	0	2	0	0	0	0	0	0	0	0	0	0	0	0	0	11	11	11	11	11	11	11	11	11	11	11	11	11	11	11	11	
345	0	0	2	2	0	2	0	2	0	2	2	30	0	2	30	10	11	11	11	11	11	11	11	11	11	11	11	11	11	11	11	11	
346	2	2	2	0	30	2	0	0	10	30	2	2	10	10	30	2	11	11	11	11	11	11	11	11	11	11	11	11	11	11	11	11	
347	0	2	35	35	2	35	35	35	0	35	35	35	0	35	35	35	11	11	11	11	11	11	11	11	11	11	11	11	11	11	11	11	
348	35	0	0	0	35	0	0	0	35	0	0	0	35	0	0	0	11	11	11	12	11	11	11	13	11	11	12	13	11	11	11	13	
349	112	112	112	112	112	112	112	112	112	112	112	112	112	112	112	112	14	15	15	15	15	15	15	14	15	15	15	14	15	15	15	14	
350	112	3	2	3	112	3	3	3	3	3	3	3	3	3	3	3	14	12	11	11	13	12	11	11	12	11	11	11	12	11	11	11	
351	3	3	3	3	2	3	3	2	3	3	2	2	3	3	2	2	11	11	11	11	11	11	11	11	11	11	11	11	11	11	11	11	
352	3	3	3	3	2	2	2	2	2	2	30	30	2	30	10	10	11	11	11	11	11	11	11	11	11	11	11	11	11	11	11	11	
353	3	3	3	3	2	3	3	3	2	2	3	3	30	2	2	3	11	11	11	11	11	11	11	11	11	11	11	11	11	11	11	11	
354	3	3	2	3	3	3	3	3	3	3	3	3	3	3	3	2	11	11	11	11	11	11	11	11	11	11	11	11	11	11	11	11	
355	3	3	3	3	3	3	3	3	3	3	3	3	3	3	3	3	11	11	11	11	11	11	11	11	11	11	11	11	11	11	11	11	
356	3	3	3	3	3	3	3	3	3	2	3	3	2	30	2	3	11	11	11	11	11	11	11	11	11	11	11	11	11	11	11	11	
357	2	3	3	3	3	3	3	3	3	3	3	3	3	3	3	3	11	11	11	11	11	11	11	11	11	11	11	11	11	11	11	11	
358	3	3	3	3	3	3	3	3	2	3	3	3	3	3	3	3	11	11	11	11	11	11	11	11	11	11	11	11	11	11	11	11	
359	3	3	3	3	3	3	3	3	3	3	3	3	3	3	3	3	11	11	11	11	11	11	11	11	11	11	11	11	11	12	13	13	
360	6	6	6	6	6	6	6	6	6	6	6	6	6	6	6	6	0	0	0	0	0	0	0	0	0	0	0	0	0	0	0	1	
361	6	15	15	15	6	15	15	15	6	15	15	15	6	15	15	15	1	1	1	2	1	1	1	2	1	1	1	2	1	1	1	2	
362	15	15	15	15	15	15	15	15	15	15	15	15	15	15	15	15	2	3	3	3	2	3	3	4	2	3	3	4	2	3	3	4	
363	15	15	15	15	15	15	15	15	15	15	15	15	15	15	15	15	4	5	5	6	4	5	5	6	4	5	5	6	4	5	5	6	
364	15	15	157	2	15	15	157	2	15	15	157	2	15	15	157	2	6	6	7	8	6	6	7	8	6	6	7	8	6	6	7	8	
365	2	2	2	2	2	2	0	0	2	2	0	0	15	2	0	0	8	9	9	9	8	9	9	9	8	9	9	9	8	9	9	9	
366	0	35	35	35	0	0	35	35	0	0	35	35	0	0	35	35	10	10	10	10	10	10	10	10	10	10	10	10	10	10	10	10	
367	35	0	0	0	35	0	0	0	35	35	0	0	35	35	0	0	10	11	11	11	11	11	11	11	11	11	11	11	11	11	11	11	
368	0	0	2	0	0	0	2	0	0	0	0	0	0	0	0	0	11	11	11	11	11	11	11	11	11	11	11	11	11	11	11	11	
369	0	0	0	0	0	0	0	0	0	0	0	0	2	2	0	0	11	11	11	11	11	11	11	11	11	11	11	11	11	11	11	11	
370	0	0	0	0	0	0	0	0	0	0	0	0	0	0	0	0	11	11	11	11	11	11	11	11	11	11	11	11	11	11	11	11	
371	0	0	0	0	0	0	0	0	0	2	0	0	0	0	0	0	11	11	11	11	11	11	11	11	11	11	11	11	11	11	11	11	
372	0	0	90	90	0	0	90	96	0	0	90	90	0	0	0	0	11	11	11	11	11	11	11	11	11	11	11	11	11	11	11	11	
373	90	21	0	0	90	21	0	0	90	21	0	0	0	21	21	0	11	11	11	11	11	11	11	11	11	11	11	11	11	11	11	11	
374	0	0	0	0	0	0	0	0	0	0	0	2	0	0	0	0	11	11	11	11	11	11	11	11	11	11	11	11	11	11	11	11	
375	0	0	0	0	0	0	0	0	0	0	0	0	0	0	0	0	11	11	11	11	11	11	11	11	11	11	11	11	11	11	11	11	
376	0	0	0	0	0	0	0	0	90	90	90	0	90	96	90	0	11	11	11	11	11	11	11	11	11	11	11	11	11	11	11	11	
377	0	0	0	0	0	0	0	0	0	0	0	0	0	21	21	21	11	11	11	11	11	11	11	11	11	11	11	11	11	11	11	11	
378	0	0	0	0	0	0	21	21	21	21	21	0	21	0	0	0	11	11	11	11	11	11	11	11	11	11	11	11	11	11	11	11	
379	21	21	21	0	21	0	0	0	0	0	0	0	0	0	0	0	11	11	11	12	11	11	11	12	11	11	11	11	11	11	11	11	
380	112	111	111	111	112	111	111	111	112	111	111	111	112	111	111	111	14	15	15	15	14	15	15	15	13	14	15	15	13	14	15	15	
381	112	0	19	19	112	0	19	19	112	0	19	19	112	0	19	19	13	11	11	11	13	11	11	11	13	11	11	11	14	12	11	11	
382	19	19	19	19	19	19	19	19	19	19	19	19	19	19	19	19	11	11	11	11	11	11	11	11	11	11	11	11	11	11	11	11	
383	19	19	19	19	19	19	19	19	19	19	19	19	19	19	19	19	11	11	11	11	11	11	11	11	11	11	11	11	11	11	11	11	
384	19	19	19	19	19	19	19	19	19	19	19	19	19	19	19	19	11	11	11	11	11	11	11	11	11	11	11	11	11	11	11	11	
385	19	19	19	19	19	19	19	19	19	19	19	19	19	19	19	19	11	11	11	11	11	11	11	11	11	11	11	11	11	11	11	11	
386	19	19	19	19	19	19	19	19	19	19	19	19	19	19	19	19	11	11	11	11	11	11	11	11	11	11	11	11	11	11	11	11	
387	19	19	19	19	19	19	19	19	19	19	19	19	19	19	19	19	11	11	11	11	11	11	11	11	11	11	11	11	11	11	11	11	
388	19	2	2	2	19	2	2	19	19	2	2	2	2	2	2	30	11	11	11	11	11	11	11	11	11	11	11	11	11	11	11	11	
389	19	19	19	19	19	19	19	19	19	19	19	19	2	19	19	19	11	11	11	11	11	11	11	11	11	11	11	11	11	11	11	11	
390	19	19	19	19	19	19	19	19	19	19	19	19	19	19	19	19	11	11	11	11	11	11	11	11	11	11	11	11	11	11	11	11	
391	19	19	19	19	19	19	19	19	19	19	19	19	19	19	19	19	11	11	11	12	11	11	11	12	11	11	11	11	11	11	11	11	
392	19	112	112	111	19	19	112	112	19	19	19	19	19	19	19	19	14	15	15	15	13	14	14	14	12	12	12	13	11	11	11	11	
393	111	111	112	112	112	111	111	111	112	112	112	111	19	19	112	112	15	15	15	15	15	15	15	15	14	14	14	15	12	12	13	14	
394	112	112	0	0	111	112	112	112	111	111	111	111	112	112	111	111	15	14	13	12	15	15	14	14	15	15	15	15	15	15	15	15	
395	0	0	0	0	112	112	112	112	111	111	111	111	111	111	111	111	13	13	13	12	14	15	14	14	15	15	15	15	15	15	15	15	
396	0	0	2	0	112	112	112	112	111	111	111	111	111	111	111	111	12	12	12	12	14	14	14	13	15	15	15	15	15	15	15	15	
397	0	0	0	0	112	112	0	0	111	112	112	112	111	111	111	111	11	11	11	11	13	13	13	13	14	15	14	14	15	15	15	15	
398	0	0	0	0	0	0	2	0	112	112	0	0	111	112	112	112	11	11	11	11	13	12	11	11	14	13	13	13	15	15	14	15	
399	2	35	35	35	0	0	35	35	0	0	0	35	112	112	0	0	11	11	11	11	11	11	11	11	13	13	12	11	15	14	12	11	
400	35	35	35	35	35	35	35	35	35	35	35	35	35	35	35	35	11	11	11	11	11	11	11	11	11	11	11	11	11	11	11	11	
401	30	10	10	30	30	10	10	30	2	30	30	2	35	2	2	0	11	11	11	11	11	11	11	11	11	11	11	11	11	11	11	11	
402	2	112	112	112	2	112	112	112	0	112	112	112	0	0	112	112	13	15	15	13	13	14	15	14	12	14	15	14	11	13	15	14	
403	0	0	0	0	0	0	0	0	0	0	0	0	0	0	0	0	12	11	11	11	12	11	11	11	12	11	11	11	12	11	11	11	
404	2	2	2	2	0	0	0	0	0	0	0	0	0	0	0	0	11	11	11	11	11	11	11	11	11	11	11	11	11	11	11	11	
405	2	2	2	30	0	2	2	2	0	2	0	2	2	0	2	0	11	11	11	11	11	11	11	11	11	11	11	11	11	11	11	11	
406	10	30	2	2	30	2	2	2	2	2	2	0	2	0	2	2	11	11	11	11	11	11	11	11	11	11	11	11	11	11	11	11	
407	2	35	35	35	35	35	35	35	35	35	35	35	35	35	35	35	11	11	11	11	11	11	11	11	11	11	11	11	11	11	11	11	
408	35	0	0	112	0	0	0	112	0	0	0	112	0	0	0	112	11	11	11	13	11	11	12	14	11	11	13	14	11	12	13	15	
409	112	112	112	112	112	112	112	112	112	112	112	112	112	112	112	3	15	15	15	14	15	15	15	13	15	15	15	14	15	15	15	13	
410	3	3	3	2	3	2	3	3	3	3	3	2	3	3	3	3	12	11	11	11	12	11	11	11	12	11	11	11	12	11	11	11	
411	3	3	2	2	3	2	2	2	3	2	2	2	3	3	3	2	11	11	11	11	11	11	11	11	11	11	11	11	11	11	11	11	
412	2	30	10	10	2	2	30	30	2	2	2	2	2	3	2	2	11	11	11	11	11	11	11	11	11	11	11	11	11	11	11	11	
413	30	2	2	2	2	2	2	2	2	2	2	2	2	2	2	3	11	11	11	11	11	11	11	11	11	11	11	11	11	11	11	11	
414	3	3	3	3	3	3	3	3	3	3	3	3	3	3	3	3	11	11	11	11	11	11	11	11	11	11	11	11	11	11	11	11	
415	3	3	3	2	3	3	3	3	3	3	3	3	3	3	3	3	11	11	11	11	11	11	11	11	11	11	11	11	11	11	11	12	
416	30	10	30	2	2	30	2	3	3	2	3	3	3	112	112	112	11	11	11	11	11	11	11	11	11	12	12	12	12	13	14	14	
417	3	3	3	3	3	3	3	3	3	112	112	112	112	112	112	112	11	11	11	11	11	12	12	12	12	13	14	14	14	14	15	15	
418	3	3	3	3	3	112	112	112	112	112	112	112	112	112	112	112	12	12	12	12	13	14	14	14	15	15	14	14	15	14	14	12	
419	3	112	112	112	112	112	112	112	112	112	112	112	112	112	19	19	13	14	14	15	14	15	14	15	14	13	13	13	12	12	11	11	
420	6	6	6	6	6	6	6	6	6	6	6	6	6	6	6	6	0	0	0	1	0	0	0	1	0	0	0	1	0	0	0	1	
421	6	15	15	15	6	15	15	15	6	15	15	15	6	15	15	15	1	1	1	2	1	1	2	2	1	1	2	2	1	1	2	2	
422	15	15	15	15	15	15	15	15	15	15	15	15	15	15	15	15	2	3	3	4	2	3	3	4	2	3	3	4	3	3	3	4	
423	15	15	15	15	15	15	15	15	15	15	15	15	15	15	15	15	4	5	5	6	4	5	6	6	4	5	6	6	5	5	6	6	
424	15	15	157	2	15	15	157	2	15	15	157	2	15	157	157	2	6	7	8	8	6	7	8	8	6	7	8	8	7	8	8	8	
425	2	2	0	0	15	0	0	0	2	2	0	0	2	2	0	0	8	9	9	10	9	9	9	10	9	9	9	10	9	9	9	10	
426	0	0	35	35	0	0	35	35	0	0	35	35	0	0	35	35	10	10	10	10	10	10	10	10	10	10	10	10	10	10	10	10	
427	35	35	0	0	35	35	0	0	35	35	0	0	35	35	0	0	11	11	11	11	11	11	11	11	11	11	11	11	11	11	11	11	
428	0	2	2	2	0	0	2	0	0	0	0	0	0	0	0	0	11	11	11	11	11	11	11	11	11	11	11	11	11	11	11	11	
429	0	0	0	0	0	0	0	0	0	0	0	0	0	0	0	0	11	11	11	11	11	11	11	11	11	11	11	11	11	11	11	11	
430	0	0	0	0	0	0	0	0	0	0	0	0	0	0	0	0	11	11	11	11	11	11	11	11	11	11	11	11	11	11	11	11	
431	0	0	0	0	0	0	0	0	0	2	0	0	0	0	0	0	11	11	11	11	11	11	11	11	11	11	11	11	11	11	11	11	
432	0	0	0	0	0	0	0	0	0	0	0	0	0	0	0	0	11	11	11	11	11	11	11	11	11	11	11	11	11	11	11	11	
433	0	0	21	0	0	0	21	0	0	0	21	21	0	0	0	21	11	11	11	11	11	11	11	11	11	11	11	11	11	11	11	11	
434	0	0	0	0	0	0	0	0	0	0	0	0	0	0	0	21	11	11	11	11	11	11	11	11	11	11	11	11	11	11	11	11	
435	0	0	0	0	0	0	0	0	0	0	21	21	21	21	21	0	11	11	11	11	11	11	11	11	11	11	11	11	11	11	11	11	
436	90	90	90	21	0	21	21	21	21	21	0	0	0	0	0	0	11	11	11	11	11	11	11	11	11	11	11	11	11	11	11	11	
437	21	21	0	0	0	0	0	0	0	0	0	0	0	0	0	0	11	11	11	11	11	11	11	11	11	11	11	11	11	11	11	11	
438	0	0	0	0	0	0	0	0	0	0	0	0	0	0	0	0	11	11	11	11	11	11	11	11	11	11	11	11	11	11	11	11	
439	0	0	0	0	0	0	0	0	0	0	0	0	0	0	0	0	11	11	11	11	11	11	11	12	11	11	11	13	11	11	12	13	
440	112	111	111	111	112	111	111	111	112	111	111	111	112	111	111	111	13	15	15	15	13	15	15	15	14	15	15	15	15	15	15	15	
441	112	0	19	19	112	0	19	19	112	0	19	19	112	0	19	19	14	13	11	11	13	12	11	11	14	12	11	11	14	13	11	11	
442	19	19	19	19	19	19	19	19	19	19	19	19	19	19	19	19	11	11	11	11	11	11	11	11	11	11	11	11	11	11	11	11	
443	19	19	19	19	19	19	19	19	19	19	19	19	19	19	19	19	11	11	11	11	11	11	11	11	11	11	11	11	11	11	11	11	
444	19	19	19	19	19	19	19	19	19	19	19	19	19	19	19	19	11	11	11	11	11	11	11	11	11	11	11	11	11	11	11	11	
445	19	19	19	19	19	19	19	19	19	19	19	19	19	19	19	19	11	11	11	11	11	11	11	11	11	11	11	11	11	11	11	11	
446	19	19	19	19	19	19	19	19	19	19	19	19	19	19	19	19	11	11	11	11	11	11	11	11	11	11	11	11	11	11	11	11	
447	19	19	19	19	19	19	19	19	19	19	19	19	19	19	19	2	11	11	11	11	11	11	11	11	11	11	11	11	11	11	11	11	
448	2	2	30	10	2	2	2	30	2	2	19	2	2	19	19	19	11	11	11	11	11	11	11	11	11	11	11	11	11	11	11	11	
449	30	2	19	19	2	19	19	19	19	19	19	19	19	19	19	19	11	11	11	11	11	11	11	11	11	11	11	11	11	11	11	11	
450	19	19	19	19	19	19	19	19	19	19	19	19	19	19	19	19	11	11	11	11	11	11	11	11	11	11	11	11	11	11	11	11	
451	19	19	19	19	19	19	19	19	19	19	19	19	19	19	19	19	11	11	11	11	11	11	11	11	11	11	11	11	11	11	11	11	
452	19	19	19	19	19	19	19	19	19	19	19	19	19	19	19	19	11	11	11	11	11	11	11	11	11	11	11	11	11	11	11	11	
453	19	19	19	19	19	19	19	19	19	19	19	19	19	19	19	19	11	11	11	13	11	11	11	11	11	11	11	11	11	11	11	11	
454	19	112	112	112	19	19	19	19	19	19	19	19	19	19	19	19	13	14	14	15	11	12	13	13	11	11	11	12	11	11	11	11	
455	112	112	112	112	19	19	19	19	19	19	19	19	19	19	19	19	14	14	14	13	13	12	12	12	11	11	11	11	11	11	11	11	
456	112	112	112	111	19	19	112	112	19	19	19	19	19	19	19	19	13	14	14	14	12	13	13	12	11	11	11	11	11	11	11	11	
457	111	111	111	111	112	112	112	111	19	19	112	111	19	19	112	112	14	15	15	15	14	14	15	15	12	13	14	14	11	11	12	13	
458	111	111	111	111	111	111	111	111	111	111	111	111	112	112	112	111	15	15	15	15	15	15	15	15	15	15	15	15	13	13	14	15	
459	111	112	0	0	111	112	112	0	111	111	112	2	111	111	112	112	15	15	14	13	15	15	15	13	15	15	15	14	15	15	15	14	
460	0	35	35	35	0	35	35	35	0	0	35	35	0	0	35	35	11	11	11	11	11	11	11	11	12	11	11	11	12	11	11	11	
461	35	0	0	0	35	0	0	0	35	35	2	0	35	35	0	0	11	11	11	11	11	11	11	11	11	11	11	11	11	11	11	11	
462	0	0	112	112	0	0	112	112	0	0	112	112	2	0	112	112	11	13	14	14	11	12	14	14	11	12	14	15	11	12	14	15	
463	0	0	0	0	112	0	0	0	112	0	0	0	112	0	0	0	12	11	11	11	13	11	11	11	14	12	11	11	14	12	11	11	
464	0	0	0	0	0	0	0	0	0	0	0	0	0	0	0	2	11	11	11	11	11	11	11	11	11	11	11	11	11	11	11	11	
465	0	2	2	0	0	2	0	0	0	0	0	0	0	0	90	90	11	11	11	11	11	11	11	11	11	11	11	11	11	11	11	11	
466	0	2	0	0	0	0	2	35	0	0	0	35	90	0	0	35	11	11	11	11	11	11	11	11	11	11	11	11	11	11	11	11	
467	35	35	35	35	35	35	35	0	35	35	35	0	35	35	35	0	11	11	11	11	11	11	11	11	11	11	11	11	11	11	11	11	
468	0	0	112	112	0	0	112	112	0	0	112	112	0	0	112	112	11	12	14	15	11	12	14	15	11	12	14	15	11	12	14	15	
469	112	112	112	3	112	112	112	3	112	112	112	3	112	112	3	3	15	15	14	12	15	15	13	11	15	14	12	11	15	14	12	11	
470	3	3	3	3	3	3	3	3	3	3	2	3	3	3	3	3	11	11	11	11	11	11	11	11	11	11	11	11	11	11	11	11	
471	3	3	3	3	3	3	3	3	3	3	2	3	3	3	3	3	11	11	11	11	11	11	11	11	11	11	11	11	11	11	11	12	
472	3	3	3	3	3	3	3	3	3	3	3	3	3	3	3	112	11	11	11	11	11	11	11	11	11	11	11	12	12	12	13	13	
473	3	3	3	3	3	3	3	3	3	3	3	112	112	112	112	112	11	11	11	11	11	11	12	13	12	12	13	14	14	14	14	15	
474	3	3	3	3	3	3	3	112	112	112	112	112	112	112	112	112	11	11	12	12	13	13	13	14	15	15	15	15	15	14	14	14	
475	3	3	3	112	112	112	112	112	112	112	112	112	112	112	19	19	12	13	13	13	14	14	15	15	15	15	15	14	13	13	13	12	
476	112	112	112	112	112	112	112	112	112	112	112	19	19	19	19	19	14	15	15	15	15	15	14	14	14	13	13	12	12	11	11	11	
477	112	112	112	112	112	112	19	19	19	19	19	2	19	19	19	2	15	15	14	14	14	13	13	12	12	11	11	11	11	11	11	11	
478	112	19	19	19	19	19	19	19	19	19	19	19	19	19	19	19	13	12	12	11	12	11	11	11	11	11	11	11	11	11	11	11	
479	19	19	19	19	19	19	19	19	19	19	19	19	19	19	19	19	11	11	11	11	11	11	11	11	11	11	11	11	11	11	11	11	
480	6	6	6	6	6	6	6	6	6	6	6	6	6	6	6	6	0	0	0	1	0	0	0	1	0	0	1	1	0	0	1	1	
481	6	15	15	15	6	15	15	15	6	15	15	15	6	15	15	15	1	1	2	2	1	1	2	2	1	1	2	2	1	1	2	2	
482	15	15	15	15	15	15	15	15	15	15	15	15	15	15	15	15	3	3	4	4	3	3	4	4	3	3	4	4	3	3	4	4	
483	15	15	15	15	15	15	15	15	15	15	15	15	15	15	15	15	5	5	6	6	5	5	6	6	5	5	6	6	5	5	6	6	
484	15	157	2	2	15	157	2	15	15	157	2	15	15	157	2	15	7	8	8	8	7	8	8	8	7	8	8	8	7	8	8	8	
485	2	2	0	0	2	2	2	0	2	2	2	2	2	2	0	2	9	9	9	10	9	9	9	10	9	9	9	10	9	9	9	10	
486	0	0	35	35	0	0	35	35	0	0	35	35	2	0	35	35	10	10	10	10	10	10	10	10	10	10	10	11	10	10	10	11	
487	35	35	0	0	35	35	0	0	35	35	0	0	35	35	0	0	11	11	11	11	11	11	11	11	11	11	11	11	11	11	11	11	
488	0	0	0	2	0	0	2	0	0	0	0	0	0	0	0	0	11	11	11	11	11	11	11	11	11	11	11	11	11	11	11	11	
489	0	0	0	0	0	0	0	0	0	0	0	0	0	0	0	0	11	11	11	11	11	11	11	11	11	11	11	11	11	11	11	11	
490	0	0	0	0	0	0	0	0	0	0	0	0	0	0	0	0	11	11	11	11	11	11	11	11	11	11	11	11	11	11	11	11	
491	0	0	0	0	0	0	0	0	0	0	0	0	0	0	0	0	11	11	11	11	11	11	11	11	11	11	11	11	11	11	11	11	
492	0	0	0	0	0	0	0	0	0	0	0	0	0	0	0	0	11	11	11	11	11	11	11	11	11	11	11	11	11	11	11	11	
493	0	0	0	21	0	0	0	21	0	0	0	0	0	0	0	0	11	11	11	11	11	11	11	11	11	11	11	11	11	11	11	11	
494	0	21	21	21	21	21	90	90	0	90	95	90	0	90	90	90	11	11	11	11	11	11	11	11	11	11	11	11	11	11	11	11	
495	0	0	0	0	0	0	0	0	0	0	0	0	0	0	0	0	11	11	11	11	11	11	11	11	11	11	11	11	11	11	11	11	
496	0	0	0	0	0	0	0	0	0	0	0	0	0	0	0	0	11	11	11	11	11	11	11	11	11	11	11	11	11	11	11	11	
497	0	0	106	0	0	0	0	0	0	0	0	0	0	0	0	0	11	11	11	11	11	11	11	11	11	11	11	11	11	11	11	11	
498	0	0	0	0	0	0	0	0	0	0	0	0	0	0	0	0	11	11	11	11	11	11	11	11	11	11	11	11	11	11	11	11	
499	0	0	0	0	0	0	0	0	0	0	0	0	0	0	0	0	11	11	12	14	11	11	12	13	11	11	11	12	11	11	11	12	
500	112	111	111	111	112	111	111	111	112	111	111	111	112	111	111	111	15	15	15	15	14	15	15	15	14	15	15	15	14	15	15	15	
501	112	0	19	19	112	0	19	19	112	0	19	19	112	0	19	19	15	13	11	11	14	13	11	11	14	12	11	11	14	12	11	11	
502	19	19	19	19	19	19	19	19	19	19	19	19	19	19	19	19	11	11	11	11	11	11	11	11	11	11	11	11	11	11	11	11	
503	19	19	19	19	19	19	19	19	19	19	19	19	19	19	19	19	11	11	11	11	11	11	11	11	11	11	11	11	11	11	11	11	
504	19	19	19	19	19	19	19	19	19	19	19	19	19	19	19	19	11	11	11	11	11	11	11	11	11	11	11	11	11	11	11	11	
505	19	19	19	19	19	19	19	19	19	19	19	19	19	19	19	19	11	11	11	11	11	11	11	11	11	11	11	11	11	11	11	11	
506	19	19	19	19	19	19	19	19	19	19	19	19	19	19	19	19	11	11	11	11	11	11	11	11	11	11	11	11	11	11	11	11	
507	19	19	19	2	19	19	2	2	19	19	2	19	19	19	2	19	11	11	11	11	11	11	11	11	11	11	11	11	11	11	11	11	
508	2	19	19	19	19	19	19	19	19	19	19	19	19	19	19	19	11	11	11	11	11	11	11	11	11	11	11	11	11	11	11	11	
509	19	19	19	19	19	19	19	19	19	19	19	19	19	19	19	19	11	11	11	11	11	11	11	11	11	11	11	11	11	11	11	11	
510	19	19	19	19	19	19	19	19	19	19	19	19	19	19	19	19	11	11	11	11	11	11	11	11	11	11	11	11	11	11	11	11	
511	19	19	19	19	19	19	19	19	19	19	19	19	19	19	19	19	11	11	11	11	11	11	11	11	11	11	11	11	11	11	11	11	
512	19	19	19	19	19	19	19	19	19	19	19	19	19	19	19	19	11	11	11	11	11	11	11	11	11	11	11	11	11	11	11	11	
513	19	19	19	19	19	19	19	19	19	19	19	19	19	19	19	19	11	11	11	11	11	11	11	11	11	11	11	11	11	11	11	11	
514	19	19	19	19	19	19	19	19	19	19	19	19	19	19	19	19	11	11	11	11	11	11	11	11	11	11	11	11	11	11	11	11	
515	19	19	19	19	19	19	19	19	19	19	19	19	19	19	19	19	11	11	11	11	11	11	11	11	11	11	11	11	11	11	11	11	
516	19	19	19	19	19	19	19	19	19	19	19	19	19	19	19	19	11	11	11	11	11	11	11	11	11	11	11	11	11	11	11	11	
517	19	19	19	19	19	19	19	19	19	19	19	19	19	19	19	19	11	11	11	11	11	11	11	11	11	11	11	11	11	11	11	11	
518	19	19	112	111	19	19	112	111	19	19	112	112	19	19	19	112	11	12	13	15	11	12	13	15	11	11	13	14	11	11	12	13	
519	111	111	111	112	111	111	111	112	111	111	111	112	112	111	111	112	15	15	15	14	15	15	15	15	15	15	15	15	15	15	15	14	
520	0	0	35	35	112	0	35	35	112	0	0	35	0	0	2	35	13	11	11	11	14	12	11	11	14	12	11	11	13	12	11	11	
521	35	35	0	0	35	35	0	0	35	35	0	0	35	35	35	0	11	11	11	11	11	11	11	11	11	11	11	11	11	11	11	11	
522	2	0	112	112	0	0	112	112	0	0	0	112	0	0	0	112	11	12	14	15	11	12	13	15	11	11	12	14	11	11	12	14	
523	112	0	0	0	112	0	0	0	112	112	0	0	112	112	0	0	14	12	11	11	14	13	11	11	14	12	11	11	14	13	12	11	
524	0	0	2	0	0	0	0	0	0	0	0	0	0	0	0	0	11	11	11	11	11	11	11	11	11	11	11	11	11	11	11	11	
525	0	0	90	97	0	0	90	90	0	0	2	2	2	2	0	0	11	11	11	11	11	11	11	11	11	11	11	11	11	11	11	11	
526	90	0	2	35	90	0	2	35	2	0	2	35	0	0	2	35	11	11	11	11	11	11	11	11	11	11	11	11	11	11	11	11	
527	35	35	35	0	35	35	2	0	35	35	0	0	35	35	0	0	11	11	11	11	11	11	11	11	11	11	11	11	11	11	11	11	
528	0	0	112	112	0	0	112	112	0	0	112	112	0	0	112	112	11	13	14	15	11	13	14	15	11	12	14	15	11	12	14	15	
529	112	112	3	3	112	112	112	3	112	112	112	3	112	112	112	112	15	15	13	12	15	15	14	13	15	15	15	13	15	15	15	14	
530	3	3	3	3	3	3	3	3	3	3	3	112	112	112	112	112	11	11	11	11	11	11	11	12	12	12	13	14	14	14	14	15	
531	3	3	3	112	3	3	112	112	112	112	112	112	112	112	112	112	11	11	12	13	12	13	13	15	14	14	15	15	15	14	14	13	
532	112	112	112	112	112	112	112	112	112	112	112	19	112	19	19	19	14	14	14	15	15	15	14	14	14	14	12	12	13	12	11	11	
533	112	112	112	112	112	112	112	19	19	19	19	19	19	19	19	19	15	15	14	13	14	13	13	12	12	11	11	11	11	11	11	11	
534	112	112	112	19	19	19	19	19	19	19	19	2	19	19	19	19	13	13	13	12	12	11	11	11	11	11	11	11	11	11	11	11	
535	19	19	19	19	19	19	19	19	19	19	19	2	19	19	19	19	12	11	11	11	11	11	11	11	11	11	11	11	11	11	11	11	
536	19	19	19	19	19	19	2	19	19	19	19	19	19	19	19	19	11	11	11	11	11	11	11	11	11	11	11	11	11	11	11	11	
537	19	19	19	19	19	19	19	19	19	19	19	19	19	19	19	19	11	11	11	11	11	11	11	11	11	11	11	11	11	11	11	11	
538	19	19	19	19	19	19	19	19	19	19	19	19	19	19	19	19	11	11	11	11	11	11	11	11	11	11	11	11	11	11	11	11	
539	19	19	19	19	19	19	19	19	19	19	19	19	19	19	19	19	11	11	11	11	11	11	11	11	11	11	11	11	11	11	11	11	
540	6	6	6	6	6	6	6	6	6	6	6	6	6	6	6	6	0	0	1	1	0	0	1	1	0	0	1	1	0	0	1	1	
541	6	15	15	15	6	15	15	15	6	15	15	15	6	15	15	15	1	1	2	2	1	1	2	2	1	2	2	2	1	2	2	3	
542	15	15	15	15	15	15	15	15	15	15	15	15	15	15	15	15	3	3	4	4	3	3	4	4	3	3	4	4	3	3	4	4	
543	15	15	15	15	15	15	15	15	15	15	15	15	15	15	15	15	5	5	6	7	5	6	6	7	5	6	6	7	5	6	6	7	
544	15	157	2	2	15	157	2	2	15	157	0	0	15	157	0	0	7	8	8	8	7	8	8	9	7	8	8	9	7	8	8	9	
545	2	2	0	2	0	0	0	0	0	0	0	0	0	2	0	0	9	9	9	10	9	9	10	10	9	9	10	10	9	9	10	10	
546	2	0	35	35	0	2	35	35	0	2	35	35	0	0	35	35	10	10	10	11	10	10	10	11	10	10	10	11	10	10	10	11	
547	35	35	0	0	35	35	0	0	35	35	0	0	35	35	0	0	11	11	11	11	11	11	11	11	11	11	11	11	11	11	11	11	
548	0	0	2	0	0	0	2	0	0	0	0	0	0	0	0	0	11	11	11	11	11	11	11	11	11	11	11	11	11	11	11	11	
549	0	0	0	0	0	0	0	0	2	0	0	0	0	0	0	0	11	11	11	11	11	11	11	11	11	11	11	11	11	11	11	11	
550	0	0	0	0	0	0	0	0	0	0	0	0	0	0	0	0	11	11	11	11	11	11	11	11	11	11	11	11	11	11	11	11	
551	0	0	2	0	0	0	0	0	0	0	0	0	0	0	0	0	11	11	11	11	11	11	11	11	11	11	11	11	11	11	11	11	
552	0	0	0	0	0	0	0	0	0	0	0	0	0	0	0	0	11	11	11	11	11	11	11	11	11	11	11	11	11	11	11	11	
553	0	0	0	0	0	0	0	0	0	0	0	0	0	0	0	0	11	11	11	11	11	11	11	11	11	11	11	11	11	11	11	11	
554	0	0	0	0	0	0	0	0	0	0	0	0	0	0	0	0	11	11	11	11	11	11	11	11	11	11	11	11	11	11	11	11	
555	0	0	0	0	0	0	0	0	0	0	0	0	0	0	0	0	11	11	11	11	11	11	11	11	11	11	11	11	11	11	11	11	
556	0	0	0	0	0	0	0	0	0	0	0	0	0	0	0	0	11	11	11	11	11	11	11	11	11	11	11	11	11	11	11	11	
557	0	0	0	0	0	0	0	0	0	0	0	0	0	0	0	0	11	11	11	11	11	11	11	11	11	11	11	11	11	11	11	11	
558	0	0	0	0	0	0	0	0	0	0	0	0	0	0	0	0	11	11	11	11	11	11	11	11	11	11	11	11	11	11	11	11	
559	0	0	2	0	0	2	2	0	0	2	2	0	0	2	2	0	11	11	11	13	11	11	11	12	11	11	11	11	11	11	11	11	
560	112	111	111	111	112	112	111	111	0	112	111	111	0	112	111	111	14	15	15	15	13	14	15	15	12	14	15	15	13	14	15	15	
561	112	0	19	19	112	0	19	19	112	0	19	19	112	2	19	19	14	12	11	11	14	12	11	11	13	11	11	11	13	11	11	11	
562	19	19	19	19	19	19	19	19	19	19	19	19	19	19	19	2	11	11	11	11	11	11	11	11	11	11	11	11	11	11	11	11	
563	19	19	19	19	19	19	19	19	19	19	19	19	2	2	0	0	11	11	11	11	11	11	11	11	11	11	11	11	11	11	11	11	
564	19	19	19	19	19	19	19	19	19	19	19	19	0	0	2	2	11	11	11	11	11	11	11	11	11	11	11	11	11	11	11	11	
565	19	19	19	19	19	19	19	19	19	19	19	19	0	19	19	19	11	11	11	11	11	11	11	11	11	11	11	11	11	11	11	11	
566	19	19	19	19	19	19	19	19	19	19	19	19	19	19	19	19	11	11	11	11	11	11	11	11	11	11	11	11	11	11	11	11	
567	19	2	2	19	19	2	19	19	19	2	19	19	2	2	19	19	11	11	11	11	11	11	11	11	11	11	11	11	11	11	11	11	
568	19	19	19	19	19	19	19	19	19	19	19	19	19	19	19	19	11	11	11	11	11	11	11	11	11	11	11	11	11	11	11	11	
569	19	19	19	19	19	19	19	19	19	19	19	19	19	19	19	19	11	11	11	11	11	11	11	11	11	11	11	11	11	11	11	11	
570	19	19	19	19	19	19	19	19	19	19	19	19	19	19	19	19	11	11	11	11	11	11	11	11	11	11	11	11	11	11	11	11	
571	19	19	19	19	19	19	19	19	19	19	19	19	19	19	19	19	11	11	11	11	11	11	11	11	11	11	11	11	11	11	11	11	
572	19	19	19	19	19	19	19	19	19	19	19	19	19	19	19	19	11	11	11	11	11	11	11	11	11	11	11	11	11	11	11	11	
573	19	19	19	19	19	19	19	19	19	19	19	19	19	19	19	19	11	11	11	11	11	11	11	11	11	11	11	11	11	11	11	11	
574	19	19	19	19	19	19	19	19	19	19	19	19	19	19	19	19	11	11	11	11	11	11	11	11	11	11	11	11	11	11	11	11	
575	19	19	19	19	19	19	19	19	19	19	19	19	19	19	19	19	11	11	11	11	11	11	11	11	11	11	11	11	11	11	11	11	
576	19	19	19	19	19	19	19	19	19	19	19	19	19	19	19	19	11	11	11	11	11	11	11	11	11	11	11	11	11	11	11	11	
577	19	19	19	19	19	19	19	19	19	19	19	19	19	19	2	19	11	11	11	11	11	11	11	11	11	11	11	11	11	11	11	11	
578	19	19	19	19	19	19	19	19	19	19	19	19	19	19	19	19	11	11	12	13	11	11	12	13	11	11	11	12	11	11	11	12	
579	112	111	111	112	112	111	111	112	112	112	111	111	19	112	111	111	15	15	15	14	14	15	15	14	14	15	15	15	14	15	15	15	
580	0	0	0	35	112	2	0	35	112	0	0	0	112	0	2	0	12	11	11	11	13	11	11	11	13	11	11	11	13	12	11	11	
581	35	35	35	2	35	35	35	2	35	35	35	2	35	35	35	2	11	11	11	11	11	11	11	11	11	11	11	11	11	11	11	11	
582	2	0	0	112	2	2	0	112	2	2	2	0	2	2	0	0	11	11	13	14	11	11	12	13	11	11	11	13	11	11	11	13	
583	112	112	0	0	112	112	0	2	112	112	0	0	112	112	0	0	15	13	12	11	15	13	11	11	15	14	12	11	14	14	12	11	
584	0	0	0	0	0	0	0	0	0	0	0	0	0	2	2	2	11	11	11	11	11	11	11	11	11	11	11	11	11	11	11	11	
585	0	0	0	0	0	0	0	0	0	0	90	90	0	0	90	97	11	11	11	11	11	11	11	11	11	11	11	11	11	11	11	11	
586	0	0	2	35	0	0	35	35	90	0	35	35	90	0	35	35	11	11	11	11	11	11	11	11	11	11	11	11	11	11	11	11	
587	35	35	0	0	35	35	0	0	35	35	0	0	35	35	0	0	11	11	11	11	11	11	11	11	11	11	11	11	11	11	11	11	
588	0	0	112	112	0	0	112	112	0	0	112	112	0	0	112	112	11	12	14	15	11	13	14	15	11	13	15	15	11	13	14	15	
589	112	112	112	112	112	112	112	112	112	112	112	112	112	112	19	19	15	15	15	15	15	15	15	14	15	14	13	13	13	12	12	11	
590	112	112	112	112	112	112	112	19	19	19	19	19	19	19	19	19	15	15	14	13	14	14	13	12	12	12	11	11	11	11	11	11	
591	112	19	19	19	19	19	19	19	2	19	19	19	19	19	19	19	13	12	12	12	11	11	11	11	11	11	11	11	11	11	11	11	
592	19	19	19	19	19	19	19	19	19	19	19	19	19	19	19	2	11	11	11	11	11	11	11	11	11	11	11	11	11	11	11	11	
593	19	19	19	19	19	19	19	19	19	19	19	19	19	19	19	19	11	11	11	11	11	11	11	11	11	11	11	11	11	11	11	11	
594	19	19	19	19	19	19	19	19	19	19	19	19	19	19	19	19	11	11	11	11	11	11	11	11	11	11	11	11	11	11	11	11	
595	19	19	19	19	19	19	19	19	19	19	19	19	19	19	19	19	11	11	11	11	11	11	11	11	11	11	11	11	11	11	11	11	
596	19	19	19	19	19	19	19	19	19	19	19	19	19	19	19	2	11	11	11	11	11	11	11	11	11	11	11	11	11	11	11	11	
597	19	19	19	2	19	19	2	2	19	2	2	2	2	2	2	30	11	11	11	11	11	11	11	11	11	11	11	11	11	11	11	11	
598	2	19	19	19	2	2	2	2	2	2	2	2	30	2	2	2	11	11	11	11	11	11	11	11	11	11	11	11	11	11	11	11	
599	19	19	19	19	19	19	19	19	19	19	19	19	19	19	19	19	11	11	11	11	11	11	11	11	11	11	11	11	11	11	11	11	
600	6	6	6	6	6	6	6	6	6	6	6	6	6	6	6	6	0	0	1	1	0	0	1	1	0	0	1	1	0	0	1	1	
601	6	15	15	15	6	15	15	15	6	15	15	15	6	15	15	15	1	2	2	3	1	2	2	3	1	2	2	3	1	2	2	3	
602	15	15	15	15	15	15	15	15	15	15	15	15	15	15	15	15	3	3	4	5	3	4	4	5	3	4	4	5	3	4	4	5	
603	15	15	15	15	15	15	15	15	15	15	15	15	15	15	15	15	5	6	6	7	5	6	6	7	5	6	6	7	5	6	6	7	
604	15	157	0	0	15	157	0	0	15	157	0	0	15	157	0	0	7	8	9	9	7	8	9	9	7	8	9	9	7	9	9	9	
605	0	0	0	0	0	0	0	0	0	0	0	0	0	0	0	2	9	9	10	10	9	9	10	10	9	9	10	10	9	9	10	10	
606	0	2	35	35	0	0	35	35	0	0	35	35	0	0	35	35	10	10	10	11	10	10	10	11	10	10	10	11	10	10	10	11	
607	35	35	0	0	35	35	0	2	35	35	35	2	35	35	35	0	11	11	11	11	11	11	11	11	11	11	11	11	11	11	11	11	
608	2	0	0	0	0	0	0	0	2	0	0	0	0	0	0	0	11	11	11	11	11	11	11	11	11	11	11	11	11	11	11	11	
609	0	0	0	0	0	0	0	0	0	0	0	0	0	0	0	0	11	11	11	11	11	11	11	11	11	11	11	11	11	11	11	11	
610	0	0	0	0	0	0	0	0	2	0	0	0	0	0	0	0	11	11	11	11	11	11	11	11	11	11	11	11	11	11	11	11	
611	0	0	2	0	0	0	0	0	0	0	0	0	0	0	0	0	11	11	11	11	11	11	11	11	11	11	11	11	11	11	11	11	
612	0	0	0	0	0	0	0	0	0	0	0	0	0	0	0	0	11	11	11	11	11	11	11	11	11	11	11	11	11	11	11	11	
613	0	0	0	0	0	0	0	0	0	0	0	0	0	0	0	0	11	11	11	11	11	11	11	11	11	11	11	11	11	11	11	11	
614	0	0	0	0	0	0	0	0	0	0	2	0	0	0	0	0	11	11	11	11	11	11	11	11	11	11	11	11	11	11	11	11	
615	0	0	2	0	0	0	0	0	0	0	0	0	0	0	0	0	11	11	11	11	11	11	11	11	11	11	11	11	11	11	11	11	
616	0	0	0	0	0	0	0	0	0	0	0	0	2	0	0	0	11	11	11	11	11	11	11	11	11	11	11	11	11	11	11	11	
617	0	0	0	0	0	0	0	0	0	0	0	0	0	0	0	0	11	11	11	11	11	11	11	11	11	11	11	11	11	11	11	11	
618	90	90	90	0	90	95	90	0	90	90	90	0	0	0	0	0	11	11	11	11	11	11	11	11	11	11	11	11	11	11	11	11	
619	0	0	2	2	0	0	0	0	0	0	0	0	0	0	0	0	11	11	11	11	11	11	11	11	11	11	11	11	11	11	11	11	
620	2	112	111	111	2	112	112	112	2	2	0	0	0	2	2	35	13	14	15	15	12	13	14	14	11	12	12	12	11	11	11	11	
621	112	0	0	0	112	0	2	35	35	35	35	35	35	35	35	35	13	11	11	11	12	11	11	11	11	11	11	11	11	11	11	11	
622	0	2	35	35	35	35	35	35	35	35	35	35	35	35	35	35	11	11	11	11	11	11	11	11	11	11	11	11	11	11	11	11	
623	35	35	35	35	35	35	35	35	35	35	35	35	35	35	35	35	11	11	11	11	11	11	11	11	11	11	11	11	11	11	11	11	
624	35	35	35	35	35	35	35	35	35	35	35	35	35	35	35	35	11	11	11	11	11	11	11	11	11	11	11	11	11	11	11	11	
625	35	0	19	19	35	35	35	2	35	35	35	35	35	35	35	35	11	11	11	11	11	11	11	11	11	11	11	11	11	11	11	11	
626	19	19	19	2	2	2	2	2	2	2	2	0	35	2	2	0	11	11	11	11	11	11	11	11	11	11	11	11	11	11	11	11	
627	2	2	2	2	0	2	2	2	2	0	0	0	0	2	2	0	11	11	11	11	11	11	11	11	11	11	11	11	11	11	11	11	
628	2	19	19	19	2	2	2	2	0	0	0	0	0	0	0	0	11	11	11	11	11	11	11	11	11	11	11	11	11	11	11	11	
629	19	19	19	19	2	2	19	19	0	2	2	2	0	0	0	0	11	11	11	11	11	11	11	11	11	11	11	11	11	11	11	11	
630	19	19	19	19	19	19	19	19	2	19	19	19	2	19	19	19	11	11	11	11	11	11	11	11	11	11	11	11	11	11	11	11	
631	19	19	19	19	19	19	19	19	19	19	19	19	19	19	19	19	11	11	11	11	11	11	11	11	11	11	11	11	11	11	11	11	
632	19	19	19	19	19	19	19	19	19	19	19	19	19	19	19	19	11	11	11	11	11	11	11	11	11	11	11	11	11	11	11	11	
633	19	19	19	19	19	19	19	19	19	19	19	19	19	19	19	19	11	11	11	11	11	11	11	11	11	11	11	11	11	11	11	11	
634	19	19	19	19	19	19	19	19	19	19	19	19	19	19	19	19	11	11	11	11	11	11	11	11	11	11	11	11	11	11	11	11	
635	19	19	19	19	19	19	19	19	19	19	19	19	19	19	19	19	11	11	11	11	11	11	11	11	11	11	11	11	11	11	11	11	
636	19	19	19	19	19	19	19	19	19	19	19	19	19	19	19	19	11	11	11	11	11	11	11	11	11	11	11	11	11	11	11	11	
637	19	2	30	2	2	30	10	30	19	2	30	2	19	19	2	19	11	11	11	11	11	11	11	11	11	11	11	11	11	11	11	11	
638	19	19	19	19	2	19	19	19	19	19	19	19	19	19	19	19	11	11	11	12	11	11	11	11	11	11	11	11	11	11	11	11	
639	19	112	111	111	19	112	112	111	19	19	112	111	19	19	112	111	14	14	15	15	12	13	15	15	11	13	14	15	11	12	14	15	
640	112	112	0	0	111	112	0	0	111	112	112	0	111	111	112	0	14	13	11	11	15	14	12	11	15	14	13	12	15	15	14	12	
641	35	35	35	35	35	35	35	35	35	35	35	35	2	35	35	35	11	11	11	11	11	11	11	11	11	11	11	11	11	11	11	11	
642	2	0	0	0	2	0	0	0	0	0	0	0	0	0	0	0	11	11	11	12	11	11	11	12	11	11	11	12	11	11	11	11	
643	112	112	112	0	112	112	112	0	0	112	112	0	0	0	0	0	14	14	13	11	14	15	14	12	13	14	14	12	12	13	14	13	
644	2	2	0	0	0	0	0	0	0	2	0	0	0	0	0	0	11	11	11	11	11	11	11	11	11	11	11	11	11	11	11	11	
645	0	0	90	90	0	0	0	0	0	0	0	0	0	0	0	0	11	11	11	11	11	11	11	11	11	11	11	11	11	11	11	11	
646	90	0	35	35	0	0	35	35	0	0	35	35	0	0	35	35	11	11	11	11	11	11	11	11	11	11	11	11	11	11	11	11	
647	35	35	0	0	35	35	0	0	35	35	0	0	35	2	0	0	11	11	11	11	11	11	11	11	11	11	11	11	11	11	11	11	
648	0	0	112	112	0	0	112	112	0	0	0	112	0	0	0	112	11	12	13	15	11	11	13	15	11	11	12	14	11	11	11	13	
649	112	112	19	19	112	112	19	19	112	112	19	19	112	112	112	19	14	13	11	11	15	13	11	11	15	13	12	11	14	14	13	11	
650	19	19	19	19	19	19	19	19	19	19	19	19	19	19	19	19	11	11	11	11	11	11	11	11	11	11	11	11	11	11	11	11	
651	19	19	19	19	19	19	19	19	19	19	19	19	19	19	19	19	11	11	11	11	11	11	11	11	11	11	11	11	11	11	11	11	
652	19	19	2	30	19	2	30	10	19	19	2	30	2	19	19	2	11	11	11	11	11	11	11	11	11	11	11	11	11	11	11	11	
653	2	19	19	19	30	2	19	19	2	19	19	19	19	19	19	19	11	11	11	11	11	11	11	11	11	11	11	11	11	11	11	11	
654	19	19	19	19	19	19	19	19	19	19	19	19	19	19	19	19	11	11	11	11	11	11	11	11	11	11	11	11	11	11	11	11	
655	19	19	19	19	19	19	19	19	19	19	19	19	19	19	19	19	11	11	11	11	11	11	11	11	11	11	11	11	11	11	11	11	
656	19	19	19	19	19	19	19	2	19	19	19	19	19	19	19	19	11	11	11	11	11	11	11	11	11	11	11	11	11	11	11	11	
657	2	2	30	10	2	2	30	10	2	2	30	10	2	2	2	30	11	11	11	11	11	11	11	11	11	11	11	11	11	11	11	11	
658	10	30	2	2	10	30	2	2	10	30	2	2	30	2	2	19	11	11	11	11	11	11	11	11	11	11	11	11	11	11	11	11	
659	19	19	19	19	19	19	19	19	19	19	19	19	19	19	19	19	11	11	11	11	11	11	11	11	11	11	11	11	11	11	11	11	
660	6	6	6	6	6	6	6	6	6	6	6	6	6	6	6	6	0	1	1	1	0	1	1	1	0	1	1	1	0	1	1	1	
661	6	15	15	15	6	15	15	15	6	15	15	15	6	15	15	15	1	2	2	3	1	2	2	3	1	2	2	3	1	2	2	3	
662	15	15	15	15	15	15	15	15	15	15	15	15	15	15	15	15	3	4	4	5	3	4	4	5	3	4	4	5	3	4	4	5	
663	15	15	15	15	15	15	15	15	15	15	15	15	15	15	15	15	5	6	6	7	5	6	6	7	5	6	7	7	6	6	7	7	
664	15	157	0	0	15	157	0	0	15	157	0	0	15	157	0	0	7	9	9	9	7	9	9	9	8	9	9	9	8	9	9	9	
665	0	0	2	0	0	0	0	0	2	0	0	0	0	0	0	0	9	9	10	10	9	9	10	10	9	10	10	10	9	10	10	10	
666	0	0	35	35	0	2	35	35	2	35	35	35	0	35	35	35	10	10	11	11	10	10	11	11	10	10	11	11	10	10	11	11	
667	35	35	35	0	35	35	35	0	35	35	35	35	35	35	35	35	11	11	11	11	11	11	11	11	11	11	11	11	11	11	11	11	
668	0	0	0	0	0	0	0	0	0	0	0	0	35	0	0	0	11	11	11	11	11	11	11	11	11	11	11	11	11	11	11	11	
669	0	0	0	0	0	0	0	0	0	0	0	0	0	0	0	0	11	11	11	11	11	11	11	11	11	11	11	11	11	11	11	11	
670	0	0	0	2	0	0	0	2	0	0	0	0	0	0	0	0	11	11	11	11	11	11	11	11	11	11	11	11	11	11	11	11	
671	0	0	0	0	0	2	0	0	0	0	0	0	0	0	0	0	11	11	11	11	11	11	11	11	11	11	11	11	11	11	11	11	
672	0	0	0	0	0	0	0	0	0	2	0	0	0	0	2	0	11	11	11	11	11	11	11	11	11	11	11	11	11	11	11	11	
673	0	0	0	0	0	0	0	0	0	0	0	0	0	0	2	0	11	11	11	11	11	11	11	11	11	11	11	11	11	11	11	11	
674	0	0	0	0	0	0	0	0	0	0	0	0	0	0	0	0	11	11	11	11	11	11	11	11	11	11	11	11	11	11	11	11	
675	0	0	0	0	0	0	0	0	0	2	0	0	0	0	0	0	11	11	11	11	11	11	11	11	11	11	11	11	11	11	11	11	
676	0	0	0	0	0	0	0	0	0	0	0	0	0	0	0	0	11	11	11	11	11	11	11	11	11	11	11	11	11	11	11	11	
677	0	0	0	0	0	0	0	0	0	0	0	0	0	0	0	0	11	11	11	11	11	11	11	11	11	11	11	11	11	11	11	11	
678	0	0	0	0	0	0	0	0	0	0	0	0	0	0	0	0	11	11	11	11	11	11	11	11	11	11	11	11	11	11	11	11	
679	0	0	0	0	0	0	0	35	0	35	35	35	35	35	35	35	11	11	11	11	11	11	11	11	11	11	11	11	11	11	11	11	
680	0	35	35	35	35	35	35	35	35	35	35	35	35	35	35	35	11	11	11	11	11	11	11	11	11	11	11	11	11	11	11	11	
681	35	35	35	35	35	35	35	0	35	35	0	0	0	0	90	90	11	11	11	11	11	11	11	11	11	11	11	11	11	11	11	11	
682	35	35	2	0	0	0	0	2	0	0	2	0	90	0	0	0	11	11	11	11	11	11	11	11	11	11	11	11	11	11	11	11	
683	2	0	0	0	0	0	0	2	0	0	2	0	90	90	90	0	11	11	11	11	11	11	11	11	11	11	11	11	11	11	11	11	
684	0	0	0	35	2	0	0	0	0	0	2	0	0	0	0	0	11	11	11	11	11	11	11	11	11	11	11	11	11	11	11	11	
685	35	35	35	35	35	35	35	35	0	35	35	35	0	0	35	35	11	11	11	11	11	11	11	11	11	11	11	11	11	11	11	11	
686	35	35	2	2	35	35	2	2	35	35	2	0	35	35	35	0	11	11	11	11	11	11	11	11	11	11	11	11	11	11	11	11	
687	0	0	0	0	0	2	0	0	0	2	2	2	0	0	2	0	11	11	11	11	11	11	11	11	11	11	11	11	11	11	11	11	
688	0	2	0	0	0	0	0	2	2	0	2	0	0	0	0	0	11	11	11	11	11	11	11	11	11	11	11	11	11	11	11	11	
689	2	2	2	2	0	0	2	2	0	2	2	2	2	0	0	2	11	11	11	11	11	11	11	11	11	11	11	11	11	11	11	11	
690	2	19	19	19	2	19	19	19	2	19	19	19	2	19	19	19	11	11	11	11	11	11	11	11	11	11	11	11	11	11	11	11	
691	19	19	19	19	19	19	2	19	19	19	19	19	19	19	19	19	11	11	11	11	11	11	11	11	11	11	11	11	11	11	11	11	
692	19	19	19	19	19	19	19	19	19	19	19	19	19	19	19	19	11	11	11	11	11	11	11	11	11	11	11	11	11	11	11	11	
693	19	19	19	19	19	19	19	19	19	19	19	19	19	19	19	19	11	11	11	11	11	11	11	11	11	11	11	11	11	11	11	11	
694	19	19	19	19	19	19	19	19	19	19	19	19	19	19	19	19	11	11	11	11	11	11	11	11	11	11	11	11	11	11	11	11	
695	19	19	19	19	19	19	19	19	19	19	19	19	19	19	19	19	11	11	11	11	11	11	11	11	11	11	11	11	11	11	11	11	
696	19	19	19	19	19	19	19	19	19	19	19	19	19	19	19	19	11	11	11	11	11	11	11	11	11	11	11	11	11	11	11	11	
697	19	19	19	19	19	19	19	19	19	19	19	19	19	19	19	19	11	11	11	11	11	11	11	11	11	11	11	11	11	11	11	11	
698	19	19	19	19	19	19	19	19	19	19	19	19	19	19	19	19	11	11	11	11	11	11	11	11	11	11	11	11	11	11	11	11	
699	19	19	112	111	19	19	112	111	19	19	112	111	19	19	112	111	11	12	14	15	11	12	13	15	11	11	13	15	11	12	13	15	
700	111	111	112	0	111	111	112	2	111	111	112	112	111	111	111	112	15	15	15	13	15	15	15	13	15	15	15	14	15	15	15	14	
701	0	35	35	35	0	35	35	35	0	0	35	35	0	0	35	35	11	11	11	11	11	11	11	11	12	11	11	11	12	11	11	11	
702	35	0	2	0	35	0	0	0	35	0	0	0	35	35	0	0	11	11	11	11	11	11	11	11	11	11	11	11	11	11	11	11	
703	0	112	112	112	0	112	112	112	0	0	112	112	0	0	112	112	12	13	15	14	12	14	15	14	11	13	15	14	11	12	14	14	
704	0	0	0	0	0	0	0	0	112	0	0	0	112	0	0	0	12	11	11	11	13	11	11	11	13	11	11	11	13	12	11	11	
705	0	0	0	0	0	0	0	0	0	0	0	0	0	0	0	2	11	11	11	11	11	11	11	11	11	11	11	11	11	11	11	11	
706	0	35	35	35	0	35	35	35	0	35	35	35	0	35	35	35	11	11	11	11	11	11	11	11	11	11	11	11	11	11	11	11	
707	35	0	0	0	35	0	90	90	35	0	90	95	35	0	90	90	11	11	11	11	11	11	11	11	11	11	11	11	11	11	11	11	
708	0	0	0	0	90	0	0	0	90	0	0	0	90	0	0	0	11	11	11	12	11	11	11	12	11	11	11	11	11	11	11	11	
709	112	112	112	19	112	112	112	112	0	112	112	112	0	112	112	112	14	15	14	12	13	14	14	12	12	14	15	13	12	14	15	13	
710	19	19	19	2	19	19	19	19	19	19	19	19	19	19	19	19	11	11	11	11	11	11	11	11	11	11	11	11	12	11	11	11	
711	2	19	2	19	19	19	19	19	19	19	19	19	19	19	19	19	11	11	11	11	11	11	11	11	11	11	11	11	11	11	11	11	
712	19	19	19	19	19	19	19	19	19	19	19	19	19	19	19	19	11	11	11	11	11	11	11	11	11	11	11	11	11	11	11	11	
713	19	19	19	19	19	19	19	19	19	19	19	19	19	19	19	19	11	11	11	11	11	11	11	11	11	11	11	11	11	11	11	11	
714	19	19	19	19	19	19	19	19	19	19	19	19	19	19	19	19	11	11	11	11	11	11	11	11	11	11	11	11	11	11	11	11	
715	19	19	19	19	19	19	19	19	19	19	19	19	19	19	19	19	11	11	11	11	11	11	11	11	11	11	11	11	11	11	11	11	
716	19	19	19	19	19	19	19	19	19	19	19	19	19	19	19	19	11	11	11	11	11	11	11	11	11	11	11	11	11	11	11	11	
717	19	2	2	2	19	19	2	2	19	19	19	19	19	19	19	19	11	11	11	11	11	11	11	11	11	11	11	11	11	11	11	11	
718	2	2	2	19	2	2	19	19	2	19	19	19	19	19	19	19	11	11	11	11	11	11	11	11	11	11	11	11	11	11	11	11	
719	19	19	19	19	19	19	19	19	19	19	19	19	19	19	19	19	11	11	11	11	11	11	11	11	11	11	11	11	11	11	11	11	
720	6	6	6	6	6	6	6	6	6	6	6	6	6	6	6	6	0	1	1	1	0	1	1	1	0	1	1	1	0	1	1	1	
721	6	15	15	15	6	15	15	15	6	15	15	15	6	15	15	15	2	2	2	3	2	2	2	3	2	2	3	3	2	2	3	3	
722	15	15	15	15	15	15	15	15	15	15	15	15	15	15	15	15	3	4	4	5	3	4	4	5	3	4	4	5	4	4	5	5	
723	15	15	15	15	15	15	15	15	15	15	15	15	15	15	15	15	6	6	7	7	6	6	7	7	6	6	7	7	6	6	7	7	
724	15	157	0	0	15	157	0	0	15	157	0	0	15	157	0	0	8	9	9	9	8	9	9	9	8	9	9	9	8	9	9	9	
725	0	0	2	0	0	0	0	0	0	0	0	0	0	0	0	0	9	10	10	10	9	10	10	10	9	10	10	10	9	10	10	10	
726	0	35	35	35	2	35	35	35	35	35	35	35	35	35	35	35	10	10	11	11	10	10	11	11	10	10	11	11	10	10	11	11	
727	35	35	35	35	35	35	35	35	35	35	35	35	35	2	35	35	11	11	11	11	11	11	11	11	11	11	11	11	11	11	11	11	
728	35	35	0	0	35	35	0	0	35	35	35	0	35	35	35	35	11	11	11	11	11	11	11	11	11	11	11	11	11	11	11	11	
729	0	0	0	0	0	0	0	0	0	0	0	0	0	0	0	0	11	11	11	11	11	11	11	11	11	11	11	11	11	11	11	11	
730	0	0	0	0	0	2	0	0	0	0	0	0	0	0	0	0	11	11	11	11	11	11	11	11	11	11	11	11	11	11	11	11	
731	0	0	0	0	0	2	0	0	0	0	0	0	0	0	0	0	11	11	11	11	11	11	11	11	11	11	11	11	11	11	11	11	
732	0	0	0	0	0	0	0	0	0	0	0	0	0	0	0	0	11	11	11	11	11	11	11	11	11	11	11	11	11	11	11	11	
733	0	0	0	0	0	0	0	0	0	0	0	2	0	0	2	0	11	11	11	11	11	11	11	11	11	11	11	11	11	11	11	11	
734	0	0	0	0	0	0	0	0	0	0	0	0	0	0	0	0	11	11	11	11	11	11	11	11	11	11	11	11	11	11	11	11	
735	0	0	0	0	0	0	0	0	0	0	0	0	0	0	0	90	11	11	11	11	11	11	11	11	11	11	11	11	11	11	11	11	
736	0	0	0	0	0	0	0	0	0	0	0	0	90	90	0	0	11	11	11	11	11	11	11	11	11	11	11	11	11	11	11	11	
737	0	0	0	0	0	0	0	0	0	0	0	0	0	0	35	35	11	11	11	11	11	11	11	11	11	11	11	11	11	11	11	11	
738	0	0	35	35	0	35	35	35	35	35	35	35	35	35	35	35	11	11	11	11	11	11	11	11	11	11	11	11	11	11	11	11	
739	35	35	35	35	35	35	35	35	35	35	35	0	35	0	0	0	11	11	11	11	11	11	11	11	11	11	11	11	11	11	11	11	
740	35	35	0	0	0	0	0	0	0	0	0	0	0	0	0	0	11	11	11	11	11	11	11	11	11	11	11	11	11	11	11	11	
741	0	0	90	94	0	0	90	90	0	0	0	0	0	0	0	0	11	11	11	11	11	11	11	11	11	11	11	11	11	11	11	11	
742	90	0	2	0	90	0	0	0	0	0	2	0	2	0	0	0	11	11	11	11	11	11	11	11	11	11	11	11	11	11	11	11	
743	90	98	90	0	90	90	90	0	0	0	0	0	0	0	0	0	11	11	11	11	11	11	11	11	11	11	11	11	11	11	11	11	
744	0	0	0	0	0	0	0	0	0	0	0	0	0	0	0	0	11	11	11	11	11	11	11	11	11	11	11	11	11	11	11	11	
745	0	0	2	35	0	0	2	35	0	0	2	35	0	0	2	35	11	11	11	11	11	11	11	11	11	11	11	11	11	11	11	11	
746	35	35	35	0	35	35	35	2	35	35	35	2	35	35	35	2	11	11	11	11	11	11	11	11	11	11	11	11	11	11	11	11	
747	2	0	0	0	2	0	0	2	2	0	0	0	2	0	0	0	11	11	11	11	11	11	11	11	11	11	11	11	11	11	11	11	
748	0	0	0	0	0	2	0	0	2	0	0	0	2	0	0	0	11	11	11	11	11	11	11	11	11	11	11	11	11	11	11	11	
749	2	0	0	2	0	0	2	2	0	0	2	19	0	0	2	19	11	11	11	11	11	11	11	11	11	11	11	11	11	11	11	11	
750	19	19	19	19	19	19	19	19	19	19	19	19	19	19	19	19	11	11	11	11	11	11	11	11	11	11	11	11	11	11	11	11	
751	19	19	19	19	19	19	19	19	19	19	19	19	19	19	19	19	11	11	11	11	11	11	11	11	11	11	11	11	11	11	11	11	
752	19	19	19	19	19	19	19	19	19	19	19	19	19	19	19	19	11	11	11	11	11	11	11	11	11	11	11	11	11	11	11	11	
753	19	19	19	19	19	19	19	19	19	19	19	19	19	19	19	19	11	11	11	11	11	11	11	11	11	11	11	11	11	11	11	11	
754	19	19	19	19	19	19	19	19	19	19	19	19	19	19	19	19	11	11	11	11	11	11	11	11	11	11	11	11	11	11	11	11	
755	19	19	19	19	19	19	19	19	19	19	19	19	19	19	19	19	11	11	11	11	11	11	11	11	11	11	11	11	11	11	11	11	
756	19	19	19	19	19	19	19	19	19	19	19	19	19	19	19	19	11	11	11	11	11	11	11	11	11	11	11	11	11	11	11	11	
757	19	19	19	19	19	19	19	19	19	19	19	19	19	19	19	19	11	11	11	11	11	11	11	11	11	11	11	11	11	11	11	11	
758	19	19	19	19	19	19	19	19	19	19	19	19	19	19	19	19	11	11	11	11	11	11	11	11	11	11	11	11	11	11	11	11	
759	19	19	112	112	19	19	19	112	19	19	19	112	19	19	19	112	11	12	14	14	11	11	12	13	11	11	12	14	11	11	12	14	
760	111	111	111	112	111	111	111	112	111	111	111	112	111	111	111	112	15	15	15	14	15	15	15	14	15	15	15	15	15	15	15	15	
761	2	0	35	35	0	0	0	35	0	2	0	35	112	0	0	35	12	11	11	11	13	11	11	11	13	12	11	11	14	13	11	11	
762	35	35	0	0	35	35	35	0	35	35	35	0	35	35	35	35	11	11	11	11	11	11	11	11	11	11	11	11	11	11	11	11	
763	0	0	112	112	0	0	0	112	0	0	0	112	0	0	0	0	11	11	13	15	11	11	13	15	11	11	12	13	11	11	11	12	
764	112	0	0	0	112	112	0	0	112	112	0	0	112	112	112	0	14	13	12	11	15	14	12	11	15	14	13	11	14	15	13	11	
765	0	0	0	0	0	0	0	2	0	0	0	0	0	0	0	2	11	11	11	11	11	11	11	11	11	11	11	11	11	11	11	11	
766	0	35	35	35	0	35	35	35	0	35	35	35	0	35	35	35	11	11	11	11	11	11	11	11	11	11	11	11	11	11	11	11	
767	35	2	0	0	35	2	0	0	35	0	90	90	35	0	90	96	11	11	11	11	11	11	11	11	11	11	11	11	11	11	11	11	
768	0	0	0	0	0	0	0	0	90	0	0	0	90	0	0	0	11	11	11	11	11	11	11	11	11	11	11	11	11	11	11	11	
769	0	112	112	112	0	0	112	112	0	0	112	112	0	0	112	112	11	13	14	14	11	12	14	15	11	12	14	15	11	12	13	15	
770	112	19	19	19	112	19	19	19	112	19	19	19	112	19	19	19	12	11	11	11	13	12	11	11	13	12	11	11	14	12	11	11	
771	19	19	19	19	19	19	19	19	19	19	19	19	19	19	19	19	11	11	11	11	11	11	11	11	11	11	11	11	11	11	11	11	
772	19	19	19	19	19	19	19	19	19	19	19	19	19	19	19	19	11	11	11	11	11	11	11	11	11	11	11	11	11	11	11	11	
773	19	19	19	19	19	19	19	19	19	19	19	19	19	19	19	19	11	11	11	11	11	11	11	11	11	11	11	11	11	11	11	11	
774	19	19	19	19	19	19	19	19	19	19	19	19	19	19	19	19	11	11	11	11	11	11	11	11	11	11	11	11	11	11	11	11	
775	19	2	19	19	19	19	19	19	19	19	19	19	19	19	19	19	11	11	11	11	11	11	11	11	11	11	11	11	11	11	11	11	
776	19	19	19	19	19	19	19	19	19	19	19	19	19	19	19	19	11	11	11	11	11	11	11	11	11	11	11	11	11	11	11	11	
777	19	19	19	19	19	19	19	19	19	19	19	19	19	19	19	19	11	11	11	11	11	11	11	11	11	11	11	11	11	11	11	11	
778	19	19	19	19	19	19	2	19	19	19	19	19	19	19	19	19	11	11	11	11	11	11	11	11	11	11	11	11	11	11	11	11	
779	19	19	19	19	19	19	19	19	19	19	19	19	19	19	19	19	11	11	11	11	11	11	11	11	11	11	11	11	11	11	11	11	
780	6	6	6	6	6	6	6	6	6	6	6	6	6	6	6	6	0	1	1	1	0	1	1	1	0	1	1	1	0	1	1	1	
781	6	15	15	15	6	15	15	15	6	15	15	15	6	15	15	15	2	2	3	3	2	2	3	3	2	2	3	3	2	2	3	3	
782	15	15	15	15	15	15	15	15	15	15	15	15	15	15	15	15	4	4	5	5	4	4	5	5	4	4	5	5	4	4	5	5	
783	15	15	15	15	15	15	15	15	15	15	15	15	15	15	15	15	6	6	7	7	6	6	7	7	6	6	7	7	6	6	7	7	
784	15	157	0	0	15	157	0	0	15	157	0	2	15	157	0	0	8	9	9	9	8	9	9	9	8	9	9	9	8	9	9	9	
785	0	0	0	2	0	0	0	35	2	2	0	35	0	2	2	35	9	10	10	10	9	10	10	10	9	10	10	10	9	10	10	10	
786	35	35	35	35	35	35	35	35	35	35	35	0	35	35	35	0	10	10	11	11	10	11	11	11	10	11	11	11	10	11	11	11	
787	2	0	0	35	0	0	0	0	0	0	0	0	0	0	0	0	11	11	11	11	11	11	11	11	11	11	11	11	11	11	11	11	
788	35	35	35	35	35	35	35	35	0	35	35	35	0	0	35	35	11	11	11	11	11	11	11	11	11	11	11	11	11	11	11	11	
789	35	0	0	0	35	35	2	0	35	35	35	0	35	35	35	35	11	11	11	11	11	11	11	11	11	11	11	11	11	11	11	11	
790	0	0	0	0	0	0	0	0	0	0	0	0	35	35	0	0	11	11	11	11	11	11	11	11	11	11	11	11	11	11	11	11	
791	0	0	2	0	0	0	0	0	0	0	0	0	0	0	0	0	11	11	11	11	11	11	11	11	11	11	11	11	11	11	11	11	
792	0	0	0	0	0	0	0	0	0	0	0	0	0	0	0	0	11	11	11	11	11	11	11	11	11	11	11	11	11	11	11	11	
793	0	0	0	0	0	0	0	0	0	0	0	0	0	0	0	0	11	11	11	11	11	11	11	11	11	11	11	11	11	11	11	11	
794	0	0	0	0	0	0	0	0	0	0	0	0	0	0	0	0	11	11	11	11	11	11	11	11	11	11	11	11	11	11	11	11	
795	0	0	0	90	0	0	0	90	0	0	0	0	0	0	0	0	11	11	11	11	11	11	11	11	11	11	11	11	11	11	11	11	
796	98	90	0	0	90	90	0	35	0	0	35	35	35	35	35	35	11	11	11	11	11	11	11	11	11	11	11	11	11	11	11	11	
797	0	35	35	35	35	35	35	35	35	35	35	35	35	35	35	35	11	11	11	11	11	11	11	11	11	11	11	11	11	11	11	11	
798	35	35	35	35	35	35	0	0	35	2	0	0	2	0	0	0	11	11	11	11	11	11	11	11	11	11	11	11	11	11	11	11	
799	2	2	0	90	0	2	0	90	0	0	0	90	0	0	0	0	11	11	11	11	11	11	11	11	11	11	11	11	11	11	11	11	
800	90	90	0	0	96	90	0	0	90	90	0	0	0	0	0	0	11	11	11	11	11	11	11	11	11	11	11	11	11	11	11	11	
801	2	0	0	0	2	2	0	0	0	0	0	0	0	2	0	2	11	11	11	11	11	11	11	11	11	11	11	11	11	11	11	11	
802	2	0	0	2	0	2	0	2	2	0	0	2	0	0	0	0	11	11	11	11	11	11	11	11	11	11	11	11	11	11	11	11	
803	0	0	0	0	0	0	0	0	0	0	0	0	0	0	0	0	11	11	11	11	11	11	11	11	11	11	11	11	11	11	11	11	
804	2	0	0	0	0	2	0	0	0	0	0	0	0	2	0	0	11	11	11	11	11	11	11	11	11	11	11	11	11	11	11	11	
805	107	0	0	35	0	0	0	35	0	0	0	35	2	0	0	35	11	11	11	11	11	11	11	11	11	11	11	11	11	11	11	11	
806	35	35	35	2	35	35	35	0	35	35	35	0	35	35	35	0	11	11	11	11	11	11	11	11	11	11	11	11	11	11	11	11	
807	2	0	0	0	2	0	0	0	2	0	0	0	2	2	0	0	11	11	11	11	11	11	11	11	11	11	11	11	11	11	11	11	
808	0	0	0	0	0	0	0	0	0	0	0	0	0	2	0	0	11	11	11	11	11	11	11	11	11	11	11	11	11	11	11	11	
809	0	2	2	19	0	2	2	19	2	2	2	19	2	0	2	19	11	11	11	11	11	11	11	11	11	11	11	11	11	11	11	11	
810	19	19	19	19	19	19	19	19	19	19	19	19	19	19	19	19	11	11	11	11	11	11	11	11	11	11	11	11	11	11	11	11	
811	2	19	19	19	19	19	19	19	19	19	19	19	19	19	19	19	11	11	11	11	11	11	11	11	11	11	11	11	11	11	11	11	
812	19	19	19	19	19	19	19	19	19	19	19	19	19	19	19	19	11	11	11	11	11	11	11	11	11	11	11	11	11	11	11	11	
813	19	19	19	19	19	19	19	19	19	19	19	19	19	19	19	19	11	11	11	11	11	11	11	11	11	11	11	11	11	11	11	11	
814	19	19	19	19	19	19	19	19	19	19	19	19	19	19	19	19	11	11	11	11	11	11	11	11	11	11	11	11	11	11	11	11	
815	19	19	19	19	19	19	19	19	19	19	19	19	19	19	19	19	11	11	11	11	11	11	11	11	11	11	11	11	11	11	11	11	
816	19	19	19	19	19	19	19	19	19	19	19	19	19	19	19	19	11	11	11	11	11	11	11	11	11	11	11	11	11	11	11	11	
817	19	19	19	19	19	19	19	19	19	19	19	19	19	19	19	19	11	11	11	11	11	11	11	11	11	11	11	11	11	11	11	11	
818	19	19	19	19	19	19	19	19	19	19	19	19	19	19	19	19	11	11	11	11	11	11	11	11	11	11	11	11	11	11	11	11	
819	19	19	19	112	19	19	19	19	19	19	19	19	19	19	19	19	11	11	12	13	11	11	11	12	11	11	11	12	11	11	11	11	
820	112	111	111	111	112	112	111	111	19	112	112	111	19	19	112	111	14	15	15	15	14	15	15	15	13	14	15	15	12	14	15	15	
821	112	112	0	0	111	112	0	2	111	112	112	0	111	111	112	112	15	14	12	11	15	15	13	12	15	15	14	13	15	15	15	14	
822	35	35	35	35	35	35	35	35	0	35	35	35	0	0	35	35	11	11	11	11	11	11	11	11	12	11	11	11	12	11	11	11	
823	0	0	0	0	35	0	0	0	35	0	0	0	35	35	0	0	11	11	11	12	11	11	11	11	11	11	11	11	11	11	11	11	
824	112	112	112	0	112	112	112	112	0	112	112	112	0	112	112	112	14	15	13	12	13	15	14	12	13	15	15	13	12	14	15	14	
825	2	2	2	2	0	0	2	2	0	0	0	2	0	0	0	0	11	11	11	11	11	11	11	11	12	11	11	11	12	11	11	11	
826	0	35	35	35	0	35	35	35	0	35	35	35	2	35	35	35	11	11	11	11	11	11	11	11	11	11	11	11	11	11	11	11	
827	35	0	90	90	35	0	0	2	35	0	0	0	35	0	0	0	11	11	11	11	11	11	11	11	11	11	11	11	11	11	11	11	
828	90	0	0	0	2	0	0	0	0	0	0	0	0	0	0	0	11	11	11	11	11	11	11	11	11	11	11	11	11	11	11	11	
829	0	0	0	112	0	0	0	112	0	0	0	112	0	0	0	112	11	11	13	14	11	11	12	14	11	11	12	14	11	11	12	14	
830	112	112	19	19	112	112	19	19	112	112	19	19	112	112	112	19	15	13	11	11	15	14	12	11	15	14	12	11	15	14	12	11	
831	19	19	19	19	19	19	19	19	19	19	19	19	19	19	19	19	11	11	11	11	11	11	11	11	11	11	11	11	11	11	11	11	
832	19	19	19	19	19	19	19	19	19	19	19	19	19	19	19	19	11	11	11	11	11	11	11	11	11	11	11	11	11	11	11	11	
833	19	19	19	19	19	19	19	19	19	19	19	19	19	19	19	19	11	11	11	11	11	11	11	11	11	11	11	11	11	11	11	11	
834	19	19	19	19	19	19	19	19	19	19	19	19	19	19	19	19	11	11	11	11	11	11	11	11	11	11	11	11	11	11	11	11	
835	19	19	19	19	19	19	19	19	19	19	19	19	19	19	19	19	11	11	11	11	11	11	11	11	11	11	11	11	11	11	11	11	
836	19	19	19	19	19	19	19	19	19	19	19	19	19	19	19	19	11	11	11	11	11	11	11	11	11	11	11	11	11	11	11	11	
837	19	19	19	19	19	19	19	19	19	19	19	19	19	19	19	19	11	11	11	11	11	11	11	11	11	11	11	11	11	11	11	11	
838	19	19	19	19	19	19	19	19	19	19	19	19	19	19	19	19	11	11	11	11	11	11	11	11	11	11	11	11	11	11	11	11	
839	19	19	19	19	19	19	19	19	19	19	19	19	19	19	19	19	11	11	11	11	11	11	11	11	11	11	11	11	11	11	11	11	
840	6	6	6	6	6	6	6	6	6	6	6	6	6	6	6	6	0	1	1	1	1	1	1	1	1	1	1	1	1	1	1	1	
841	6	15	15	15	6	15	15	15	6	15	15	15	6	15	15	15	2	2	3	3	2	2	3	3	2	2	3	3	2	2	3	3	
842	15	15	15	15	15	15	15	15	15	15	15	15	15	15	15	15	4	4	5	5	4	4	5	5	4	4	5	6	4	4	5	6	
843	15	15	15	15	15	15	15	15	15	15	15	15	15	15	15	15	6	6	7	8	6	7	7	8	6	7	7	8	6	7	7	8	
844	15	157	0	0	15	157	0	2	15	157	0	0	15	157	0	0	8	9	9	9	8	9	9	9	8	9	9	9	8	9	9	9	
845	0	0	35	35	0	0	35	35	0	2	35	35	0	2	35	35	10	10	10	10	10	10	10	10	10	10	10	10	10	10	10	10	
846	35	35	35	0	35	35	35	0	35	35	35	0	35	35	0	0	10	11	11	11	10	11	11	11	10	11	11	11	10	11	11	11	
847	0	0	0	2	0	0	0	0	0	0	0	0	0	0	0	0	11	11	11	11	11	11	11	11	11	11	11	11	11	11	11	11	
848	0	0	0	35	0	0	0	0	0	2	0	0	0	2	0	0	11	11	11	11	11	11	11	11	11	11	11	11	11	11	11	11	
849	35	35	35	35	35	35	35	35	0	35	35	35	0	0	0	0	11	11	11	11	11	11	11	11	11	11	11	11	11	11	11	11	
850	35	35	35	35	35	35	35	35	35	35	35	35	35	35	35	35	11	11	11	11	11	11	11	11	11	11	11	11	11	11	11	11	
851	0	0	0	0	35	35	35	0	35	35	35	35	35	35	35	35	11	11	11	11	11	11	11	11	11	11	11	11	11	11	11	11	
852	0	0	2	2	0	0	0	0	35	35	35	35	35	35	35	35	11	11	11	11	11	11	11	11	11	11	11	11	11	11	11	11	
853	0	0	0	0	0	0	0	0	35	35	35	35	35	35	35	35	11	11	11	11	11	11	11	11	11	11	11	11	11	11	11	11	
854	0	0	2	0	0	0	35	35	35	35	35	35	35	35	35	35	11	11	11	11	11	11	11	11	11	11	11	11	11	11	11	11	
855	0	0	35	35	35	35	35	35	35	35	35	35	35	35	35	35	11	11	11	11	11	11	11	11	11	11	11	11	11	11	11	11	
856	35	35	35	35	35	35	35	35	35	35	35	0	35	0	0	0	11	11	11	11	11	11	11	11	11	11	11	11	11	11	11	11	
857	35	35	35	0	35	0	0	0	0	0	0	0	90	90	90	0	11	11	11	11	11	11	11	11	11	11	11	11	11	11	11	11	
858	0	0	0	0	0	107	0	0	0	0	0	0	0	0	0	0	11	11	11	11	11	11	11	11	11	11	11	11	11	11	11	11	
859	0	0	0	0	0	0	0	0	0	0	0	0	0	0	0	2	11	11	11	11	11	11	11	11	11	11	11	11	11	11	11	11	
860	0	0	0	0	0	0	0	0	0	0	0	0	2	0	0	0	11	11	11	11	11	11	11	11	11	11	11	11	11	11	11	11	
861	0	0	0	0	0	0	90	90	0	0	90	95	0	0	90	90	11	11	11	11	11	11	11	11	11	11	11	11	11	11	11	11	
862	0	0	0	0	90	0	0	0	90	0	0	0	90	0	0	0	11	11	11	11	11	11	11	11	11	11	11	11	11	11	11	11	
863	0	0	0	0	90	90	90	0	90	96	90	0	90	90	90	0	11	11	11	11	11	11	11	11	11	11	11	11	11	11	11	11	
864	0	0	0	0	0	0	0	0	0	0	0	0	0	0	0	0	11	11	11	11	11	11	11	11	11	11	11	11	11	11	11	11	
865	0	0	35	35	0	0	35	35	0	0	35	35	0	35	35	35	11	11	11	11	11	11	11	11	11	11	11	11	11	11	11	11	
866	35	35	35	0	35	35	35	2	35	35	2	2	35	35	2	2	11	11	11	11	11	11	11	11	11	11	11	11	11	11	11	11	
867	2	0	2	2	2	2	2	2	2	2	0	2	2	0	0	0	11	11	11	11	11	11	11	11	11	11	11	11	11	11	11	11	
868	0	2	2	2	2	2	2	2	0	2	0	0	0	0	0	0	11	11	11	11	11	11	11	11	11	11	11	11	11	11	11	11	
869	2	2	2	19	2	2	2	19	2	2	19	19	2	2	19	19	11	11	11	11	11	11	11	11	11	11	11	11	11	11	11	11	
870	19	19	19	19	19	19	19	19	19	19	19	19	19	19	19	19	11	11	11	11	11	11	11	11	11	11	11	11	11	11	11	11	
871	19	19	19	19	19	19	19	19	19	19	19	19	19	19	19	19	11	11	11	11	11	11	11	11	11	11	11	11	11	11	11	11	
872	19	19	19	19	19	19	19	19	19	19	19	19	19	19	19	19	11	11	11	11	11	11	11	11	11	11	11	11	11	11	11	11	
873	19	19	19	19	19	19	19	19	19	19	19	19	19	19	19	19	11	11	11	11	11	11	11	11	11	11	11	11	11	11	11	11	
874	19	19	19	19	19	19	19	19	19	19	19	19	19	19	19	19	11	11	11	11	11	11	11	11	11	11	11	11	11	11	11	11	
875	19	19	19	19	19	19	19	19	19	19	19	19	19	19	19	19	11	11	11	11	11	11	11	11	11	11	11	11	11	11	11	11	
876	19	19	19	19	19	19	19	19	19	19	19	19	19	19	19	19	11	11	11	11	11	11	11	11	11	11	11	11	11	11	11	11	
877	19	19	19	19	19	19	19	19	19	19	19	19	19	19	19	19	11	11	11	11	11	11	11	11	11	11	11	11	11	11	11	11	
878	19	19	19	19	19	19	19	19	19	19	19	19	19	19	19	19	11	11	11	11	11	11	11	11	11	11	11	11	11	11	11	11	
879	19	19	19	19	19	19	19	19	19	19	19	19	19	19	19	19	11	11	11	11	11	11	11	11	11	11	11	11	11	11	11	11	
880	19	19	112	111	19	19	112	111	19	19	112	111	19	19	112	112	11	13	14	15	11	12	14	15	11	12	14	15	11	12	13	15	
881	111	111	112	112	111	111	112	0	111	111	112	0	111	111	112	112	15	15	15	14	15	15	14	13	15	15	14	13	15	15	15	14	
882	0	0	35	35	0	0	0	35	0	2	0	35	0	0	0	0	13	11	11	11	12	11	11	11	12	11	11	11	13	11	11	11	
883	35	35	0	0	35	35	35	0	35	35	35	0	35	35	35	35	11	11	11	11	11	11	11	11	11	11	11	11	11	11	11	11	
884	0	112	112	112	0	112	112	112	0	0	112	112	0	0	112	112	12	14	15	14	11	13	15	14	11	12	14	15	11	12	14	15	
885	112	0	0	0	112	0	0	0	112	0	0	2	112	0	0	0	13	11	11	11	13	11	11	11	13	12	11	11	14	12	11	11	
886	0	35	35	35	0	35	35	35	2	35	35	35	2	35	35	35	11	11	11	11	11	11	11	11	11	11	11	11	11	11	11	11	
887	35	0	0	0	35	0	0	0	35	0	0	0	35	0	0	0	11	11	11	11	11	11	11	11	11	11	11	11	11	11	11	11	
888	0	0	0	0	0	0	0	0	0	0	0	0	0	0	0	0	11	11	11	11	11	11	11	11	11	11	11	11	11	11	11	11	
889	0	0	0	0	0	0	0	0	0	0	0	0	2	0	0	0	11	11	12	13	11	11	11	12	11	11	11	11	11	11	11	11	
890	112	112	112	19	112	112	112	19	0	112	112	112	0	112	112	112	14	14	13	11	13	15	14	13	13	15	15	14	12	14	15	14	
891	19	19	19	19	19	19	19	19	19	19	19	19	19	19	19	19	11	11	11	11	11	11	11	11	12	11	11	11	12	11	11	11	
892	19	19	19	19	19	19	19	19	19	19	19	19	19	19	19	19	11	11	11	11	11	11	11	11	11	11	11	11	11	11	11	11	
893	19	19	19	19	19	19	19	19	19	19	19	19	19	19	19	19	11	11	11	11	11	11	11	11	11	11	11	11	11	11	11	11	
894	19	19	19	19	19	19	19	19	19	19	19	19	19	19	19	19	11	11	11	11	11	11	11	11	11	11	11	11	11	11	11	11	
895	19	19	19	19	19	2	19	2	19	19	19	19	19	19	19	19	11	11	11	11	11	11	11	11	11	11	11	11	11	11	11	11	
896	19	19	19	19	19	19	19	19	19	19	19	19	19	19	19	19	11	11	11	11	11	11	11	11	11	11	11	11	11	11	11	11	
897	19	19	19	19	19	19	19	19	19	19	19	19	19	19	19	19	11	11	11	11	11	11	11	11	11	11	11	11	11	11	11	11	
898	2	2	2	19	2	19	2	19	2	19	19	19	2	19	19	2	11	11	11	11	11	11	11	11	11	11	11	11	11	11	11	11	
899	19	19	19	19	19	19	19	19	19	19	19	19	2	19	19	19	11	11	11	11	11	11	11	11	11	11	11	11	11	11	11	11	
900	6	6	6	6	6	6	6	6	6	6	6	6	6	6	6	6	1	1	1	2	1	1	1	2	1	1	1	2	1	1	1	2	
901	6	15	15	15	6	15	15	15	6	15	15	15	6	15	15	15	2	2	3	3	2	2	3	3	2	3	3	3	2	3	3	4	
902	15	15	15	15	15	15	15	15	15	15	15	15	15	15	15	15	4	4	5	6	4	4	5	6	4	5	5	6	4	5	5	6	
903	15	15	15	15	15	15	15	15	15	15	15	15	15	15	15	15	6	7	7	8	6	7	7	8	6	7	7	8	6	7	7	8	
904	15	157	0	0	15	157	0	0	15	157	0	0	15	157	0	0	8	9	9	9	8	9	9	9	8	9	9	9	8	9	9	9	
905	0	0	35	35	0	35	35	35	0	35	35	35	0	35	35	35	10	10	10	10	10	10	10	10	10	10	10	10	10	10	10	10	
906	35	35	0	0	35	35	0	0	35	2	0	0	35	2	0	0	10	11	11	11	10	11	11	11	10	11	11	11	10	11	11	11	
907	0	0	0	0	2	0	0	0	0	0	0	0	0	0	0	0	11	11	11	11	11	11	11	11	11	11	11	11	11	11	11	11	
908	0	0	0	0	0	0	0	0	0	0	0	0	0	0	0	0	11	11	11	11	11	11	11	11	11	11	11	11	11	11	11	11	
909	0	0	0	0	0	0	0	0	2	0	0	0	0	0	0	0	11	11	11	11	11	11	11	11	11	11	11	11	11	11	11	11	
910	0	0	35	35	0	0	0	0	0	0	0	0	0	0	0	0	11	11	11	11	11	11	11	11	11	11	11	11	11	11	11	11	
911	35	35	35	35	0	0	35	35	0	0	0	0	0	2	0	0	11	11	11	11	11	11	11	11	11	11	11	11	11	11	11	11	
912	35	35	35	35	35	35	35	35	0	0	0	0	0	0	0	0	11	11	11	11	11	11	11	11	11	11	11	11	11	11	11	11	
913	35	35	35	35	35	35	35	35	0	0	0	0	0	0	0	0	11	11	11	11	11	11	11	11	11	11	11	11	11	11	11	11	
914	35	35	35	35	35	35	35	0	0	0	0	0	0	0	0	0	11	11	11	11	11	11	11	11	11	11	11	11	11	11	11	11	
915	35	35	0	0	0	0	0	0	0	0	0	0	0	0	0	0	11	11	11	11	11	11	11	11	11	11	11	11	11	11	11	11	
916	0	0	0	0	0	0	21	0	0	21	21	0	0	21	0	0	11	11	11	11	11	11	11	11	11	11	11	11	11	11	11	11	
917	90	97	90	0	90	90	90	0	0	0	0	0	0	0	0	0	11	11	11	11	11	11	11	11	11	11	11	11	11	11	11	11	
918	0	0	0	0	0	0	0	0	0	0	0	0	0	0	0	0	11	11	11	11	11	11	11	11	11	11	11	11	11	11	11	11	
919	0	0	0	0	0	0	0	0	0	0	2	0	0	0	0	0	11	11	11	11	11	11	11	11	11	11	11	11	11	11	11	11	
920	2	0	0	0	0	0	2	0	0	0	0	0	0	0	0	0	11	11	11	11	11	11	11	11	11	11	11	11	11	11	11	11	
921	0	0	0	0	0	0	0	0	0	0	0	0	0	0	2	0	11	11	11	11	11	11	11	11	11	11	11	11	11	11	11	11	
922	0	0	0	0	0	0	0	0	0	0	0	0	0	0	0	0	11	11	11	11	11	11	11	11	11	11	11	11	11	11	11	11	
923	0	0	0	0	0	0	0	0	0	0	0	2	0	0	0	0	11	11	11	11	11	11	11	11	11	11	11	11	11	11	11	11	
924	0	0	0	0	0	0	0	0	0	0	0	35	0	0	0	35	11	11	11	11	11	11	11	11	11	11	11	11	11	11	11	11	
925	2	35	35	35	35	35	35	35	35	35	35	35	35	35	35	35	11	11	11	11	11	11	11	11	11	11	11	11	11	11	11	11	
926	35	35	2	2	35	0	0	0	35	0	0	0	0	0	0	0	11	11	11	11	11	11	11	11	11	11	11	11	11	11	12	12	
927	0	0	0	0	0	0	0	0	0	0	0	2	0	0	2	0	11	11	11	11	11	11	11	11	11	11	11	11	11	11	11	11	
928	0	0	0	2	0	0	0	0	0	0	0	2	0	0	0	2	11	11	11	11	11	11	11	11	11	11	11	11	11	11	11	11	
929	2	19	19	19	2	19	19	19	2	19	19	19	19	19	19	19	11	11	11	11	11	11	11	11	11	11	11	11	11	11	11	11	
930	19	19	19	19	19	19	19	19	19	19	19	19	19	19	19	19	11	11	11	11	11	11	11	11	11	11	11	11	11	11	11	11	
931	19	19	19	19	19	19	19	19	19	19	19	19	19	19	19	19	11	11	11	11	11	11	11	11	11	11	11	11	11	11	11	11	
932	19	19	19	19	19	19	19	19	19	19	19	19	19	19	19	19	11	11	11	11	11	11	11	11	11	11	11	11	11	11	11	11	
933	19	19	19	19	19	19	19	19	19	19	19	19	19	19	19	19	11	11	11	11	11	11	11	11	11	11	11	11	11	11	11	11	
934	19	19	19	19	19	19	19	19	19	19	19	19	19	19	19	19	11	11	11	11	11	11	11	11	11	11	11	11	11	11	11	11	
935	19	19	19	19	19	19	19	19	19	19	19	19	19	19	19	19	11	11	11	11	11	11	11	11	11	11	11	11	11	11	11	11	
936	19	19	19	19	19	19	19	19	19	19	19	19	19	19	19	19	11	11	11	11	11	11	11	11	11	11	11	11	11	11	11	11	
937	19	19	19	19	19	19	19	19	19	19	19	19	19	19	19	19	11	11	11	11	11	11	11	11	11	11	11	11	11	11	11	11	
938	19	19	19	19	19	19	19	19	2	19	19	19	2	19	19	19	11	11	11	11	11	11	11	11	11	11	11	11	11	11	11	11	
939	19	19	19	19	19	19	19	19	19	19	19	19	19	19	19	19	11	11	11	11	11	11	11	11	11	11	11	11	11	11	11	11	
940	19	19	19	112	19	19	19	112	19	19	19	112	19	19	19	19	11	12	14	15	11	12	13	14	11	11	12	13	11	11	11	11	
941	111	111	111	112	111	111	111	112	112	111	111	111	112	111	111	111	15	15	15	15	15	15	15	15	14	15	15	15	13	15	15	15	
942	0	2	0	0	112	0	0	0	112	112	0	0	111	112	112	0	13	12	11	11	14	13	11	11	15	14	12	11	15	14	13	12	
943	35	35	35	35	0	35	35	35	0	35	35	35	0	2	35	35	11	11	11	11	11	11	11	11	11	11	11	11	12	11	11	11	
944	35	0	112	112	35	0	0	112	35	35	0	112	35	35	0	112	11	11	13	15	11	11	13	14	11	11	12	14	11	11	12	14	
945	112	0	0	2	112	112	0	0	112	112	0	0	112	112	0	0	14	12	11	11	15	13	11	11	15	14	12	11	15	14	12	11	
946	2	35	35	35	2	35	35	35	2	35	35	35	0	35	35	35	11	11	11	11	11	11	11	11	11	11	11	11	11	11	11	11	
947	35	0	0	0	35	0	0	0	35	2	0	0	35	2	2	0	11	11	11	11	11	11	11	11	11	11	11	11	11	11	11	11	
948	0	0	0	2	0	0	2	30	0	0	0	2	0	0	0	0	11	11	11	11	11	11	11	11	11	11	11	11	11	11	11	11	
949	30	2	0	0	10	30	2	0	30	2	0	0	2	0	0	0	11	11	11	11	11	11	11	11	11	11	11	11	11	11	11	11	
950	0	0	112	112	0	0	112	112	0	0	0	112	0	0	0	112	11	12	14	14	11	12	14	15	11	11	12	14	11	11	12	14	
951	112	19	19	19	112	19	19	19	112	112	19	19	112	112	19	19	14	12	11	11	14	12	11	11	14	12	11	11	15	13	12	11	
952	19	19	19	19	19	19	19	19	19	19	19	19	19	19	19	19	11	11	11	11	11	11	11	11	11	11	11	11	11	11	11	11	
953	19	19	19	19	19	19	19	19	19	19	19	19	19	19	19	19	11	11	11	11	11	11	11	11	11	11	11	11	11	11	11	11	
954	19	19	19	19	19	19	19	19	19	19	19	19	19	19	19	19	11	11	11	11	11	11	11	11	11	11	11	11	11	11	11	11	
955	19	19	19	19	19	19	19	19	19	19	19	19	19	19	19	19	11	11	11	11	11	11	11	11	11	11	11	11	11	11	11	11	
956	19	19	19	19	19	19	19	19	19	19	19	19	19	19	19	19	11	11	11	11	11	11	11	11	11	11	11	11	11	11	11	11	
957	19	19	19	19	19	19	19	19	19	19	19	19	19	19	19	19	11	11	11	11	11	11	11	11	11	11	11	11	11	11	11	11	
958	2	2	2	19	19	2	19	19	2	2	19	19	19	19	19	19	11	11	11	11	11	11	11	11	11	11	11	11	11	11	11	11	
959	19	19	19	19	19	19	19	19	19	19	19	19	19	19	19	19	11	11	11	11	11	11	11	11	11	11	11	11	11	11	11	11	
960	6	6	6	6	6	6	6	6	6	6	6	6	6	6	6	6	1	1	1	2	1	1	1	2	1	1	1	2	1	1	1	2	
961	6	15	15	15	6	15	15	15	6	15	15	15	6	15	15	15	2	3	3	4	2	3	3	4	2	3	3	4	2	3	3	4	
962	15	15	15	15	15	15	15	15	15	15	15	15	15	15	15	15	4	5	5	6	4	5	5	6	4	5	5	6	4	5	5	6	
963	15	15	15	15	15	15	15	15	15	15	15	15	15	15	15	15	6	7	7	8	6	7	7	8	6	7	7	8	6	7	7	8	
964	15	157	0	0	15	157	0	2	15	157	0	0	15	157	0	2	8	9	9	9	8	9	9	9	8	9	9	9	8	9	9	9	
965	0	35	35	35	0	35	35	35	2	35	35	35	2	35	35	35	10	10	10	10	10	10	10	10	10	10	10	10	10	10	10	10	
966	35	2	0	0	35	2	0	0	35	2	0	0	35	2	0	0	10	11	11	11	11	11	11	11	11	11	11	11	11	11	11	11	
967	0	0	0	0	0	0	0	0	0	0	0	0	0	0	0	0	11	11	11	11	11	11	11	11	11	11	11	11	11	11	11	11	
968	2	0	0	0	0	0	0	0	0	0	0	0	0	2	2	0	11	11	11	11	11	11	11	11	11	11	11	11	11	11	11	11	
969	0	0	0	0	0	0	0	0	0	0	0	0	0	0	0	0	11	11	11	11	11	11	11	11	11	11	11	11	11	11	11	11	
970	0	0	0	0	0	0	0	0	0	0	0	0	0	0	0	0	11	11	11	11	11	11	11	11	11	11	11	11	11	11	11	11	
971	0	0	0	0	0	0	0	0	0	0	0	0	0	0	0	0	11	11	11	11	11	11	11	11	11	11	11	11	11	11	11	11	
972	0	0	0	0	0	0	0	0	2	0	0	0	0	0	0	0	11	11	11	11	11	11	11	11	11	11	11	11	11	11	11	11	
973	0	0	2	0	0	0	0	0	0	0	0	0	0	0	0	0	11	11	11	11	11	11	11	11	11	11	11	11	11	11	11	11	
974	0	0	0	0	0	0	2	0	0	0	0	0	0	0	0	0	11	11	11	11	11	11	11	11	11	11	11	11	11	11	11	11	
975	0	0	0	0	0	0	0	0	2	0	0	0	0	0	0	0	11	11	11	11	11	11	11	11	11	11	11	11	11	11	11	11	
976	0	21	0	0	0	21	0	0	0	21	0	0	21	21	0	0	11	11	11	11	11	11	11	11	11	11	11	11	11	11	11	11	
977	0	0	0	0	0	0	0	0	0	0	0	0	0	2	0	0	11	11	11	11	11	11	11	11	11	11	11	11	11	11	11	11	
978	0	0	58	76	0	0	76	43	0	0	58	43	0	0	58	43	11	11	11	11	11	11	11	11	11	11	11	11	11	11	11	11	
979	58	58	67	58	43	43	43	43	43	43	43	43	43	43	43	43	11	11	11	11	11	11	11	11	11	11	11	11	11	11	11	11	
980	76	58	0	0	43	76	0	0	43	58	0	0	43	58	0	0	11	11	11	11	11	11	11	11	11	11	11	11	11	11	11	11	
981	0	2	0	0	0	0	0	0	0	0	0	0	2	0	0	0	11	11	11	11	11	11	11	11	11	11	11	11	11	11	11	11	
982	0	2	0	0	0	0	2	2	0	0	0	0	0	0	0	0	11	11	11	11	11	11	11	11	11	11	11	11	11	11	11	11	
983	0	0	0	0	0	0	0	0	0	0	0	0	0	0	0	35	11	11	11	11	11	11	11	11	11	11	11	11	11	11	11	11	
984	0	0	35	35	0	35	35	35	35	35	35	35	35	35	35	35	11	11	11	11	11	11	11	11	11	11	11	11	11	11	11	11	
985	35	35	35	0	35	35	35	0	35	35	90	90	35	90	98	90	11	11	11	11	11	11	11	11	11	11	11	11	11	11	11	11	
986	0	0	112	112	0	0	112	112	0	0	0	112	0	2	0	0	11	12	13	14	11	12	14	15	11	12	13	13	11	11	11	12	
987	112	0	0	2	112	112	0	0	112	112	0	0	112	112	112	112	13	12	11	11	14	14	13	12	15	15	14	12	14	15	15	13	
988	2	0	2	2	0	0	2	19	0	2	2	19	0	2	19	19	11	11	11	11	11	11	11	11	11	11	11	11	12	11	11	11	
989	19	19	19	19	19	19	19	19	19	19	19	19	19	19	19	19	11	11	11	11	11	11	11	11	11	11	11	11	11	11	11	11	
990	19	19	19	19	19	19	19	19	19	19	19	19	19	19	19	19	11	11	11	11	11	11	11	11	11	11	11	11	11	11	11	11	
991	19	19	19	19	19	19	19	19	19	19	19	19	19	19	19	19	11	11	11	11	11	11	11	11	11	11	11	11	11	11	11	11	
992	19	19	19	19	19	19	19	19	19	19	19	19	19	19	19	19	11	11	11	11	11	11	11	11	11	11	11	11	11	11	11	11	
993	19	19	19	19	19	19	19	19	19	19	19	19	19	19	19	19	11	11	11	11	11	11	11	11	11	11	11	11	11	11	11	11	
994	19	19	19	19	19	19	19	19	19	19	19	19	19	19	19	19	11	11	11	11	11	11	11	11	11	11	11	11	11	11	11	11	
995	19	19	19	19	19	19	19	19	19	19	19	19	19	19	19	19	11	11	11	11	11	11	11	11	11	11	11	11	11	11	11	11	
996	19	19	19	19	19	19	19	19	19	19	19	19	19	19	19	19	11	11	11	11	11	11	11	11	11	11	11	11	11	11	11	11	
997	19	19	19	19	19	19	19	19	19	19	19	19	19	19	19	19	11	11	11	11	11	11	11	11	11	11	11	11	11	11	11	11	
998	19	19	19	19	19	19	19	19	19	19	19	19	19	19	19	19	11	11	11	11	11	11	11	11	11	11	11	11	11	11	11	11	
999	19	19	19	19	19	19	19	19	19	19	19	19	19	19	19	19	11	11	11	11	11	11	11	11	11	11	11	11	11	11	11	11	
1000	19	19	19	19	19	19	19	19	19	19	19	19	19	19	19	19	11	11	11	11	11	11	11	11	11	11	11	11	11	11	11	11	
1001	112	111	111	111	112	112	111	111	19	112	112	112	19	19	19	112	12	14	15	15	12	14	15	15	12	14	14	15	11	12	13	14	
1002	111	111	112	112	111	111	111	112	111	111	111	112	112	111	111	112	15	15	15	14	15	15	15	15	15	15	15	15	15	15	15	15	
1003	0	0	35	35	0	0	0	35	0	0	0	35	112	0	0	35	12	11	11	11	13	11	11	11	14	12	11	11	14	12	11	11	
1004	35	35	0	112	35	35	0	0	35	35	35	0	35	35	35	0	11	11	11	13	11	11	11	12	11	11	11	12	11	11	11	12	
1005	112	112	0	0	112	112	112	0	112	112	112	0	112	112	112	0	14	14	12	11	14	14	12	11	14	14	13	11	14	15	13	12	
1006	0	35	35	35	2	35	35	35	2	35	35	35	2	35	35	35	11	11	11	11	11	11	11	11	11	11	11	11	11	11	11	11	
1007	35	0	2	2	35	2	2	0	35	2	0	0	35	0	0	0	11	11	11	11	11	11	11	11	11	11	11	11	11	11	11	11	
1008	2	0	0	0	0	2	2	0	0	0	0	2	0	0	0	2	11	11	11	11	11	11	11	11	11	11	11	11	11	11	11	11	
1009	0	0	0	0	0	0	0	0	2	0	0	0	2	0	2	0	11	11	11	11	11	11	11	11	11	11	11	11	11	11	11	11	
1010	0	0	0	112	0	0	0	112	0	0	0	0	0	0	2	0	11	11	12	14	11	11	11	13	11	11	11	12	11	11	11	11	
1011	112	112	19	19	112	112	112	19	112	112	112	19	112	112	112	112	15	14	13	11	14	15	13	12	14	15	14	13	13	15	14	13	
1012	19	19	2	19	19	2	19	19	19	19	19	19	19	19	19	19	11	11	11	11	11	11	11	11	11	11	11	11	11	11	11	11	
1013	19	19	19	19	19	19	19	19	19	19	19	19	19	19	19	19	11	11	11	11	11	11	11	11	11	11	11	11	11	11	11	11	
1014	19	19	19	19	19	19	19	19	19	19	19	19	19	19	19	19	11	11	11	11	11	11	11	11	11	11	11	11	11	11	11	11	
1015	19	19	19	19	19	19	19	19	19	19	19	19	19	19	19	19	11	11	11	11	11	11	11	11	11	11	11	11	11	11	11	11	
1016	19	19	19	19	19	19	19	19	19	19	19	19	19	19	19	19	11	11	11	11	11	11	11	11	11	11	11	11	11	11	11	11	
1017	19	19	19	19	19	19	19	19	19	19	19	19	19	19	19	19	11	11	11	11	11	11	11	11	11	11	11	11	11	11	11	11	
1018	19	19	19	19	19	19	19	19	19	19	19	19	19	19	19	19	11	11	11	11	11	11	11	11	11	11	11	11	11	11	11	11	
1019	19	19	19	19	19	19	19	19	19	19	19	19	19	19	19	19	11	11	11	11	11	11	11	11	11	11	11	11	11	11	11	11	
1020	6	6	6	6	6	6	6	6	6	6	6	6	6	6	6	6	1	1	1	2	1	1	1	2	1	1	1	2	1	1	1	2	
1021	6	15	15	15	6	15	15	15	6	15	15	15	6	15	15	15	2	3	3	4	2	3	3	4	2	3	3	4	2	3	3	4	
1022	15	15	15	15	15	15	15	15	15	15	15	15	15	15	15	15	4	5	5	6	4	5	5	6	4	5	5	6	4	5	5	6	
1023	15	15	15	15	15	15	15	15	15	15	15	15	15	15	15	15	6	7	7	8	6	7	8	8	7	7	8	8	7	7	8	8	
1024	15	157	0	0	15	157	0	2	15	157	0	0	15	157	0	0	8	9	9	9	8	9	9	10	8	9	9	10	8	9	9	10	
1025	2	35	35	35	0	35	35	35	2	35	35	35	0	35	35	35	10	10	10	10	10	10	10	10	10	10	10	10	10	10	10	10	
1026	35	0	0	2	35	2	0	2	35	2	2	2	35	2	0	2	11	11	11	11	11	11	11	11	11	11	11	11	11	11	11	11	
1027	0	0	0	0	2	0	0	0	0	0	0	0	0	0	0	0	11	11	11	11	11	11	11	11	11	11	11	11	11	11	11	11	
1028	0	0	0	0	0	0	0	0	0	0	0	2	0	0	0	0	11	11	11	11	11	11	11	11	11	11	11	11	11	11	11	11	
1029	0	0	0	0	0	0	0	0	0	0	0	0	0	0	0	0	11	11	11	11	11	11	11	11	11	11	11	11	11	11	11	11	
1030	2	0	0	0	0	0	0	0	0	0	0	0	0	0	0	0	11	11	11	11	11	11	11	11	11	11	11	11	11	11	11	11	
1031	0	2	0	0	0	0	0	0	0	0	0	0	0	0	0	0	11	11	11	11	11	11	11	11	11	11	11	11	11	11	11	11	
1032	0	0	0	0	0	0	0	0	0	0	0	0	0	0	0	0	11	11	11	11	11	11	11	11	11	11	11	11	11	11	11	11	
1033	0	2	0	2	0	0	0	0	0	0	0	0	0	0	0	0	11	11	11	11	11	11	11	11	11	11	11	11	11	11	11	11	
1034	0	0	0	0	0	0	0	0	0	0	0	0	0	0	0	0	11	11	11	11	11	11	11	11	11	11	11	11	11	11	11	11	
1035	0	0	0	0	2	0	0	0	0	0	0	0	0	0	0	0	11	11	11	11	11	11	11	11	11	11	11	11	11	11	11	11	
1036	21	0	0	0	21	0	0	0	21	0	0	0	21	0	0	0	11	11	11	11	11	11	11	11	11	11	11	11	11	11	11	11	
1037	0	0	0	0	0	2	0	0	0	0	0	0	0	0	0	0	11	11	11	11	11	11	11	11	11	11	11	11	11	11	11	11	
1038	0	0	76	43	0	0	58	76	0	2	0	0	0	0	0	0	11	11	11	11	11	11	11	11	11	11	11	11	11	11	11	11	
1039	43	43	43	43	58	58	67	58	2	0	2	0	0	0	2	0	11	11	11	11	11	11	11	11	11	11	11	11	11	11	11	11	
1040	43	76	0	0	76	58	0	0	0	0	0	0	2	0	0	2	11	11	11	11	11	11	11	11	11	11	11	11	11	11	11	11	
1041	0	0	0	0	0	0	0	0	0	0	2	2	2	2	2	2	11	11	11	11	11	11	11	11	11	11	11	11	11	11	11	11	
1042	0	0	0	0	0	2	2	2	2	2	2	2	2	2	2	2	11	11	11	11	11	11	11	11	11	11	11	11	11	11	11	11	
1043	0	0	35	35	2	35	35	35	35	35	35	35	35	35	35	35	11	11	11	11	11	11	11	11	11	11	11	11	11	11	11	11	
1044	35	35	35	35	35	35	35	0	35	35	0	0	35	0	0	0	11	11	11	11	11	11	11	11	11	11	11	11	11	11	11	11	
1045	0	90	90	90	0	0	0	0	0	0	0	0	0	0	0	0	11	11	11	11	11	11	11	11	11	11	11	11	11	11	11	11	
1046	0	2	0	0	0	2	0	0	0	0	0	0	0	0	2	0	11	11	11	11	11	11	11	11	11	11	11	11	11	11	11	11	
1047	0	112	112	112	0	0	112	112	0	0	0	112	0	0	0	0	12	14	15	14	12	13	14	15	11	12	12	13	11	11	11	13	
1048	112	2	19	19	112	112	19	19	112	112	19	19	112	112	112	112	14	13	11	11	15	13	12	11	15	14	13	12	14	15	14	13	
1049	19	19	19	19	19	19	19	19	19	19	19	19	19	19	19	19	11	11	11	11	11	11	11	11	11	11	11	11	11	11	11	11	
1050	19	19	19	19	19	19	19	19	19	19	19	19	19	19	19	19	11	11	11	11	11	11	11	11	11	11	11	11	11	11	11	11	
1051	19	19	19	19	19	19	19	19	19	19	19	19	19	19	19	19	11	11	11	11	11	11	11	11	11	11	11	11	11	11	11	11	
1052	19	19	19	19	19	19	19	19	19	19	19	19	19	19	19	19	11	11	11	11	11	11	11	11	11	11	11	11	11	11	11	11	
1053	19	19	19	19	19	19	19	19	19	19	19	19	19	19	19	19	11	11	11	11	11	11	11	11	11	11	11	11	11	11	11	11	
1054	19	19	19	19	19	19	19	19	19	19	19	19	19	19	19	19	11	11	11	11	11	11	11	11	11	11	11	11	11	11	11	11	
1055	19	19	19	19	19	19	19	19	19	19	19	19	19	19	19	19	11	11	11	11	11	11	11	11	11	11	11	11	11	11	11	11	
1056	19	19	19	19	19	19	19	19	19	19	19	19	19	19	19	19	11	11	11	11	11	11	11	11	11	11	11	11	11	11	11	11	
1057	19	19	19	19	19	19	19	19	19	19	2	19	19	19	19	19	11	11	11	11	11	11	11	11	11	11	11	11	11	11	11	11	
1058	19	19	19	19	19	19	19	19	19	19	19	19	19	19	19	19	11	11	11	11	11	11	11	11	11	11	11	11	11	11	11	11	
1059	19	19	19	19	19	19	19	19	19	19	19	19	19	19	19	19	11	11	11	11	11	11	11	11	11	11	11	11	11	11	11	11	
1060	19	19	19	19	19	19	19	19	19	19	19	19	19	19	19	19	11	11	11	11	11	11	11	11	11	11	11	11	11	11	11	11	
1061	19	19	19	19	19	19	19	19	19	19	19	19	19	19	19	19	11	11	12	14	11	11	12	13	11	11	11	11	11	11	11	11	
1062	112	112	111	111	19	112	111	111	19	112	111	111	19	112	111	111	15	15	15	15	14	15	15	15	13	14	15	15	12	14	15	15	
1063	112	0	0	35	112	0	0	0	112	0	2	0	112	0	0	0	14	12	11	11	14	13	11	11	14	12	11	11	14	13	11	11	
1064	35	35	35	0	35	35	35	0	35	35	35	0	35	35	35	35	11	11	11	12	11	11	11	12	11	11	11	12	11	11	11	11	
1065	112	112	112	0	112	112	112	0	112	112	112	112	0	112	112	112	14	15	14	12	14	15	14	13	13	15	14	13	13	14	14	12	
1066	2	35	35	35	0	35	35	35	0	35	35	35	0	35	35	35	11	11	11	11	11	11	11	11	11	11	11	11	11	11	11	11	
1067	0	0	2	0	0	2	0	0	0	2	0	0	0	2	90	90	11	11	11	11	11	11	11	11	11	11	11	11	11	11	11	11	
1068	0	0	0	0	0	0	0	0	0	0	0	0	90	0	0	0	11	11	11	11	11	11	11	11	11	11	11	11	11	11	11	11	
1069	0	0	2	2	0	0	2	2	0	0	0	0	0	0	0	0	11	11	11	11	11	11	11	11	11	11	11	11	11	11	11	11	
1070	2	2	2	0	0	0	2	0	0	2	2	0	0	0	0	0	11	11	11	11	11	11	11	11	11	11	11	11	11	11	11	11	
1071	0	112	112	112	0	112	112	112	0	112	112	112	0	0	112	112	12	14	15	13	12	13	15	14	11	13	14	14	11	12	14	15	
1072	19	19	19	19	19	19	19	19	112	19	19	19	112	19	19	19	11	11	11	11	12	11	11	11	13	11	11	11	14	12	11	11	
1073	19	19	19	19	19	19	19	19	19	19	19	19	19	19	19	19	11	11	11	11	11	11	11	11	11	11	11	11	11	11	11	11	
1074	19	19	19	19	19	19	19	19	19	19	19	19	19	19	19	19	11	11	11	11	11	11	11	11	11	11	11	11	11	11	11	11	
1075	19	19	19	19	19	19	19	19	19	19	19	19	19	19	0	0	11	11	11	11	11	11	11	11	11	11	11	11	11	11	11	11	
1076	19	19	19	19	19	19	19	19	19	19	19	19	0	0	2	0	11	11	11	11	11	11	11	11	11	11	11	11	11	11	11	11	
1077	19	19	19	19	19	19	19	19	19	19	19	19	0	0	19	19	11	11	11	11	11	11	11	11	11	11	11	11	11	11	11	11	
1078	19	19	19	19	19	19	19	19	19	19	19	19	19	19	19	19	11	11	11	11	11	11	11	11	11	11	11	11	11	11	11	11	
1079	19	19	19	19	19	19	19	19	19	19	19	19	19	19	19	19	11	11	11	11	11	11	11	11	11	11	11	11	11	11	11	11	
1080	6	6	6	6	6	6	6	6	6	6	6	6	6	6	6	6	1	1	1	2	1	1	1	2	1	1	1	2	1	1	2	2	
1081	6	15	15	15	6	15	15	15	6	15	15	15	6	15	15	15	2	3	3	4	2	3	3	4	2	3	3	4	2	3	3	4	
1082	15	15	15	15	15	15	15	15	15	15	15	15	15	15	15	15	4	5	6	6	4	5	6	6	4	5	6	6	4	5	6	6	
1083	15	15	15	15	15	15	15	15	15	15	15	15	15	15	15	15	7	7	8	8	7	7	8	8	7	7	8	8	7	7	8	8	
1084	15	157	0	0	15	157	0	0	15	157	0	0	15	157	0	0	8	9	9	10	8	9	9	10	8	9	9	10	8	9	9	10	
1085	0	35	35	35	2	35	35	35	0	35	35	35	0	35	35	35	10	10	10	10	10	10	10	10	10	10	10	10	10	10	10	10	
1086	35	2	0	2	35	0	0	2	35	0	0	0	35	0	0	0	11	11	11	11	11	11	11	11	11	11	11	11	11	11	11	11	
1087	0	0	0	0	0	0	0	0	0	0	0	0	0	0	0	0	11	11	11	11	11	11	11	11	11	11	11	11	11	11	11	11	
1088	0	0	0	0	0	0	0	0	0	0	0	2	0	0	0	0	11	11	11	11	11	11	11	11	11	11	11	11	11	11	11	11	
1089	0	0	0	0	0	0	0	0	0	0	0	0	0	0	0	0	11	11	11	11	11	11	11	11	11	11	11	11	11	11	11	11	
1090	0	0	0	0	0	0	0	0	0	0	0	0	2	0	0	0	11	11	11	11	11	11	11	11	11	11	11	11	11	11	11	11	
1091	0	0	0	0	0	0	2	0	0	0	0	0	0	0	0	0	11	11	11	11	11	11	11	11	11	11	11	11	11	11	11	11	
1092	0	0	0	0	2	0	0	0	0	0	0	0	0	0	0	0	11	11	11	11	11	11	11	11	11	11	11	11	11	11	11	11	
1093	0	0	0	0	0	2	0	0	0	0	0	0	0	0	0	0	11	11	11	11	11	11	11	11	11	11	11	11	11	11	11	11	
1094	0	0	0	0	0	0	0	2	0	0	0	0	0	0	0	0	11	11	11	11	11	11	11	11	11	11	11	11	11	11	11	11	
1095	0	0	0	21	0	0	0	21	0	0	0	21	0	0	0	21	11	11	11	11	11	11	11	11	11	11	11	11	11	11	11	11	
1096	21	0	0	0	0	0	0	0	0	0	0	0	0	0	0	0	11	11	11	11	11	11	11	11	11	11	11	11	11	11	11	11	
1097	0	0	0	0	0	0	0	0	0	0	0	0	0	0	0	0	11	11	11	11	11	11	11	11	11	11	11	11	11	11	11	11	
1098	0	0	0	0	0	0	0	0	0	0	0	107	0	0	0	0	11	11	11	11	11	11	11	11	11	11	11	11	11	11	11	11	
1099	0	0	2	2	0	0	0	0	0	0	0	0	0	0	0	0	11	11	11	11	11	11	11	11	11	11	11	11	11	11	11	11	
1100	2	2	2	2	0	0	0	0	0	0	0	0	0	0	0	0	11	11	11	11	11	11	11	11	11	11	11	11	11	11	11	11	
1101	2	2	2	2	0	2	2	2	0	2	2	2	0	2	2	2	11	11	11	11	11	11	11	11	11	11	11	11	11	11	11	11	
1102	2	2	2	2	2	2	2	2	2	2	2	2	2	2	2	2	11	11	11	11	11	11	11	11	11	11	11	11	11	11	11	11	
1103	35	35	35	35	35	35	35	2	2	2	2	0	2	2	2	0	11	11	11	11	11	11	11	11	11	11	11	11	11	11	11	11	
1104	2	0	0	0	0	0	0	0	0	0	107	0	0	0	0	0	11	11	11	11	11	11	11	11	11	11	11	11	11	11	11	11	
1105	0	0	0	0	0	0	0	0	0	0	2	0	0	0	2	0	11	11	11	11	11	11	11	11	11	11	11	11	11	11	11	11	
1106	0	0	0	0	0	0	0	0	0	2	2	0	2	0	0	0	11	11	11	11	11	11	11	11	11	11	11	11	11	11	11	11	
1107	0	0	0	0	2	0	0	0	0	0	2	0	0	0	0	2	11	11	11	12	11	11	11	11	11	11	11	11	11	11	11	11	
1108	112	112	112	112	0	0	112	112	0	0	0	112	0	0	0	0	13	14	14	14	12	12	14	14	11	11	12	14	11	11	12	13	
1109	112	19	19	19	112	112	19	19	112	112	112	19	112	112	112	19	12	11	11	11	13	12	11	11	14	13	12	11	15	15	14	13	
1110	19	19	19	19	19	19	19	19	19	19	19	19	19	19	19	19	11	11	11	11	11	11	11	11	11	11	11	11	11	11	11	11	
1111	19	19	19	19	19	19	19	19	19	19	19	19	19	19	19	19	11	11	11	11	11	11	11	11	11	11	11	11	11	11	11	11	
1112	19	19	19	19	19	19	19	19	19	19	19	19	19	19	19	19	11	11	11	11	11	11	11	11	11	11	11	11	11	11	11	11	
1113	19	19	19	19	19	19	19	19	19	19	19	19	19	19	19	19	11	11	11	11	11	11	11	11	11	11	11	11	11	11	11	11	
1114	19	19	19	19	19	19	19	19	19	19	19	19	19	19	19	19	11	11	11	11	11	11	11	11	11	11	11	11	11	11	11	11	
1115	19	19	19	19	19	19	19	19	19	19	19	19	19	19	19	19	11	11	11	11	11	11	11	11	11	11	11	11	11	11	11	11	
1116	19	19	19	19	19	19	19	19	19	19	19	19	19	19	19	19	11	11	11	11	11	11	11	11	11	11	11	11	11	11	11	11	
1117	19	19	19	19	19	19	19	19	19	19	19	19	19	19	19	19	11	11	11	11	11	11	11	11	11	11	11	11	11	11	11	11	
1118	19	19	19	19	19	19	19	19	19	19	19	19	19	19	19	19	11	11	11	11	11	11	11	11	11	11	11	11	11	11	11	11	
1119	19	19	19	19	19	19	19	19	19	19	19	19	19	19	19	19	11	11	11	11	11	11	11	11	11	11	11	11	11	11	11	11	
1120	19	19	19	19	19	19	19	19	19	19	19	19	19	19	19	19	11	11	11	11	11	11	11	11	11	11	11	11	11	11	11	11	
1121	19	19	19	19	19	19	19	19	19	19	19	19	19	19	19	19	11	11	11	11	11	11	11	11	11	11	11	11	11	11	11	11	
1122	19	112	112	111	19	19	112	111	19	19	112	111	19	19	112	111	12	14	15	15	12	13	15	15	11	13	15	15	11	12	14	15	
1123	112	0	0	0	112	112	0	0	111	112	0	2	111	112	2	0	15	13	11	11	15	13	12	11	15	14	12	11	15	15	13	11	
1124	35	35	35	35	35	35	35	35	35	35	35	35	0	35	35	35	11	11	11	11	11	11	11	11	11	11	11	11	11	11	11	11	
1125	0	112	112	112	0	112	112	112	0	112	112	112	0	112	112	112	12	14	14	12	12	14	15	13	12	14	15	13	12	14	15	13	
1126	0	35	35	35	0	35	35	35	0	35	35	35	0	35	35	35	11	11	11	11	11	11	11	11	11	11	11	11	11	11	11	11	
1127	0	0	90	94	0	2	90	90	2	2	0	0	2	2	0	0	11	11	11	11	11	11	11	11	11	11	11	11	11	11	11	11	
1128	90	0	0	0	90	0	0	0	0	0	0	0	0	0	0	0	11	11	11	11	11	11	11	11	11	11	11	11	11	11	11	11	
1129	0	0	0	0	0	0	2	0	0	2	2	2	0	2	2	0	11	11	11	11	11	11	11	11	11	11	11	11	11	11	11	11	
1130	0	2	0	0	2	2	0	0	2	0	0	0	0	0	0	0	11	11	11	11	11	11	11	11	11	11	11	11	11	11	11	11	
1131	0	2	112	112	0	0	0	0	0	0	0	0	0	2	2	0	11	12	13	14	11	11	12	12	11	11	11	11	11	11	11	11	
1132	112	0	0	0	0	0	0	0	0	0	0	0	0	0	0	0	13	12	11	11	12	11	11	11	11	11	11	11	11	11	11	11	
1133	0	0	0	0	0	0	0	0	0	0	2	2	0	2	2	0	11	11	11	11	11	11	11	11	11	11	11	11	11	11	11	11	
1134	2	0	0	0	2	0	0	0	0	2	0	0	0	0	0	0	11	11	11	11	11	11	11	11	11	11	11	11	11	11	11	11	
1135	0	0	0	0	0	0	0	0	0	0	0	0	0	0	0	0	11	11	11	11	11	11	11	11	11	11	11	11	11	11	11	11	
1136	0	2	2	0	0	0	0	0	0	2	0	2	0	0	0	0	11	11	11	11	11	11	11	11	11	11	11	11	11	11	11	11	
1137	0	0	0	0	0	0	0	0	0	0	0	0	0	0	0	2	11	11	11	11	11	11	11	11	11	11	11	11	11	11	11	11	
1138	0	0	0	0	0	0	0	0	0	0	0	0	0	0	0	0	11	11	11	11	11	11	11	11	11	11	11	11	11	11	11	11	
1139	0	0	0	0	0	0	0	0	0	0	0	0	0	0	0	0	11	11	11	11	11	11	11	11	11	11	11	11	11	11	11	11	
1140	6	6	6	6	6	6	6	6	6	6	6	6	6	6	6	6	1	1	2	2	1	1	2	2	1	1	2	2	1	1	2	2	
1141	6	15	15	15	6	15	15	15	6	15	15	15	6	15	15	15	2	3	3	4	3	3	3	4	3	3	3	4	3	3	3	4	
1142	15	15	15	15	15	15	15	15	15	15	15	15	15	15	15	15	4	5	6	6	4	5	6	6	4	5	6	6	5	5	6	6	
1143	15	15	15	15	15	15	15	15	15	15	15	15	15	15	15	15	7	7	8	8	7	7	8	8	7	7	8	8	7	7	8	8	
1144	15	157	0	0	15	157	0	0	15	157	0	0	15	157	0	0	8	9	9	10	9	9	9	10	8	9	9	10	8	9	9	10	
1145	0	35	35	35	0	35	35	35	0	35	35	35	0	35	35	35	10	10	10	10	10	10	10	10	10	10	10	10	10	10	10	10	
1146	35	0	0	0	35	0	0	0	35	0	0	0	35	0	0	0	11	11	11	11	11	11	11	11	11	11	11	11	11	11	11	11	
1147	0	0	0	0	0	0	0	0	0	0	0	0	0	0	0	0	11	11	11	11	11	11	11	11	11	11	11	11	11	11	11	11	
1148	0	2	0	0	0	0	0	0	2	0	0	0	0	0	0	0	11	11	11	11	11	11	11	11	11	11	11	11	11	11	11	11	
1149	0	0	0	0	0	2	0	0	0	0	0	0	0	0	0	0	11	11	11	11	11	11	11	11	11	11	11	11	11	11	11	11	
1150	0	0	0	0	0	0	0	0	2	0	0	0	0	0	0	0	11	11	11	11	11	11	11	11	11	11	11	11	11	11	11	11	
1151	0	0	0	0	0	0	0	0	0	2	0	0	0	0	0	0	11	11	11	11	11	11	11	11	11	11	11	11	11	11	11	11	
1152	0	0	0	0	0	0	0	0	0	0	0	0	0	0	0	0	11	11	11	11	11	11	11	11	11	11	11	11	11	11	11	11	
1153	0	0	2	0	0	0	0	0	0	0	0	0	0	0	0	0	11	11	11	11	11	11	11	11	11	11	11	11	11	11	11	11	
1154	0	0	0	0	0	0	0	0	0	0	0	0	0	0	2	0	11	11	11	11	11	11	11	11	11	11	11	11	11	11	11	11	
1155	0	0	21	21	0	0	21	94	0	0	21	90	0	21	21	0	11	11	11	11	11	11	11	11	11	11	11	11	11	11	11	11	
1156	90	0	0	0	90	0	0	0	90	0	0	0	0	0	0	0	11	11	11	11	11	11	11	11	11	11	11	11	11	11	11	11	
1157	90	90	90	0	90	97	90	0	90	90	90	0	0	0	0	0	11	11	11	11	11	11	11	11	11	11	11	11	11	11	11	11	
1158	0	0	0	0	0	0	0	0	0	0	0	0	0	0	0	0	11	11	11	11	11	11	11	11	11	11	11	11	11	11	11	11	
1159	0	0	0	0	0	0	0	0	0	0	0	0	0	0	0	0	11	11	11	11	11	11	11	11	11	11	11	11	11	11	11	11	
1160	0	0	0	0	0	0	0	0	0	0	0	0	0	0	0	0	11	11	11	11	11	11	11	11	11	11	11	11	11	11	11	11	
1161	0	0	2	2	0	0	0	2	0	0	0	2	0	0	0	2	11	11	11	11	11	11	11	11	11	11	11	11	11	11	11	11	
1162	2	2	2	2	2	2	2	2	2	2	2	2	2	2	0	0	11	11	11	11	11	11	11	11	11	11	11	11	11	11	11	11	
1163	2	2	0	0	2	0	0	0	0	2	2	0	0	0	2	0	11	11	11	11	11	11	11	11	11	11	11	11	11	11	11	11	
1164	0	0	0	0	0	0	0	0	0	0	0	0	0	2	0	0	11	11	11	11	11	11	11	11	11	11	11	11	11	11	11	11	
1165	0	0	0	2	0	0	0	0	0	0	0	0	0	0	0	0	11	11	11	11	11	11	11	11	11	11	11	11	11	11	11	11	
1166	0	0	2	0	2	0	0	0	0	0	0	0	0	0	0	2	11	11	11	11	11	11	11	11	11	11	11	11	11	11	11	11	
1167	0	0	2	0	0	0	2	2	0	2	0	0	0	0	0	0	11	11	11	11	11	11	11	11	11	11	11	11	11	11	11	11	
1168	0	0	0	0	0	0	0	0	0	0	0	0	0	0	0	0	11	11	11	12	11	11	11	11	11	11	11	11	11	11	11	11	
1169	0	112	112	112	0	112	112	112	0	0	112	112	0	0	0	0	13	14	15	14	12	13	14	15	11	12	13	15	11	11	12	14	
1170	112	19	19	19	112	112	19	19	112	112	112	19	112	112	112	112	12	11	11	11	14	13	12	11	15	14	13	12	14	15	14	13	
1171	19	19	19	19	19	19	19	19	19	19	19	19	19	19	19	19	11	11	11	11	11	11	11	11	11	11	11	11	12	11	11	11	
1172	19	19	19	19	19	19	19	19	19	19	19	19	19	19	19	19	11	11	11	11	11	11	11	11	11	11	11	11	11	11	11	11	
1173	19	19	19	19	19	19	19	19	19	19	19	19	19	19	19	19	11	11	11	11	11	11	11	11	11	11	11	11	11	11	11	11	
1174	19	19	19	19	19	19	19	19	19	19	19	19	19	19	19	19	11	11	11	11	11	11	11	11	11	11	11	11	11	11	11	11	
1175	19	19	19	19	19	19	19	19	19	19	19	19	19	19	19	19	11	11	11	11	11	11	11	11	11	11	11	11	11	11	11	11	
1176	19	19	19	19	19	19	19	19	19	19	19	19	19	19	19	19	11	11	11	11	11	11	11	11	11	11	11	11	11	11	11	11	
1177	19	19	19	19	19	19	19	19	19	19	19	19	19	19	19	19	11	11	11	11	11	11	11	11	11	11	11	11	11	11	11	11	
1178	19	19	19	19	19	19	19	19	19	19	19	19	19	19	19	19	11	11	11	11	11	11	11	11	11	11	11	11	11	11	11	11	
1179	19	19	19	19	19	19	19	19	19	19	19	19	19	19	19	19	11	11	11	11	11	11	11	11	11	11	11	11	11	11	11	11	
1180	19	19	19	19	19	19	19	19	19	19	19	19	19	19	19	19	11	11	11	11	11	11	11	11	11	11	11	11	11	11	11	11	
1181	19	19	19	19	19	19	19	19	19	19	19	19	19	19	19	19	11	11	11	11	11	11	11	11	11	11	11	11	11	11	11	11	
1182	19	19	112	112	19	19	19	112	19	19	19	112	19	19	19	112	11	12	14	15	11	12	13	15	11	13	14	15	11	13	15	15	
1183	111	112	0	0	111	112	112	0	111	111	112	112	111	111	111	112	15	14	13	11	15	14	13	12	15	14	14	13	15	15	15	14	
1184	0	35	35	35	0	35	35	35	0	35	35	35	0	35	35	35	11	11	11	11	11	11	11	11	12	11	11	11	12	11	11	11	
1185	0	112	112	112	0	112	112	0	35	0	0	0	35	0	0	0	12	14	15	13	11	12	13	13	11	11	12	11	11	11	11	11	
1186	0	35	35	35	0	35	35	35	35	35	35	35	35	35	35	35	12	11	11	11	11	11	11	11	11	11	11	11	11	11	11	11	
1187	2	2	0	0	2	0	0	0	2	2	2	2	2	2	2	2	11	11	11	11	11	11	11	11	11	11	11	11	11	11	11	11	
1188	0	0	0	0	0	0	0	0	2	2	0	0	2	2	0	0	11	11	11	11	11	11	11	11	11	11	11	11	11	11	11	11	
1189	0	0	0	0	0	0	0	0	0	0	0	0	0	2	2	2	11	11	11	11	11	11	11	11	11	11	11	11	11	11	11	11	
1190	0	0	0	0	0	0	0	0	0	0	2	2	2	2	2	2	11	11	11	11	11	11	11	11	11	11	11	11	11	11	11	11	
1191	0	2	2	0	0	2	2	2	2	2	0	2	2	0	0	0	11	11	11	11	11	11	11	11	11	11	11	11	11	11	11	11	
1192	0	2	0	0	2	0	2	2	0	0	0	0	0	0	0	0	11	11	11	11	11	11	11	11	11	11	11	11	11	11	11	11	
1193	2	0	0	0	2	0	0	0	2	0	0	0	0	0	0	0	11	11	11	11	11	11	11	11	11	11	11	11	11	11	11	11	
1194	0	2	0	2	0	0	0	0	0	0	0	0	0	2	0	0	11	11	11	11	11	11	11	11	11	11	11	11	11	11	11	11	
1195	2	0	0	0	0	0	0	0	0	0	0	0	0	0	0	0	11	11	11	11	11	11	11	11	11	11	11	11	11	11	11	11	
1196	0	0	0	0	0	0	0	0	0	0	0	0	0	0	0	0	11	11	11	11	11	11	11	11	11	11	11	11	11	11	11	11	
1197	0	0	2	0	0	0	0	0	0	0	0	2	0	0	0	0	11	11	11	11	11	11	11	11	11	11	11	11	11	11	11	11	
1198	0	2	2	2	0	0	2	2	2	2	0	0	2	0	0	0	11	11	11	11	11	11	11	11	11	11	11	11	11	11	11	11	
1199	0	0	0	0	0	0	0	0	0	0	0	0	0	0	0	0	11	11	11	11	11	11	11	11	11	11	11	11	11	11	11	11	
1200	6	6	6	6	6	6	6	6	6	6	6	6	6	6	6	6	1	1	2	2	1	1	2	2	1	1	2	2	1	1	2	2	
1201	6	15	15	15	6	15	15	15	6	15	15	15	6	15	15	15	3	3	3	4	3	3	4	4	3	3	4	4	3	3	4	4	
1202	15	15	15	15	15	15	15	15	15	15	15	15	15	15	15	15	5	5	6	6	5	5	6	6	5	5	6	6	5	5	6	6	
1203	15	15	15	15	15	15	15	15	15	15	15	15	15	15	15	15	7	7	8	8	7	7	8	8	7	7	8	8	7	7	8	8	
1204	15	157	0	0	15	157	0	0	15	157	0	0	15	157	0	2	8	9	9	10	8	9	9	10	8	9	9	10	8	9	9	10	
1205	0	0	35	35	0	0	35	35	2	2	35	35	2	2	35	35	10	10	10	10	10	10	10	10	10	10	10	10	10	10	10	10	
1206	35	35	0	0	35	35	0	0	35	35	0	0	35	35	0	0	11	11	11	11	11	11	11	11	11	11	11	11	11	11	11	11	
1207	0	0	0	0	0	0	0	0	0	0	0	0	0	0	0	0	11	11	11	11	11	11	11	11	11	11	11	11	11	11	11	11	
1208	0	0	0	0	0	0	0	0	2	0	0	0	0	0	0	0	11	11	11	11	11	11	11	11	11	11	11	11	11	11	11	11	
1209	0	0	2	0	0	0	0	0	0	0	0	0	0	0	0	0	11	11	11	11	11	11	11	11	11	11	11	11	11	11	11	11	
1210	0	0	0	0	0	0	0	0	2	0	0	0	0	0	0	0	11	11	11	11	11	11	11	11	11	11	11	11	11	11	11	11	
1211	0	0	0	0	0	0	0	0	2	0	0	0	0	0	0	0	11	11	11	11	11	11	11	11	11	11	11	11	11	11	11	11	
1212	0	0	0	0	0	0	0	0	0	0	0	0	0	0	0	0	11	11	11	11	11	11	11	11	11	11	11	11	11	11	11	11	
1213	0	0	0	0	0	0	0	0	0	2	0	2	0	0	0	0	11	11	11	11	11	11	11	11	11	11	11	11	11	11	11	11	
1214	0	0	0	0	0	0	0	0	0	0	0	0	0	0	0	0	11	11	11	11	11	11	11	11	11	11	11	11	11	11	11	11	
1215	0	21	0	0	0	21	0	0	0	21	0	0	0	21	90	90	11	11	11	11	11	11	11	11	11	11	11	11	11	11	11	11	
1216	0	0	0	0	0	0	0	0	0	0	0	0	0	0	0	0	11	11	11	11	11	11	11	11	11	11	11	11	11	11	11	11	
1217	0	0	0	0	0	0	0	0	0	0	0	0	0	0	0	0	11	11	11	11	11	11	11	11	11	11	11	11	11	11	11	11	
1218	0	0	0	0	0	0	0	0	0	0	0	0	0	0	0	0	11	11	11	11	11	11	11	11	11	11	11	11	11	11	11	11	
1219	0	0	0	0	0	0	0	2	0	0	0	0	0	0	0	0	11	11	11	11	11	11	11	11	11	11	11	11	11	11	11	11	
1220	0	0	0	0	0	0	0	0	0	0	0	0	0	0	0	2	11	11	11	11	11	11	11	11	11	11	11	11	11	11	11	11	
1221	0	0	0	0	0	0	0	0	0	0	0	0	2	0	2	2	11	11	11	11	11	11	11	11	11	11	11	11	11	11	11	11	
1222	2	0	0	0	2	0	0	0	2	0	0	0	2	2	0	0	11	11	11	11	11	11	11	11	11	11	11	11	11	11	11	11	
1223	0	0	0	0	0	0	2	0	0	0	2	2	0	0	2	0	11	11	11	11	11	11	11	11	11	11	11	11	11	11	11	11	
1224	0	0	0	0	0	0	0	0	2	0	0	0	0	0	0	0	11	11	11	11	11	11	11	11	11	11	11	11	11	11	11	11	
1225	0	0	2	0	0	0	0	0	0	0	2	0	0	0	2	0	11	11	11	11	11	11	11	11	11	11	11	11	11	11	11	11	
1226	2	0	2	0	0	2	2	0	2	2	2	2	0	0	0	2	11	11	11	11	11	11	11	11	11	11	11	11	11	11	11	11	
1227	0	0	0	0	0	0	0	0	0	0	0	0	0	0	2	0	11	11	11	11	11	11	11	11	11	11	11	11	11	11	11	11	
1228	0	2	0	0	0	0	0	0	0	0	0	0	0	0	0	0	11	11	11	11	11	11	11	11	11	11	11	11	11	11	11	11	
1229	0	0	0	0	0	2	0	0	2	0	0	0	0	0	0	0	11	11	11	12	11	11	11	11	11	11	11	11	11	11	11	11	
1230	112	112	112	112	0	112	112	112	0	0	112	112	0	0	0	112	13	14	15	14	12	13	15	15	11	12	13	14	11	11	12	13	
1231	112	19	19	19	112	112	19	19	112	112	112	112	112	112	112	112	13	12	11	11	14	13	12	11	15	14	13	13	14	15	15	15	
1232	19	19	19	19	19	19	19	19	112	112	112	112	112	112	112	112	11	11	11	11	11	11	11	11	13	13	13	13	15	15	15	15	
1233	19	19	19	19	19	19	19	19	112	112	112	112	112	112	112	112	11	11	11	11	11	11	11	11	13	13	13	13	15	15	15	15	
1234	19	19	19	19	19	19	19	19	112	112	112	112	112	112	112	112	11	11	11	11	11	11	11	12	13	13	13	13	14	15	15	15	
1235	19	19	19	19	19	19	19	19	112	112	112	112	112	112	112	112	11	11	11	11	12	12	12	12	14	14	14	13	15	15	15	14	
1236	19	19	19	19	19	19	19	19	2	2	19	19	2	2	2	2	11	11	11	11	11	11	11	11	12	11	11	11	12	11	11	11	
1237	19	19	19	19	19	19	19	19	19	19	19	19	2	2	2	2	11	11	11	11	11	11	11	11	11	11	11	11	11	11	11	11	
1238	19	19	19	19	19	19	19	19	19	19	19	19	2	2	2	2	11	11	11	11	11	11	11	11	11	11	11	11	11	11	11	11	
1239	19	19	19	19	19	19	19	19	19	19	19	19	2	2	2	2	11	11	11	11	11	11	11	11	11	11	11	11	11	11	11	11	
1240	19	19	19	19	19	19	19	19	19	19	19	19	2	2	2	2	11	11	11	11	11	11	11	11	11	11	11	11	11	11	11	11	
1241	19	19	19	19	19	19	19	19	19	19	19	19	2	2	2	2	11	11	11	11	11	11	11	11	11	11	11	11	11	11	11	11	
1242	19	19	19	112	19	19	19	112	19	19	19	112	2	2	2	2	12	13	15	15	12	14	15	15	11	12	13	14	11	11	12	13	
1243	111	111	111	112	112	111	112	112	112	111	112	0	112	111	112	112	15	15	15	14	15	15	14	13	15	15	14	13	15	15	15	14	
1244	0	35	35	35	0	35	35	35	0	0	35	35	0	0	35	35	13	11	11	11	13	11	11	11	11	11	11	11	12	11	11	11	
1245	35	0	0	0	35	0	0	0	35	35	0	0	35	35	0	0	11	11	11	11	11	11	11	11	11	11	11	11	11	11	11	11	
1246	35	35	35	35	35	35	35	35	35	35	35	35	35	35	35	35	11	11	11	11	11	11	11	11	11	11	11	11	11	11	11	11	
1247	2	2	2	2	0	2	0	0	0	0	0	0	0	0	112	112	11	11	11	11	11	11	11	11	11	11	12	12	11	11	13	14	
1248	2	2	2	2	0	0	0	0	112	112	112	112	112	112	112	112	11	11	11	11	12	12	12	11	13	14	13	13	14	15	15	14	
1249	2	2	2	2	0	0	0	0	112	112	112	112	112	112	112	112	11	11	11	11	11	12	12	11	13	14	13	13	14	15	15	15	
1250	2	0	2	0	0	0	0	0	112	112	112	112	112	112	112	112	11	11	11	11	12	12	12	12	13	14	14	14	15	15	15	15	
1251	0	0	0	0	0	0	0	0	112	112	112	112	112	112	112	112	11	11	11	11	11	11	12	12	13	13	14	13	15	15	15	15	
1252	0	0	0	0	0	0	0	0	112	112	112	112	112	112	112	112	11	11	11	11	12	12	12	12	14	14	14	14	15	15	15	15	
1253	0	0	0	0	0	0	0	0	112	0	0	0	112	112	112	0	11	11	11	11	12	12	11	11	14	13	12	11	15	15	13	12	
1254	0	2	2	0	0	0	0	2	0	0	0	0	0	0	0	0	11	11	11	11	11	11	11	11	11	11	11	11	11	11	11	11	
1255	0	0	0	0	0	0	0	0	0	0	2	2	0	2	2	0	11	11	11	11	11	11	11	11	11	11	11	11	11	11	11	11	
1256	0	0	0	0	0	0	0	0	0	0	0	0	0	0	0	2	11	11	11	11	11	11	11	11	11	11	11	11	11	11	11	11	
1257	0	2	2	0	0	0	0	0	0	0	0	0	2	0	0	0	11	11	11	11	11	11	11	11	11	11	11	11	11	11	11	11	
1258	0	0	0	0	0	0	0	0	0	0	0	0	0	0	0	0	11	11	11	11	11	11	11	11	11	11	11	11	11	11	11	11	
1259	0	0	0	0	0	0	0	0	0	0	0	0	0	0	0	0	11	11	11	11	11	11	11	11	11	11	11	11	11	11	11	11	
1260	6	6	6	6	6	6	6	6	6	6	6	6	6	6	6	6	1	1	2	2	1	1	2	2	1	1	2	2	1	1	2	2	
1261	6	15	15	15	6	15	15	15	6	15	15	15	6	15	15	15	3	3	4	4	3	3	4	4	3	3	4	4	3	3	4	4	
1262	15	15	15	15	15	15	15	15	15	15	15	15	15	15	15	15	5	5	6	6	5	5	6	6	5	5	6	6	5	5	6	6	
1263	15	15	15	15	15	15	15	15	15	15	15	15	15	15	15	15	7	7	8	8	7	7	8	8	7	7	8	8	7	7	8	8	
1264	15	157	0	2	15	157	0	2	15	157	0	2	15	157	0	15	8	9	9	10	8	9	9	10	8	9	9	10	8	9	9	10	
1265	2	2	35	35	2	2	0	35	2	2	0	35	2	2	0	35	10	10	10	10	10	10	10	10	10	10	10	10	10	10	10	10	
1266	35	35	35	0	35	35	35	0	35	35	35	0	35	35	35	0	11	11	11	11	11	11	11	11	11	11	11	11	10	11	11	11	
1267	0	0	0	0	0	0	0	0	0	0	0	0	0	0	0	0	11	11	11	11	11	11	11	11	11	11	11	11	11	11	11	11	
1268	0	0	0	0	0	2	0	0	0	0	0	0	0	0	0	0	11	11	11	11	11	11	11	11	11	11	11	11	11	11	11	11	
1269	0	0	0	0	0	0	0	0	0	0	2	0	0	0	0	0	11	11	11	11	11	11	11	11	11	11	11	11	11	11	11	11	
1270	0	0	0	0	0	0	0	0	0	0	0	0	0	0	0	0	11	11	11	11	11	11	11	11	11	11	11	11	11	11	11	11	
1271	0	0	0	0	0	0	0	0	0	0	0	0	0	0	0	0	11	11	11	11	11	11	11	11	11	11	11	11	11	11	11	11	
1272	0	0	0	0	2	0	0	0	0	0	0	0	0	2	0	0	11	11	11	11	11	11	11	11	11	11	11	11	11	11	11	11	
1273	0	0	0	0	2	0	0	0	0	0	0	0	0	0	0	0	11	11	11	11	11	11	11	11	11	11	11	11	11	11	11	11	
1274	0	0	0	0	0	0	0	0	0	0	0	0	0	0	0	0	11	11	11	11	11	11	11	11	11	11	11	11	11	11	11	11	
1275	21	21	94	90	21	90	90	90	21	0	0	0	21	0	0	0	11	11	11	11	11	11	11	11	11	11	11	11	11	11	11	11	
1276	0	0	0	0	0	0	0	0	0	0	0	0	0	0	0	0	11	11	11	11	11	11	11	11	11	11	11	11	11	11	11	11	
1277	0	0	0	0	0	0	0	0	0	0	0	0	0	0	0	0	11	11	11	11	11	11	11	11	11	11	11	11	11	11	11	11	
1278	0	0	0	2	0	0	0	0	0	0	0	0	0	0	0	0	11	11	11	11	11	11	11	11	11	11	11	11	11	11	11	11	
1279	2	2	2	2	0	0	0	0	0	0	0	0	2	0	0	0	11	11	11	11	11	11	11	11	11	11	11	11	11	11	11	11	
1280	2	0	2	2	0	2	0	0	0	0	0	0	0	0	0	0	11	11	11	11	11	11	11	11	11	11	11	11	11	11	11	11	
1281	2	0	0	0	0	0	0	0	0	0	0	0	0	0	0	0	11	11	11	11	11	11	11	11	11	11	11	11	11	11	11	11	
1282	2	0	0	0	2	0	0	0	0	0	0	0	0	0	0	0	11	11	11	11	11	11	11	11	11	11	11	11	11	11	11	11	
1283	0	0	2	0	0	0	0	0	0	0	0	0	0	0	0	0	11	11	11	11	11	11	11	11	11	11	11	11	11	11	11	11	
1284	0	0	0	0	2	0	0	0	0	0	0	0	0	0	0	0	11	11	11	11	11	11	11	11	11	11	11	11	11	11	11	11	
1285	0	0	0	0	0	0	0	0	0	0	0	0	0	0	0	0	11	11	11	11	11	11	11	11	11	11	11	11	11	11	11	11	
1286	0	0	0	0	0	0	0	0	0	0	0	0	0	0	90	90	11	11	11	11	11	11	11	11	11	11	11	11	11	11	11	11	
1287	2	0	0	0	0	2	0	0	0	0	2	0	90	0	0	2	11	11	11	11	11	11	11	11	11	11	11	11	11	11	11	11	
1288	0	0	0	0	0	0	0	0	0	0	2	2	2	2	2	2	11	11	11	11	11	11	11	11	11	11	11	11	11	11	11	11	
1289	0	0	0	0	0	2	0	0	2	2	2	2	0	2	0	0	11	11	11	11	11	11	11	11	11	11	11	11	11	11	11	11	
1290	2	0	0	2	2	2	2	0	2	0	0	0	0	2	0	2	11	11	11	12	11	11	11	11	11	11	11	11	11	11	11	11	
1291	0	112	112	112	0	0	112	112	2	0	0	2	0	2	0	2	13	14	14	15	11	12	13	13	11	11	11	11	11	11	11	11	
1292	112	112	112	112	112	112	112	112	0	0	0	0	0	0	0	0	15	15	14	14	13	13	13	13	11	11	11	11	11	11	11	11	
1293	112	112	112	112	112	112	112	112	0	0	0	0	0	0	0	0	15	14	15	14	13	13	13	13	11	11	11	11	11	11	11	11	
1294	112	112	112	112	112	0	0	0	0	0	0	0	0	0	0	0	14	14	14	14	12	12	13	13	11	11	11	11	11	11	11	11	
1295	112	112	112	112	0	112	112	112	0	112	112	112	0	0	112	112	15	15	15	14	13	14	15	14	11	13	14	14	11	13	14	14	
1296	2	2	2	2	2	2	0	0	2	0	0	0	0	0	0	0	12	11	11	11	13	11	11	11	12	11	11	11	13	11	11	11	
1297	2	2	2	0	0	0	0	0	0	0	0	0	0	0	0	0	11	11	11	11	11	11	11	11	11	11	11	11	11	11	11	11	
1298	0	0	0	0	0	0	0	0	0	0	0	0	0	0	0	0	11	11	11	11	11	11	11	11	11	11	11	11	11	11	11	11	
1299	0	0	0	0	0	0	0	0	0	0	0	0	0	0	0	2	11	11	11	11	11	11	11	11	11	11	11	11	11	11	11	11	
1300	0	0	0	0	0	0	0	0	0	0	2	0	2	2	0	0	11	11	11	11	11	11	11	11	11	11	11	11	11	11	11	11	
1301	0	0	0	0	0	0	0	0	2	2	2	0	0	0	0	0	11	11	11	11	11	11	11	11	11	11	11	11	11	11	11	11	
1302	0	0	0	0	0	0	0	0	0	0	0	0	0	0	0	0	11	11	11	13	11	11	11	11	11	11	11	11	11	11	11	11	
1303	112	111	111	112	112	112	111	111	0	112	111	111	0	112	111	111	14	15	15	15	13	15	15	15	12	14	15	15	12	14	15	15	
1304	112	0	35	35	112	112	0	35	111	112	0	35	111	112	112	0	14	12	11	11	14	13	11	11	15	14	13	11	15	15	14	12	
1305	35	35	35	2	35	35	35	35	35	35	35	35	35	35	35	35	11	11	11	11	11	11	11	11	11	11	11	11	11	11	11	11	
1306	35	35	35	35	35	35	35	35	35	35	35	35	35	35	35	35	11	11	11	11	11	11	11	11	11	11	11	11	11	11	11	11	
1307	0	0	112	112	0	0	0	0	0	0	0	0	0	0	0	0	11	11	12	13	11	11	11	11	11	11	11	11	11	11	11	11	
1308	112	112	112	112	0	0	0	0	0	0	0	0	0	0	0	0	14	14	14	14	12	12	12	12	11	11	11	11	11	11	11	11	
1309	112	112	112	112	0	0	0	0	0	0	0	0	0	0	0	0	14	14	14	14	12	12	12	12	11	11	11	11	11	11	11	11	
1310	112	112	112	112	0	0	0	0	0	0	0	0	0	0	0	0	14	14	14	14	12	12	13	13	11	11	11	11	11	11	11	11	
1311	112	112	112	112	0	0	0	0	0	0	0	0	0	0	2	2	14	14	14	14	13	13	12	12	11	11	11	11	11	11	11	11	
1312	112	112	112	112	0	0	0	0	0	0	2	2	2	2	0	2	14	14	14	14	12	12	12	12	11	11	11	11	11	11	11	11	
1313	112	112	112	112	112	112	112	112	0	112	112	112	0	112	112	112	14	15	14	13	13	15	14	13	13	14	14	13	12	14	14	13	
1314	0	0	0	2	0	2	0	2	0	0	0	0	0	0	0	0	11	11	11	11	11	11	11	11	11	11	11	11	11	11	11	11	
1315	2	0	0	0	2	0	0	0	0	2	2	2	0	0	0	0	11	11	11	11	11	11	11	11	11	11	11	11	11	11	11	11	
1316	0	0	0	2	2	2	2	0	0	2	0	0	0	0	0	0	11	11	11	11	11	11	11	11	11	11	11	11	11	11	11	11	
1317	0	2	0	0	0	0	0	2	0	0	0	0	0	0	0	0	11	11	11	11	11	11	11	11	11	11	11	11	11	11	11	11	
1318	0	0	0	0	2	112	112	112	2	112	112	112	0	112	112	112	11	12	12	11	12	14	14	12	13	14	14	13	12	14	14	13	
1319	0	0	0	0	0	0	0	0	0	0	0	0	0	0	0	0	11	11	11	11	11	11	11	11	11	11	11	11	11	11	11	11	
1320	6	6	6	6	6	6	6	6	6	6	6	6	6	6	6	6	1	1	2	2	1	1	2	2	1	1	2	2	1	1	2	2	
1321	6	15	15	15	6	15	15	15	6	15	15	15	6	15	15	15	3	3	4	4	3	3	4	4	3	3	4	4	3	3	4	4	
1322	15	15	15	15	15	15	15	15	15	15	15	15	15	15	15	15	5	5	6	6	5	5	6	6	5	5	6	6	5	5	6	6	
1323	15	15	15	15	15	15	15	15	15	15	15	15	15	15	15	15	7	7	8	8	7	7	8	8	7	7	8	8	7	7	8	8	
1324	15	157	2	15	15	157	2	15	15	157	15	2	15	157	2	2	8	9	9	9	8	9	9	9	8	9	9	9	8	9	9	9	
1325	2	0	0	0	2	0	0	0	2	0	0	0	2	0	0	0	10	10	10	10	10	10	10	10	10	10	10	10	10	10	10	10	
1326	35	35	35	35	35	35	35	35	35	35	35	35	35	35	35	35	10	11	11	11	10	11	11	11	10	11	11	11	10	11	11	11	
1327	0	2	0	0	0	0	0	0	0	0	0	0	35	0	0	0	11	11	11	11	11	11	11	11	11	11	11	11	11	11	11	11	
1328	0	0	0	0	0	0	0	0	0	0	0	0	0	0	0	0	11	11	11	11	11	11	11	11	11	11	11	11	11	11	11	11	
1329	2	0	0	0	0	2	0	0	0	0	0	0	0	0	0	0	11	11	11	11	11	11	11	11	11	11	11	11	11	11	11	11	
1330	0	0	0	0	0	0	0	0	0	0	0	0	0	0	0	0	11	11	11	11	11	11	11	11	11	11	11	11	11	11	11	11	
1331	0	0	0	0	2	0	0	0	2	0	0	2	0	0	0	2	11	11	11	11	11	11	11	11	11	11	11	11	11	11	11	11	
1332	0	0	0	2	0	0	0	0	0	0	0	0	0	0	0	0	11	11	11	11	11	11	11	11	11	11	11	11	11	11	11	11	
1333	0	0	0	0	0	0	0	0	0	0	0	0	0	0	0	0	11	11	11	11	11	11	11	11	11	11	11	11	11	11	11	11	
1334	0	0	0	21	0	0	0	21	0	0	0	21	0	0	0	21	11	11	11	11	11	11	11	11	11	11	11	11	11	11	11	11	
1335	21	0	0	0	0	0	0	0	0	90	90	90	0	90	94	90	11	11	11	11	11	11	11	11	11	11	11	11	11	11	11	11	
1336	0	0	0	0	0	0	0	0	0	0	0	0	0	0	0	0	11	11	11	11	11	11	11	11	11	11	11	11	11	11	11	11	
1337	0	0	0	0	0	0	0	0	0	0	0	0	0	0	0	0	11	11	11	11	11	11	11	11	11	11	11	11	11	11	11	11	
1338	0	0	0	0	0	0	0	0	0	0	0	0	0	0	0	0	11	11	11	11	11	11	11	11	11	11	11	11	11	11	11	11	
1339	2	0	0	0	0	0	0	0	0	0	0	0	0	0	0	0	11	11	11	11	11	11	11	11	11	11	11	11	11	11	11	11	
1340	0	0	0	0	0	0	0	0	0	0	0	2	0	0	0	0	11	11	11	11	11	11	11	11	11	11	11	11	11	11	11	11	
1341	0	0	0	0	0	0	0	0	0	0	0	0	0	0	0	2	11	11	11	11	11	11	11	11	11	11	11	11	11	11	11	11	
1342	0	0	0	0	0	0	0	0	0	0	0	0	2	0	0	0	11	11	11	11	11	11	11	11	11	11	11	11	11	11	11	11	
1343	0	0	0	0	0	0	0	0	0	0	0	0	0	0	0	0	11	11	11	11	11	11	11	11	11	11	11	11	11	11	11	11	
1344	0	0	0	0	0	0	0	0	0	0	0	0	0	0	0	0	11	11	11	11	11	11	11	11	11	11	11	11	11	11	11	11	
1345	0	0	0	0	0	0	90	90	0	0	90	97	0	0	90	90	11	11	11	11	11	11	11	11	11	11	11	11	11	11	11	11	
1346	0	0	90	97	90	0	90	90	90	2	2	2	90	0	0	2	11	11	11	11	11	11	11	11	11	11	11	11	11	11	11	11	
1347	90	2	2	0	90	0	0	0	0	0	0	0	0	0	0	0	11	11	11	11	11	11	11	11	11	11	11	11	11	11	11	11	
1348	2	2	2	0	0	0	0	0	0	0	0	0	0	0	0	0	11	11	11	11	11	11	11	11	11	11	11	11	11	11	11	11	
1349	0	0	0	2	0	0	0	0	0	0	0	0	0	2	0	0	11	11	11	11	11	11	11	11	11	11	11	11	11	11	11	11	
1350	2	0	0	0	0	0	0	0	0	0	0	2	2	0	0	2	11	11	11	11	11	11	11	11	11	11	11	11	11	11	11	11	
1351	2	0	0	2	0	0	2	0	0	0	0	0	2	2	0	0	11	11	11	11	11	11	11	11	11	11	11	11	11	11	11	11	
1352	0	0	0	0	0	0	2	0	2	2	2	0	2	0	0	0	11	11	11	11	11	11	11	11	11	11	11	11	11	11	11	11	
1353	0	0	0	0	2	0	0	2	0	0	0	0	2	2	0	0	11	11	11	11	11	11	11	11	11	11	11	11	11	11	11	11	
1354	0	0	0	0	0	2	0	0	0	0	0	0	0	2	0	0	11	11	11	11	11	11	11	11	11	11	11	11	11	11	11	11	
1355	0	0	112	112	0	0	112	112	0	0	112	112	0	0	112	112	11	13	14	14	11	12	14	14	11	12	14	15	11	12	14	15	
1356	112	0	0	0	112	0	0	0	112	0	0	0	112	0	0	0	13	11	11	11	13	11	11	11	13	11	11	11	13	12	11	11	
1357	0	0	0	0	0	0	0	0	0	0	0	0	0	2	0	0	11	11	11	11	11	11	11	11	11	11	11	11	11	11	11	11	
1358	0	0	0	0	0	0	0	0	0	0	2	2	2	0	2	0	11	11	11	11	11	11	11	11	11	11	11	11	11	11	11	11	
1359	0	0	2	2	2	2	0	0	0	0	0	0	0	0	0	0	11	11	11	11	11	11	11	11	11	11	11	11	11	11	11	11	
1360	2	2	0	0	0	0	0	0	0	0	0	0	0	0	0	0	11	11	11	11	11	11	11	11	11	11	11	11	11	11	11	11	
1361	0	0	0	0	0	0	0	0	0	0	0	0	0	0	0	0	11	11	11	11	11	11	11	11	11	11	11	11	11	11	11	11	
1362	0	0	0	0	0	0	0	0	0	0	0	0	0	0	0	0	11	11	11	11	11	11	11	11	11	11	11	11	11	11	11	11	
1363	0	112	112	111	0	0	112	112	0	0	0	112	0	0	0	0	12	14	15	15	12	13	13	14	11	11	12	14	11	11	12	14	
1364	111	111	112	112	111	111	111	112	112	111	111	112	112	111	111	112	15	15	14	13	15	15	15	13	15	15	15	14	15	15	15	14	
1365	35	35	35	35	0	35	35	35	0	35	35	35	0	2	35	35	11	11	11	11	11	11	11	11	12	11	11	11	12	11	11	11	
1366	35	35	35	0	35	35	35	0	35	35	35	0	35	35	35	0	11	11	11	11	11	11	11	11	11	11	11	11	11	11	11	11	
1367	0	0	2	2	0	2	0	0	0	0	0	0	0	0	0	0	11	11	11	11	11	11	11	11	11	11	11	11	11	11	11	11	
1368	0	0	0	0	0	0	0	2	0	0	0	0	0	0	0	0	11	11	11	11	11	11	11	11	11	11	11	11	11	11	11	11	
1369	0	2	0	0	0	2	0	0	2	2	0	0	2	2	2	2	11	11	11	11	11	11	11	11	11	11	11	11	11	11	11	11	
1370	0	0	0	2	0	2	2	0	0	2	0	0	2	0	2	2	11	11	11	11	11	11	11	11	11	11	11	11	11	11	11	11	
1371	2	2	0	0	0	0	0	0	2	0	0	0	0	0	0	0	11	11	11	11	11	11	11	11	11	11	11	11	11	11	11	11	
1372	0	2	2	0	0	0	0	2	0	0	0	0	0	0	0	0	11	11	11	11	11	11	11	11	11	11	11	11	11	11	11	11	
1373	0	112	112	112	0	112	112	112	0	112	112	112	0	112	112	112	12	14	15	13	12	14	15	14	12	14	15	13	12	14	15	13	
1374	0	0	0	0	0	0	0	0	0	0	0	0	0	0	0	0	12	11	11	11	12	11	11	11	12	11	11	11	11	11	11	11	
1375	2	0	0	0	0	0	0	0	0	0	0	0	0	0	0	0	11	11	11	11	11	11	11	11	11	11	11	11	11	11	11	11	
1376	0	0	0	0	0	0	0	0	2	0	0	0	0	2	0	0	11	11	11	11	11	11	11	11	11	11	11	11	11	11	11	11	
1377	0	0	0	0	0	0	0	0	0	0	0	0	0	0	0	0	11	11	11	11	11	11	11	11	11	11	11	11	11	11	11	11	
1378	0	112	112	112	0	112	112	112	0	112	112	112	0	112	112	112	12	14	15	14	12	14	15	13	12	14	15	13	12	14	15	13	
1379	0	0	0	0	0	0	0	2	0	0	0	2	0	0	0	2	12	11	11	11	11	11	11	11	12	11	11	11	12	11	11	11	
1380	6	6	6	6	6	6	6	6	6	6	6	6	6	6	6	6	1	1	2	2	1	1	2	2	1	1	2	2	1	1	2	2	
1381	6	15	15	15	6	15	15	15	6	15	15	15	6	15	15	15	3	3	4	4	3	3	4	4	3	3	4	4	3	3	4	4	
1382	15	15	15	15	15	15	15	15	15	15	15	15	15	15	15	15	5	5	6	6	5	5	6	6	5	5	6	6	5	5	6	6	
1383	15	15	15	15	15	15	15	15	15	15	15	15	15	15	15	15	7	7	8	8	7	7	8	8	7	7	8	8	7	7	8	8	
1384	15	157	2	2	15	157	2	2	15	157	2	2	15	157	2	2	8	9	9	9	8	9	9	9	8	9	9	9	8	9	9	9	
1385	2	0	0	0	2	0	2	0	2	0	2	0	0	0	2	0	10	10	10	10	10	10	10	10	10	10	10	10	10	10	10	10	
1386	0	35	35	35	0	35	35	35	0	0	35	35	0	0	35	35	10	11	11	11	10	11	11	11	10	11	11	11	10	11	11	11	
1387	35	2	0	0	35	35	0	0	35	35	0	0	35	35	35	0	11	11	11	11	11	11	11	11	11	11	11	11	11	11	11	11	
1388	0	0	0	0	0	0	0	0	0	0	0	0	0	0	0	0	11	11	11	11	11	11	11	11	11	11	11	11	11	11	11	11	
1389	0	0	0	0	0	0	0	0	0	0	0	0	0	0	0	0	11	11	11	11	11	11	11	11	11	11	11	11	11	11	11	11	
1390	0	0	2	0	0	0	0	0	0	0	0	0	0	0	0	0	11	11	11	11	11	11	11	11	11	11	11	11	11	11	11	11	
1391	2	2	0	0	0	0	0	0	0	0	0	0	0	0	0	0	11	11	11	11	11	11	11	11	11	11	11	11	11	11	11	11	
1392	0	0	0	0	0	0	0	0	0	0	0	0	0	0	0	0	11	11	11	11	11	11	11	11	11	11	11	11	11	11	11	11	
1393	0	0	0	90	0	0	0	90	0	0	0	90	2	0	0	0	11	11	11	11	11	11	11	11	11	11	11	11	11	11	11	11	
1394	90	90	21	21	95	90	21	0	90	90	21	0	0	0	21	0	11	11	11	11	11	11	11	11	11	11	11	11	11	11	11	11	
1395	0	90	90	90	0	0	0	0	0	0	0	0	0	0	0	0	11	11	11	11	11	11	11	11	11	11	11	11	11	11	11	11	
1396	0	0	0	0	0	0	0	0	0	0	0	0	0	0	0	2	11	11	11	11	11	11	11	11	11	11	11	11	11	11	11	11	
1397	0	0	0	0	0	0	0	0	0	0	0	0	0	0	0	0	11	11	11	11	11	11	11	11	11	11	11	11	11	11	11	11	
1398	0	0	0	0	0	0	0	0	0	2	0	0	0	0	0	0	11	11	11	11	11	11	11	11	11	11	11	11	11	11	11	11	
1399	0	0	0	0	0	0	0	0	0	0	0	0	0	0	0	0	11	11	11	11	11	11	11	11	11	11	11	11	11	11	11	11	
1400	0	0	0	0	0	2	0	2	0	0	2	0	0	2	2	2	11	11	11	11	11	11	11	11	11	11	11	11	11	11	11	11	
1401	0	0	0	0	2	2	2	0	0	0	2	0	0	0	2	2	11	11	11	11	11	11	11	11	11	11	11	11	11	11	11	11	
1402	0	0	0	0	0	0	0	0	0	0	0	0	0	0	0	0	11	11	11	11	11	11	11	11	11	11	11	11	11	11	11	11	
1403	0	2	0	0	0	0	0	0	0	0	0	0	0	0	0	0	11	11	11	11	11	11	11	11	11	11	11	11	11	11	11	11	
1404	0	90	90	90	0	90	94	90	0	90	90	90	0	0	0	0	11	11	11	11	11	11	11	11	11	11	11	11	11	11	11	11	
1405	0	0	0	0	0	0	0	0	0	0	0	0	0	0	0	0	11	11	11	11	11	11	11	11	11	11	11	11	11	11	11	11	
1406	0	0	0	90	0	0	0	90	0	0	0	90	0	0	0	0	11	11	11	11	11	11	11	11	11	11	11	11	11	11	11	11	
1407	90	90	0	0	95	90	0	0	90	90	0	0	0	0	0	0	11	11	11	11	11	11	11	11	11	11	11	11	11	11	11	11	
1408	0	0	0	0	0	0	0	0	0	0	0	0	0	0	0	0	11	11	11	11	11	11	11	11	11	11	11	11	11	11	11	11	
1409	0	0	0	0	0	0	0	0	0	0	0	0	0	0	0	0	11	11	11	11	11	11	11	11	11	11	11	11	11	11	11	11	
1410	0	0	0	2	0	2	0	0	0	0	0	0	0	0	2	0	11	11	11	11	11	11	11	11	11	11	11	11	11	11	11	11	
1411	0	0	0	0	0	0	0	0	0	0	0	0	0	0	0	0	11	11	11	11	11	11	11	11	11	11	11	11	11	11	11	11	
1412	0	0	0	0	0	0	2	0	0	2	0	0	2	0	0	0	11	11	11	11	11	11	11	11	11	11	11	11	11	11	11	11	
1413	0	2	0	0	2	0	0	0	0	0	0	2	0	0	0	0	11	11	11	11	11	11	11	11	11	11	11	11	11	11	11	11	
1414	0	0	0	0	0	0	0	0	0	0	0	2	0	0	0	0	11	11	11	11	11	11	11	11	11	11	11	11	11	11	11	11	
1415	0	0	112	112	0	0	112	112	0	0	112	112	0	0	112	112	11	13	15	15	11	13	14	15	11	12	14	15	11	12	14	15	
1416	112	0	0	0	112	0	0	0	112	0	0	0	112	0	0	0	13	11	11	11	13	11	11	11	13	11	11	11	13	11	11	11	
1417	0	0	0	0	0	0	0	0	0	0	0	0	0	0	0	0	11	11	11	11	11	11	11	11	11	11	11	11	11	11	11	11	
1418	0	0	0	0	0	0	0	0	0	0	0	0	0	0	0	0	11	11	11	11	11	11	11	11	11	11	11	11	11	11	11	11	
1419	0	0	0	0	0	0	0	0	0	0	0	0	0	0	0	0	11	11	11	11	11	11	11	11	11	11	11	11	11	11	11	11	
1420	0	0	0	0	0	0	0	0	0	2	0	0	0	0	0	0	11	11	11	11	11	11	11	11	11	11	11	11	11	11	11	11	
1421	0	0	0	0	0	0	0	0	0	0	0	0	0	0	0	0	11	11	11	11	11	11	11	11	11	11	11	11	11	11	11	11	
1422	0	0	0	0	0	0	0	0	0	0	0	0	0	0	0	0	11	11	11	11	11	11	11	11	11	11	11	11	11	11	11	11	
1423	0	0	0	0	0	0	0	0	0	0	0	0	0	0	0	0	11	11	11	13	11	11	11	13	11	11	11	13	11	11	11	12	
1424	112	111	111	112	112	111	111	112	112	112	111	111	0	112	112	112	15	15	15	14	15	15	15	15	14	15	15	15	12	14	15	15	
1425	0	0	35	35	112	0	35	35	112	0	0	35	112	0	0	35	13	11	11	11	14	12	11	11	15	13	11	11	15	13	11	11	
1426	35	35	35	0	35	35	35	0	35	35	35	0	35	35	35	2	11	11	11	11	11	11	11	11	11	11	11	11	11	11	11	11	
1427	0	0	0	0	0	0	0	0	0	0	0	0	0	0	0	0	11	11	11	11	11	11	11	11	11	11	11	11	11	11	11	11	
1428	0	0	0	0	0	0	0	0	0	0	0	0	0	0	0	0	11	11	11	11	11	11	11	11	11	11	11	11	11	11	11	11	
1429	0	0	0	0	0	0	0	0	0	0	0	0	0	0	0	0	11	11	11	11	11	11	11	11	11	11	11	11	11	11	11	11	
1430	0	0	0	0	0	0	0	0	0	0	0	0	0	0	0	0	11	11	11	11	11	11	11	11	11	11	11	11	11	11	11	11	
1431	0	0	0	0	0	0	0	0	0	0	0	0	0	0	0	0	11	11	11	11	11	11	11	11	11	11	11	11	11	11	11	11	
1432	0	0	0	0	0	2	2	0	0	2	0	0	0	0	2	0	11	11	11	11	11	11	11	11	11	11	11	11	11	11	11	11	
1433	0	112	112	112	0	112	112	112	0	112	112	112	0	112	112	112	12	14	15	13	12	14	15	13	12	14	15	13	12	14	15	14	
1434	0	0	0	0	0	0	0	0	0	0	0	0	0	0	0	0	11	11	11	11	11	11	11	11	12	11	11	11	12	11	11	11	
1435	0	0	0	0	0	0	0	0	0	0	0	0	0	0	0	0	11	11	11	11	11	11	11	11	11	11	11	11	11	11	11	11	
1436	0	0	0	0	0	0	0	0	0	0	0	0	2	0	0	0	11	11	11	11	11	11	11	11	11	11	11	11	11	11	11	11	
1437	0	0	0	0	0	0	0	0	0	0	0	0	0	0	0	0	11	11	11	11	11	11	11	11	11	11	11	11	11	11	11	11	
1438	0	112	112	112	0	0	112	112	0	112	112	112	0	112	112	112	12	14	15	13	11	13	14	14	11	13	15	14	12	14	15	14	
1439	0	0	0	0	0	0	0	0	0	0	0	0	0	0	0	0	11	11	11	11	12	11	11	11	12	11	11	11	12	11	11	11	
1440	6	6	6	6	6	6	6	6	6	6	6	6	6	6	6	6	1	1	2	2	1	1	2	2	1	1	2	2	1	1	2	2	
1441	6	15	15	15	6	15	15	15	6	15	15	15	6	15	15	15	3	3	4	4	3	3	4	4	3	3	4	4	3	3	4	4	
1442	15	15	15	15	15	15	15	15	15	15	15	15	15	15	15	15	5	5	6	6	5	5	6	6	4	5	6	6	4	5	6	6	
1443	15	15	15	15	15	15	15	15	15	15	15	15	15	15	15	15	7	7	8	8	7	7	8	8	7	7	7	8	7	7	7	8	
1444	15	157	2	2	15	157	2	2	15	157	2	2	15	157	15	15	8	9	9	9	8	9	9	9	8	9	9	9	8	9	9	9	
1445	0	0	2	0	0	2	0	0	0	2	0	2	2	0	0	2	10	10	10	10	10	10	10	10	10	10	10	10	10	10	10	10	
1446	0	0	35	35	0	0	0	35	0	0	0	35	0	2	0	0	10	11	11	11	10	11	11	11	10	11	11	11	10	10	11	11	
1447	35	35	35	0	35	35	35	35	35	35	35	35	35	35	35	35	11	11	11	11	11	11	11	11	11	11	11	11	11	11	11	11	
1448	0	0	2	0	0	0	0	0	0	0	0	0	0	0	0	0	11	11	11	11	11	11	11	11	11	11	11	11	11	11	11	11	
1449	0	0	0	0	2	0	0	0	0	0	0	0	0	0	0	0	11	11	11	11	11	11	11	11	11	11	11	11	11	11	11	11	
1450	0	0	0	0	0	0	0	0	0	0	0	0	0	75	57	75	11	11	11	11	11	11	11	11	11	11	11	11	11	11	11	11	
1451	0	0	0	0	0	0	0	0	0	0	0	0	0	0	0	0	11	11	11	11	11	11	11	11	11	11	11	11	11	11	11	11	
1452	0	0	0	0	0	0	0	0	0	2	0	0	0	0	0	0	11	11	11	11	11	11	11	11	11	11	11	11	11	11	11	11	
1453	0	0	0	0	0	0	0	0	0	0	0	0	0	0	0	0	11	11	11	11	11	11	11	11	11	11	11	11	11	11	11	11	
1454	0	21	21	0	0	21	0	0	0	21	0	0	21	21	0	0	11	11	11	11	11	11	11	11	11	11	11	11	11	11	11	11	
1455	0	0	0	0	0	0	0	0	0	0	0	0	0	0	0	0	11	11	11	11	11	11	11	11	11	11	11	11	11	11	11	11	
1456	0	0	0	0	0	0	0	0	0	2	0	0	0	0	0	0	11	11	11	11	11	11	11	11	11	11	11	11	11	11	11	11	
1457	0	0	0	0	0	0	0	0	0	0	0	0	0	0	0	0	11	11	11	11	11	11	11	11	11	11	11	11	11	11	11	11	
1458	0	0	0	0	0	0	0	0	0	0	0	0	0	0	0	0	11	11	11	11	11	11	11	11	11	11	11	11	11	11	11	11	
1459	0	0	0	0	0	0	0	0	2	0	0	0	0	0	0	0	11	11	11	11	11	11	11	11	11	11	11	11	11	11	11	11	
1460	0	0	0	0	0	0	0	2	0	0	0	2	0	0	0	0	11	11	11	11	11	11	11	11	11	11	11	11	11	11	11	11	
1461	0	0	0	0	0	0	0	0	0	0	0	0	0	0	0	0	11	11	11	11	11	11	11	11	11	11	11	11	11	11	11	11	
1462	2	0	2	0	2	2	0	0	0	0	0	0	0	0	2	0	11	11	11	11	11	11	11	11	11	11	11	11	11	11	11	11	
1463	0	0	0	0	0	0	0	0	0	0	0	0	0	0	0	0	11	11	11	11	11	11	11	11	11	11	11	11	11	11	11	11	
1464	0	0	0	0	0	0	0	0	0	0	0	0	0	0	0	0	11	11	11	11	11	11	11	11	11	11	11	11	11	11	11	11	
1465	0	0	0	0	0	0	0	0	0	0	2	0	0	0	2	0	11	11	11	11	11	11	11	11	11	11	11	11	11	11	11	11	
1466	0	0	0	0	0	0	0	0	0	2	0	0	0	0	0	0	11	11	11	11	11	11	11	11	11	11	11	11	11	11	11	11	
1467	0	0	0	0	0	0	0	0	0	0	0	0	0	0	0	0	11	11	11	11	11	11	11	11	11	11	11	11	11	11	11	11	
1468	0	0	0	0	90	90	90	0	90	96	90	0	90	90	90	2	11	11	11	11	11	11	11	11	11	11	11	11	11	11	11	11	
1469	0	0	2	2	0	0	2	0	2	2	2	2	0	2	2	2	11	11	11	11	11	11	11	11	11	11	11	11	11	11	11	11	
1470	0	0	0	0	0	0	0	0	0	0	0	2	2	0	0	0	11	11	11	11	11	11	11	11	11	11	11	11	11	11	11	11	
1471	2	0	0	0	0	0	0	2	0	2	0	0	0	0	0	0	11	11	11	11	11	11	11	11	11	11	11	11	11	11	11	11	
1472	2	0	0	0	0	0	112	112	0	0	112	112	0	0	112	112	11	12	12	13	11	12	14	14	11	12	14	15	11	12	14	15	
1473	0	0	0	0	112	112	112	112	112	112	112	112	112	112	112	112	13	12	12	12	14	14	14	14	15	14	15	15	13	13	13	14	
1474	0	0	0	0	112	112	112	112	112	112	112	112	112	112	112	112	11	12	12	12	13	13	14	14	14	15	15	15	14	14	14	14	
1475	0	0	112	112	112	112	112	112	112	112	112	112	112	112	112	112	12	12	14	15	14	14	15	15	15	15	15	15	14	14	14	14	
1476	112	0	0	0	112	112	112	112	112	112	112	112	112	112	112	112	14	12	11	12	14	13	13	13	15	14	15	15	14	14	14	14	
1477	0	0	0	0	112	112	112	112	112	112	112	112	112	112	112	112	12	11	11	11	14	13	13	13	15	15	14	14	14	13	13	14	
1478	0	0	0	0	112	112	112	112	112	112	112	112	112	112	112	112	12	12	12	12	14	14	14	14	15	15	15	15	14	14	14	14	
1479	0	0	0	0	112	112	0	0	112	112	0	0	112	112	0	0	11	11	11	11	13	12	11	11	14	13	12	11	15	14	12	11	
1480	0	2	0	0	0	0	0	0	0	0	0	0	0	0	0	0	11	11	11	11	11	11	11	11	11	11	11	11	11	11	11	11	
1481	0	0	0	0	0	2	0	0	0	2	0	0	2	0	2	2	11	11	11	11	11	11	11	11	11	11	11	11	11	11	11	11	
1482	0	0	0	0	0	0	0	0	0	0	0	0	2	0	0	0	11	11	11	11	11	11	11	11	11	11	11	11	11	11	11	11	
1483	0	0	0	0	0	0	0	0	0	0	0	2	2	2	2	0	11	11	11	11	11	11	11	11	11	11	11	11	11	11	11	11	
1484	0	0	112	112	0	0	0	0	2	0	0	0	0	0	0	0	11	13	14	15	11	12	13	13	11	11	11	12	11	11	11	11	
1485	0	0	35	35	0	0	35	35	0	0	35	35	0	0	35	35	14	12	11	11	12	11	11	11	11	11	11	11	11	11	11	11	
1486	35	35	35	2	35	35	2	2	35	35	0	0	35	35	0	0	11	11	11	11	11	11	11	11	11	11	11	11	11	11	11	11	
1487	2	2	2	2	0	0	57	57	0	0	75	42	0	0	57	42	11	11	11	11	11	11	11	11	11	11	11	11	11	11	11	11	
1488	2	2	2	2	75	57	75	57	42	42	42	42	42	42	42	42	11	11	11	11	11	11	11	11	11	11	11	11	11	11	11	11	
1489	2	75	57	57	75	57	42	42	42	42	42	42	42	78	78	42	11	11	11	11	11	11	11	11	11	11	11	11	11	11	11	11	
1490	66	57	57	0	42	42	75	0	42	42	57	0	42	42	57	0	11	11	11	11	11	11	11	11	11	11	11	11	11	11	11	11	
1491	0	0	0	0	0	0	0	0	0	0	0	0	0	0	0	0	11	11	11	11	11	11	11	11	11	11	11	11	11	11	11	11	
1492	0	0	0	0	0	0	0	2	0	0	0	0	0	0	0	0	11	11	11	11	11	11	11	11	11	11	11	11	11	11	11	11	
1493	0	112	112	112	2	112	112	112	0	112	112	112	0	112	112	112	12	14	15	14	12	14	15	13	12	14	15	13	12	14	15	14	
1494	0	0	0	0	0	0	0	0	0	0	0	0	0	0	0	0	12	11	11	11	12	11	11	11	11	11	11	11	12	11	11	11	
1495	0	0	0	0	0	0	2	2	0	0	0	0	54	72	54	63	11	11	11	11	11	11	11	11	11	11	11	11	11	11	11	11	
1496	0	2	0	0	0	0	0	0	0	0	0	0	54	72	54	54	11	11	11	11	11	11	11	11	11	11	11	11	11	11	11	11	
1497	0	0	0	0	0	0	0	0	0	0	0	0	0	0	0	0	11	11	11	11	11	11	11	11	11	11	11	11	11	11	11	11	
1498	0	112	112	112	0	112	112	112	0	0	112	112	0	0	112	112	12	14	15	14	11	13	15	14	11	12	14	15	11	12	14	15	
1499	112	0	0	0	112	0	0	0	112	0	0	0	112	0	0	0	12	11	11	11	13	12	11	11	14	12	11	11	13	12	11	11	
1500	6	6	6	6	6	6	6	6	6	6	6	6	6	6	6	6	1	1	2	2	1	1	2	2	1	1	2	2	1	1	2	2	
1501	6	15	15	15	6	15	15	15	6	15	15	15	6	15	15	15	3	3	4	4	3	3	3	4	3	3	3	4	3	3	3	4	
1502	15	15	15	15	15	15	15	15	15	15	15	15	15	15	15	15	4	5	6	6	4	5	6	6	4	5	6	6	4	5	5	6	
1503	15	15	15	15	15	15	15	15	15	15	15	15	15	15	15	15	7	7	7	8	7	7	7	8	6	7	7	8	6	7	7	8	
1504	15	157	2	2	15	157	2	15	15	157	2	2	15	157	2	2	8	9	9	9	8	9	9	9	8	9	9	9	8	9	9	9	
1505	2	0	0	2	2	0	0	2	2	0	0	0	15	2	0	2	10	10	10	10	10	10	10	10	9	10	10	10	9	10	10	10	
1506	0	0	0	0	0	2	2	0	0	0	2	0	0	0	0	0	10	10	11	11	10	10	11	11	10	10	11	11	10	10	11	11	
1507	0	35	35	35	0	35	35	35	0	35	35	35	0	0	35	35	11	11	11	11	11	11	11	11	11	11	11	11	11	11	11	11	
1508	35	0	0	0	35	2	2	2	35	35	0	0	35	35	0	0	11	11	11	11	11	11	11	11	11	11	11	11	11	11	11	11	
1509	2	2	2	2	2	0	57	57	0	57	75	42	0	75	42	42	11	11	11	11	11	11	11	11	11	11	11	11	11	11	11	11	
1510	57	57	42	57	66	42	42	57	42	42	42	42	42	42	42	42	11	11	11	11	11	11	11	11	11	11	11	11	11	11	11	11	
1511	0	0	0	0	57	0	0	0	57	0	0	0	75	0	0	0	11	11	11	11	11	11	11	11	11	11	11	11	11	11	11	11	
1512	0	0	0	0	0	0	0	0	0	0	0	0	0	2	0	0	11	11	11	11	11	11	11	11	11	11	11	11	11	11	11	11	
1513	0	0	0	0	0	0	0	0	0	0	0	0	0	0	0	0	11	11	11	11	11	11	11	11	11	11	11	11	11	11	11	11	
1514	21	90	90	90	21	90	94	90	21	90	90	90	21	0	0	0	11	11	11	11	11	11	11	11	11	11	11	11	11	11	11	11	
1515	0	0	0	0	0	0	0	0	0	0	0	0	0	0	0	0	11	11	11	11	11	11	11	11	11	11	11	11	11	11	11	11	
1516	0	0	0	0	0	0	0	0	0	0	2	0	0	0	0	0	11	11	11	11	11	11	11	11	11	11	11	11	11	11	11	11	
1517	0	0	0	0	0	0	0	0	0	0	0	0	0	0	0	0	11	11	11	11	11	11	11	11	11	11	11	11	11	11	11	11	
1518	0	0	0	0	0	0	2	0	0	0	2	2	0	0	0	0	11	11	11	11	11	11	11	11	11	11	11	11	11	11	11	11	
1519	2	0	0	0	0	0	0	0	0	0	0	0	0	0	0	0	11	11	11	11	11	11	11	11	11	11	11	11	11	11	11	11	
1520	0	0	0	0	0	0	0	0	0	0	0	0	0	2	0	0	11	11	11	11	11	11	11	11	11	11	11	11	11	11	11	11	
1521	0	0	0	0	0	0	2	0	0	2	0	0	0	0	0	0	11	11	11	11	11	11	11	11	11	11	11	11	11	11	11	11	
1522	0	0	2	0	0	0	0	0	0	0	0	0	0	0	0	0	11	11	11	11	11	11	11	11	11	11	11	11	11	11	11	11	
1523	0	0	0	0	0	0	0	0	0	0	0	0	0	0	0	0	11	11	11	11	11	11	11	11	11	11	11	11	11	11	11	11	
1524	0	0	0	0	0	0	0	0	0	0	0	0	0	0	0	0	11	11	11	11	11	11	11	11	11	11	11	11	11	11	11	11	
1525	0	0	0	0	0	2	0	0	0	2	0	0	0	2	0	0	11	11	11	11	11	11	11	11	11	11	11	11	11	11	11	11	
1526	0	2	2	0	0	0	2	0	0	2	2	0	0	2	2	0	11	11	11	11	11	11	11	11	11	11	11	11	11	11	11	11	
1527	0	0	0	0	0	0	0	2	0	0	0	2	0	0	2	2	11	11	11	11	11	11	11	11	11	11	11	11	11	11	11	11	
1528	0	0	0	2	2	0	0	0	0	2	0	0	0	2	0	0	11	11	11	11	11	11	11	11	11	11	11	11	11	11	11	11	
1529	0	0	0	0	0	0	0	0	0	0	0	0	0	0	0	0	11	11	11	11	11	11	11	11	11	11	11	11	11	11	11	11	
1530	2	2	0	0	0	2	2	0	0	2	2	2	0	0	2	0	11	11	11	11	11	11	11	11	11	11	11	11	11	11	11	11	
1531	0	0	0	0	0	0	0	0	0	0	0	0	0	0	0	0	11	11	11	11	11	11	11	11	11	11	11	11	11	11	11	11	
1532	0	0	112	112	0	0	112	112	2	0	112	112	0	0	112	112	11	13	14	15	11	12	14	15	11	12	14	14	11	12	14	14	
1533	112	0	0	0	112	0	0	0	112	0	0	0	112	0	0	0	13	11	12	12	13	11	11	11	12	11	11	11	13	11	11	11	
1534	0	0	0	0	0	0	0	0	2	0	0	0	0	0	0	0	12	12	12	12	11	11	11	11	11	11	11	11	11	11	11	11	
1535	0	0	0	0	0	0	0	0	0	2	2	0	0	0	0	0	12	12	12	12	11	11	11	11	11	11	11	11	11	11	11	11	
1536	0	0	0	0	0	0	0	0	0	0	2	0	0	0	0	0	12	13	12	13	11	11	11	11	11	11	11	11	11	11	11	11	
1537	0	0	0	0	0	0	0	0	0	0	0	0	0	0	0	0	13	12	12	12	11	11	11	11	11	11	11	11	11	11	11	11	
1538	0	0	0	112	0	0	0	112	0	0	0	0	2	2	0	0	12	12	12	13	11	11	11	13	11	11	11	13	11	11	11	12	
1539	112	112	112	0	112	112	112	0	112	112	112	0	112	112	112	0	15	14	12	11	15	15	13	12	14	15	14	12	13	15	14	12	
1540	0	0	2	0	2	2	0	0	2	0	0	0	2	0	0	0	11	11	11	11	11	11	11	11	11	11	11	11	11	11	11	11	
1541	2	0	0	0	0	0	0	0	0	0	0	0	0	0	0	0	11	11	11	11	11	11	11	11	11	11	11	11	11	11	11	11	
1542	2	2	0	2	0	2	2	0	0	0	0	0	0	0	2	0	11	11	11	11	11	11	11	11	11	11	11	11	11	11	11	11	
1543	2	2	2	0	0	0	0	2	0	0	0	2	0	0	0	0	11	11	11	11	11	11	11	11	11	11	11	11	11	11	11	11	
1544	0	0	0	0	0	0	0	0	2	0	0	0	0	0	0	0	11	11	11	11	11	11	11	11	11	11	11	11	11	11	11	11	
1545	0	0	35	35	0	0	35	35	0	0	35	35	0	0	35	35	11	11	11	11	11	11	11	11	11	11	11	11	11	11	11	11	
1546	35	35	0	0	35	35	0	0	35	35	0	0	35	35	0	0	11	11	11	11	11	11	11	11	11	11	11	11	11	11	11	11	
1547	0	0	57	42	0	0	75	42	0	0	57	57	0	0	0	0	11	11	11	11	11	11	11	11	11	11	11	11	11	11	11	11	
1548	42	42	42	42	42	42	42	42	66	57	57	75	0	0	0	0	11	11	11	11	11	11	11	11	11	11	11	11	11	11	11	11	
1549	42	42	42	42	42	42	42	42	57	75	57	42	0	0	75	42	11	11	11	11	11	11	11	11	11	11	11	11	11	11	11	11	
1550	42	42	57	57	42	42	42	57	42	42	42	75	42	42	42	57	11	11	11	11	11	11	11	11	11	11	11	11	11	11	11	11	
1551	0	0	0	0	0	0	0	0	0	0	0	2	0	2	0	2	11	11	11	11	11	11	11	11	11	11	11	11	11	11	11	11	
1552	0	0	0	0	2	0	0	0	2	0	0	0	0	0	0	0	11	11	11	11	11	11	11	11	11	11	11	11	11	11	11	11	
1553	0	112	112	112	0	112	112	112	0	112	112	112	0	112	112	112	12	14	15	14	12	14	15	13	12	13	14	13	12	14	14	13	
1554	0	0	0	0	0	0	0	0	0	0	2	0	0	0	2	0	12	11	11	11	12	11	11	11	11	11	11	11	12	11	11	11	
1555	72	48	48	48	54	48	48	48	54	48	48	48	72	48	48	48	11	11	11	11	11	11	11	11	11	11	11	11	11	11	11	11	
1556	48	48	48	72	48	48	48	54	48	48	48	54	48	48	48	72	11	11	11	11	11	11	11	11	11	11	11	11	11	11	11	11	
1557	0	0	0	0	0	0	0	0	0	0	0	0	0	0	0	0	11	11	11	11	11	11	11	11	11	11	11	11	11	11	11	11	
1558	0	0	112	112	0	0	112	112	0	0	0	112	0	0	0	112	11	12	14	15	11	12	13	15	11	11	13	14	11	11	13	14	
1559	112	0	0	0	112	112	0	0	112	112	0	0	112	112	0	0	13	11	11	11	13	12	11	11	14	12	11	11	14	13	11	11	
1560	6	6	6	6	6	6	6	6	6	6	6	6	6	6	6	6	1	1	2	2	1	1	2	2	1	1	2	2	1	1	2	2	
1561	6	15	15	15	6	15	15	15	6	15	15	15	6	15	15	15	3	3	3	4	3	3	3	4	2	3	3	4	2	3	3	4	
1562	15	15	15	15	15	15	15	15	15	15	15	15	15	15	15	15	4	5	5	6	4	5	5	6	4	5	5	6	4	5	5	6	
1563	15	15	15	15	15	15	15	15	15	15	15	15	15	15	15	15	6	7	7	8	6	7	7	8	6	7	7	8	6	7	7	8	
1564	15	157	157	2	15	15	157	15	15	15	157	15	15	15	157	2	8	9	9	9	8	8	9	9	8	8	9	9	8	8	9	9	
1565	15	2	0	0	2	2	2	0	2	2	2	0	15	2	2	0	9	10	10	10	9	10	10	10	9	10	10	10	9	10	10	10	
1566	2	0	0	0	2	0	0	0	0	0	2	0	0	0	2	2	10	10	11	11	10	10	11	11	10	10	11	11	10	10	10	11	
1567	0	0	35	35	0	0	0	35	0	0	0	35	0	0	0	0	11	11	11	11	11	11	11	11	11	11	11	11	11	11	11	11	
1568	35	35	35	0	35	35	35	0	35	35	35	35	35	35	35	35	11	11	11	11	11	11	11	11	11	11	11	11	11	11	11	11	
1569	0	57	42	42	0	57	75	42	0	0	57	57	0	0	0	0	11	11	11	11	11	11	11	11	11	11	11	11	11	11	11	11	
1570	42	42	42	75	42	57	66	57	75	57	0	0	0	0	2	0	11	11	11	11	11	11	11	11	11	11	11	11	11	11	11	11	
1571	57	0	0	0	0	0	0	0	0	0	0	0	0	0	2	0	11	11	11	11	11	11	11	11	11	11	11	11	11	11	11	11	
1572	0	0	0	0	0	0	0	0	0	0	0	0	0	0	0	21	11	11	11	11	11	11	11	11	11	11	11	11	11	11	11	11	
1573	0	0	0	21	0	0	0	21	0	21	21	21	21	21	0	0	11	11	11	11	11	11	11	11	11	11	11	11	11	11	11	11	
1574	21	0	2	0	0	2	0	0	0	0	0	0	0	0	0	0	11	11	11	11	11	11	11	11	11	11	11	11	11	11	11	11	
1575	0	0	0	0	0	0	0	0	0	0	0	0	0	0	0	0	11	11	11	11	11	11	11	11	11	11	11	11	11	11	11	11	
1576	0	0	0	0	0	0	0	0	0	0	0	2	0	0	0	0	11	11	11	11	11	11	11	11	11	11	11	11	11	11	11	11	
1577	0	2	0	0	0	0	0	0	0	0	0	0	0	0	0	0	11	11	11	11	11	11	11	11	11	11	11	11	11	11	11	11	
1578	0	0	0	0	0	0	0	0	0	0	0	0	0	0	0	0	11	11	11	11	11	11	11	11	11	11	11	11	11	11	11	11	
1579	0	0	0	0	0	0	0	0	0	0	0	0	2	0	0	0	11	11	11	11	11	11	11	11	11	11	11	11	11	11	11	11	
1580	0	0	0	0	0	0	0	0	0	0	0	0	0	2	0	0	11	11	11	11	11	11	11	11	11	11	11	11	11	11	11	11	
1581	0	0	0	0	0	0	0	0	0	0	0	0	0	0	0	0	11	11	11	11	11	11	11	11	11	11	11	11	11	11	11	11	
1582	0	0	0	0	0	0	0	0	0	0	0	0	0	0	0	2	11	11	11	11	11	11	11	11	11	11	11	11	11	11	11	11	
1583	0	0	0	2	0	0	0	0	0	0	2	0	2	0	0	0	11	11	11	11	11	11	11	11	11	11	11	11	11	11	11	11	
1584	0	0	0	0	0	0	0	0	0	0	0	0	0	0	0	0	11	11	11	11	11	11	11	11	11	11	11	11	11	11	11	11	
1585	0	0	2	0	0	0	0	2	2	0	2	2	0	0	0	0	11	11	11	11	11	11	11	11	11	11	11	11	11	11	11	11	
1586	2	2	0	0	2	2	0	0	2	0	0	0	0	0	0	0	11	11	11	11	11	11	11	11	11	11	11	11	11	11	11	11	
1587	0	0	2	0	0	0	0	0	0	2	0	0	0	2	0	0	11	11	11	11	11	11	11	11	11	11	11	11	11	11	11	11	
1588	0	2	0	0	0	0	0	0	2	0	0	0	0	2	0	0	11	11	11	11	11	11	11	11	11	11	11	11	11	11	11	11	
1589	0	0	0	0	0	0	0	0	0	0	0	0	0	2	0	0	11	11	11	11	11	11	11	11	11	11	11	11	11	11	11	11	
1590	0	0	0	0	0	0	2	0	0	0	0	0	0	0	0	0	11	11	11	11	11	11	11	11	11	11	11	11	11	11	11	11	
1591	0	0	0	0	0	0	0	0	0	0	0	0	0	0	0	0	11	11	11	11	11	11	11	11	11	11	11	11	11	11	11	11	
1592	0	0	112	112	0	0	112	112	0	0	112	112	2	0	112	112	11	12	14	15	11	12	14	15	11	11	13	15	11	11	13	15	
1593	112	0	0	0	112	0	0	0	112	0	0	0	112	0	0	0	14	12	11	11	14	13	11	11	14	12	11	11	14	12	11	11	
1594	0	0	0	0	0	58	76	58	0	76	43	43	0	58	43	43	11	11	11	11	11	11	11	11	11	11	11	11	11	11	11	11	
1595	0	0	0	0	76	58	76	58	43	43	43	43	43	43	43	43	11	11	11	11	11	11	11	11	11	11	11	11	11	11	11	11	
1596	0	0	0	0	76	58	58	0	43	43	58	0	43	43	76	0	11	11	11	11	11	11	11	11	11	11	11	11	11	11	11	11	
1597	0	2	0	0	0	2	0	0	0	0	2	0	0	0	0	0	11	11	11	11	11	11	11	11	11	11	11	11	11	11	11	11	
1598	0	2	0	0	0	0	0	0	0	2	0	0	2	2	0	0	11	11	11	11	11	11	11	11	11	11	11	11	11	11	11	11	
1599	112	112	112	0	112	112	112	0	112	112	112	0	112	112	112	0	13	15	14	12	13	14	14	12	12	14	14	13	13	15	15	13	
1600	0	0	0	0	0	0	0	0	0	0	0	0	0	0	0	0	11	11	11	11	11	11	11	11	12	11	11	11	12	11	11	11	
1601	0	0	0	0	0	0	0	0	0	0	2	2	0	0	2	0	11	11	11	11	11	11	11	11	11	11	11	11	11	11	11	11	
1602	0	0	0	0	0	0	0	0	0	0	0	0	0	0	0	0	11	11	11	11	11	11	11	11	11	11	11	11	11	11	11	11	
1603	0	0	0	0	0	0	0	0	0	0	0	0	0	0	0	0	11	11	11	11	11	11	11	11	11	11	11	11	11	11	11	11	
1604	0	0	0	0	0	0	0	0	0	0	0	0	0	0	0	2	11	11	11	11	11	11	11	11	11	11	11	11	11	11	11	11	
1605	0	0	35	35	0	0	35	35	0	0	35	35	2	0	35	35	11	11	11	11	11	11	11	11	11	11	11	11	11	11	11	11	
1606	35	35	0	0	35	35	0	0	35	35	0	0	35	35	2	0	11	11	11	11	11	11	11	11	11	11	11	11	11	11	11	11	
1607	0	0	0	0	0	0	0	0	0	0	0	0	0	0	0	0	11	11	11	11	11	11	11	11	11	11	11	11	11	11	11	11	
1608	0	0	0	0	0	0	0	0	0	0	0	0	0	0	0	0	11	11	11	11	11	11	11	11	11	11	11	11	11	11	11	11	
1609	0	0	57	42	0	0	57	75	0	0	0	0	0	0	2	2	11	11	11	11	11	11	11	11	11	11	11	11	11	11	11	11	
1610	42	42	42	75	57	57	75	57	0	0	0	0	2	0	0	0	11	11	11	11	11	11	11	11	11	11	11	11	11	11	11	11	
1611	0	0	0	0	0	0	0	0	0	2	0	0	0	2	0	0	11	11	11	11	11	11	11	11	11	11	11	11	11	11	11	11	
1612	2	2	2	0	0	0	0	0	0	0	0	0	106	0	0	0	11	11	11	11	11	11	11	11	11	11	11	11	11	11	11	11	
1613	0	112	112	112	0	112	112	0	0	0	0	0	0	0	0	0	13	14	15	13	12	13	13	12	11	12	12	11	11	11	11	11	
1614	0	0	0	0	0	0	0	0	0	2	0	0	0	2	0	0	12	11	11	11	11	11	11	11	11	11	11	11	11	11	11	11	
1615	54	72	54	63	0	0	0	0	0	0	0	0	0	0	0	0	11	11	11	11	11	11	11	11	11	11	11	11	11	11	11	11	
1616	54	54	72	54	2	0	0	0	2	0	0	0	2	2	0	2	11	11	11	11	11	11	11	11	11	11	11	11	11	11	11	11	
1617	0	0	0	0	0	0	0	0	0	2	0	0	2	0	0	0	11	11	11	11	11	11	11	11	11	11	11	11	11	11	11	11	
1618	0	0	0	112	0	0	0	0	0	0	0	112	0	0	0	112	11	11	13	14	11	11	12	14	11	11	12	14	11	11	12	13	
1619	112	112	0	0	0	0	0	0	112	0	0	0	112	0	0	0	14	12	11	11	13	12	11	11	14	12	11	11	13	12	11	11	
1620	6	6	6	6	6	6	6	6	6	6	6	6	6	6	6	6	1	1	2	2	1	1	2	2	1	1	2	2	1	1	2	2	
1621	6	15	15	15	6	15	15	15	6	15	15	15	6	15	15	15	2	3	3	4	2	3	3	4	2	3	3	4	2	3	3	4	
1622	15	15	15	15	15	15	15	15	15	15	15	15	15	15	15	15	4	5	5	6	4	5	5	6	4	5	5	6	4	5	5	6	
1623	15	15	15	15	15	15	15	15	15	15	15	15	15	15	15	15	6	7	7	8	6	7	7	8	6	7	7	7	6	7	7	7	
1624	15	15	157	2	15	15	157	15	15	15	157	2	15	15	157	2	8	8	9	9	8	8	9	9	8	8	9	9	8	8	9	9	
1625	2	2	2	0	2	2	2	0	2	15	0	0	15	2	2	0	9	10	10	10	9	10	10	10	9	10	10	10	9	9	10	10	
1626	0	0	0	0	0	0	0	0	0	2	0	2	0	0	0	2	10	10	10	11	10	10	10	11	10	10	10	11	10	10	10	11	
1627	0	0	0	0	0	0	0	0	0	0	0	0	0	0	0	0	11	11	11	11	11	11	11	11	11	11	11	11	11	11	11	11	
1628	0	35	35	35	0	35	35	35	0	35	35	35	0	0	35	35	11	11	11	11	11	11	11	11	11	11	11	11	11	11	11	11	
1629	35	0	0	0	35	0	0	0	35	0	0	0	35	35	0	0	11	11	11	11	11	11	11	11	11	11	11	11	11	11	11	11	
1630	0	0	0	0	0	0	0	0	0	0	0	0	0	0	21	21	11	11	11	11	11	11	11	11	11	11	11	11	11	11	11	11	
1631	0	0	0	0	0	0	21	21	21	21	21	0	21	0	0	0	11	11	11	11	11	11	11	11	11	11	11	11	11	11	11	11	
1632	21	21	21	21	21	0	0	0	0	0	0	0	0	0	0	0	11	11	11	11	11	11	11	11	11	11	11	11	11	11	11	11	
1633	0	0	0	0	0	0	0	0	0	0	0	0	0	0	2	0	11	11	11	11	11	11	11	11	11	11	11	11	11	11	11	11	
1634	2	0	0	0	2	0	0	0	2	0	0	0	2	2	0	0	11	11	11	11	11	11	11	11	11	11	11	11	11	11	11	11	
1635	0	0	0	0	0	0	0	0	0	0	0	0	0	0	0	0	11	11	11	11	11	11	11	11	11	11	11	11	11	11	11	11	
1636	0	0	0	0	0	0	0	0	0	0	0	0	0	0	0	0	11	11	11	11	11	11	11	11	11	11	11	11	11	11	11	11	
1637	0	0	0	0	0	0	0	0	0	0	0	0	2	0	0	0	11	11	11	11	11	11	11	11	11	11	11	11	11	11	11	11	
1638	0	0	0	0	0	0	0	0	0	0	0	0	0	0	0	0	11	11	11	11	11	11	11	11	11	11	11	11	11	11	11	11	
1639	0	2	0	0	0	0	0	0	0	0	0	0	0	0	0	0	11	11	11	11	11	11	11	11	11	11	11	11	11	11	11	11	
1640	0	0	0	0	0	0	0	0	0	0	0	0	0	0	0	0	11	11	11	11	11	11	11	11	11	11	11	11	11	11	11	11	
1641	0	2	0	0	0	0	0	0	0	0	0	0	0	0	0	2	11	11	11	11	11	11	11	11	11	11	11	11	11	11	11	11	
1642	0	2	2	2	2	2	2	0	2	2	0	0	2	0	0	0	11	11	11	11	11	11	11	11	11	11	11	11	11	11	11	11	
1643	0	0	0	0	0	0	0	0	0	0	2	0	0	0	0	0	11	11	11	11	11	11	11	11	11	11	11	11	11	11	11	11	
1644	0	0	0	0	0	0	0	0	0	0	0	106	0	0	0	0	11	11	11	11	11	11	11	11	11	11	11	11	11	11	11	11	
1645	0	0	0	0	0	0	0	0	0	0	0	0	0	0	0	0	11	11	11	11	11	11	11	11	11	11	11	11	11	11	11	11	
1646	0	0	0	0	0	0	0	0	0	0	0	0	57	75	57	75	11	11	11	11	11	11	11	11	11	11	11	11	11	11	11	11	
1647	0	0	0	0	0	0	0	0	57	66	57	75	57	42	42	42	11	11	11	11	11	11	11	11	11	11	11	11	11	11	11	11	
1648	0	0	0	0	0	0	0	0	57	57	0	0	42	75	0	0	11	11	11	11	11	11	11	11	11	11	11	11	11	11	11	11	
1649	0	0	0	0	0	0	0	0	0	0	2	0	0	0	0	0	11	11	11	11	11	11	11	11	11	11	11	11	11	11	11	11	
1650	0	0	0	0	2	0	0	0	2	2	0	0	0	2	2	0	11	11	11	11	11	11	11	11	11	11	11	11	11	11	11	11	
1651	0	0	0	0	0	0	0	0	0	0	0	0	0	0	0	0	11	11	11	11	11	11	11	11	11	11	11	11	11	11	11	11	
1652	2	0	112	112	0	0	2	112	0	0	0	2	0	0	0	0	11	12	14	15	11	12	13	14	11	11	12	12	11	11	11	11	
1653	112	0	0	0	112	0	0	0	0	0	0	2	0	0	0	0	14	12	11	11	13	12	11	11	12	11	11	11	11	11	11	11	
1654	0	58	43	43	0	58	43	43	0	76	43	43	0	58	76	58	11	11	11	11	11	11	11	11	11	11	11	11	11	11	11	11	
1655	43	43	43	43	43	43	43	43	43	43	43	43	58	67	58	76	11	11	11	11	11	11	11	11	11	11	11	11	11	11	11	11	
1656	43	43	58	0	43	43	58	0	43	43	76	0	58	76	58	0	11	11	11	11	11	11	11	11	11	11	11	11	11	11	11	11	
1657	0	0	0	0	0	0	0	0	2	2	2	0	2	2	2	2	11	11	11	11	11	11	11	11	11	11	11	11	11	11	11	11	
1658	0	0	0	0	0	0	0	0	0	0	0	0	0	0	0	0	11	11	11	11	11	11	11	11	11	11	11	11	11	11	11	11	
1659	112	112	112	0	112	112	112	0	0	112	112	0	0	112	112	112	13	15	14	13	13	15	14	13	13	15	15	13	13	15	15	13	
1660	0	0	0	0	0	0	0	0	0	0	0	2	0	0	0	2	11	11	11	11	11	11	11	11	11	11	11	11	12	11	11	11	
1661	0	2	0	0	2	0	0	0	0	0	0	0	0	0	0	0	11	11	11	11	11	11	11	11	11	11	11	11	11	11	11	11	
1662	0	0	2	0	0	0	2	0	0	0	2	0	0	2	0	0	11	11	11	11	11	11	11	11	11	11	11	11	11	11	11	11	
1663	0	0	0	0	0	0	0	0	0	0	0	0	2	0	0	0	11	11	11	11	11	11	11	11	11	11	11	11	11	11	11	11	
1664	0	0	0	2	0	0	0	0	0	0	0	0	0	90	90	90	11	11	11	11	11	11	11	11	11	11	11	11	11	11	11	11	
1665	0	0	35	35	0	0	35	35	0	0	2	35	0	0	0	35	11	11	11	11	11	11	11	11	11	11	11	11	11	11	11	11	
1666	35	35	2	0	35	35	35	0	35	35	35	0	35	35	35	0	11	11	11	11	11	11	11	11	11	11	11	11	11	11	11	11	
1667	0	0	0	0	0	0	0	0	0	0	0	0	0	0	0	0	11	11	11	11	11	11	11	11	11	11	11	11	11	11	11	11	
1668	0	0	0	0	0	0	0	0	0	0	0	90	0	0	0	90	11	11	11	11	11	11	11	11	11	11	11	11	11	11	11	11	
1669	0	0	0	0	0	0	0	0	90	90	0	2	94	90	0	0	11	11	11	11	11	11	11	11	11	11	11	11	11	11	11	11	
1670	0	2	0	0	2	0	0	2	0	0	0	106	0	0	0	0	11	11	11	11	11	11	11	11	11	11	11	11	11	11	11	11	
1671	0	2	0	2	2	2	2	2	0	0	0	0	0	0	0	0	11	11	11	11	11	11	11	11	11	11	11	11	11	11	11	11	
1672	0	0	0	0	0	2	2	0	0	0	0	0	0	0	0	0	11	11	11	11	11	11	11	11	11	11	11	11	11	11	11	11	
1673	0	0	0	0	90	90	90	0	90	94	90	0	90	90	90	0	11	11	11	11	11	11	11	11	11	11	11	11	11	11	11	11	
1674	0	0	0	0	0	0	90	90	0	0	90	97	0	0	35	35	11	11	11	11	11	11	11	11	11	11	11	11	11	11	11	11	
1675	0	0	0	0	90	0	0	0	90	0	0	2	35	35	35	35	11	11	11	11	11	11	11	11	11	11	11	11	11	11	11	11	
1676	2	2	0	0	2	0	0	0	2	2	2	0	35	35	35	35	11	11	11	11	11	11	11	11	11	11	11	11	11	11	11	11	
1677	0	0	0	0	0	0	0	0	35	35	35	35	36	36	36	36	11	11	11	11	11	11	11	11	11	11	11	11	11	11	11	11	
1678	0	0	2	0	0	2	2	0	35	35	35	35	36	36	36	36	11	11	11	12	11	11	11	11	11	11	11	11	11	11	11	11	
1679	0	0	0	0	0	0	0	0	35	35	35	35	36	36	36	36	12	11	11	11	11	11	11	11	11	11	11	11	11	11	11	11	
1680	6	6	6	6	6	6	6	6	6	6	6	6	6	6	6	6	1	1	1	2	1	1	1	2	1	1	1	2	1	1	1	2	
1681	6	15	15	15	6	15	15	15	6	15	15	15	6	15	15	15	2	3	3	4	2	3	3	4	2	3	3	4	2	3	3	4	
1682	15	15	15	15	15	15	15	15	15	15	15	15	15	15	15	15	4	5	5	6	4	5	5	6	4	5	5	6	4	4	5	5	
1683	15	15	15	15	15	15	15	15	15	15	15	15	15	15	15	15	6	7	7	7	6	7	7	7	6	6	7	7	6	6	7	7	
1684	15	15	157	2	15	15	157	157	15	15	15	157	15	15	15	157	8	8	9	9	8	8	9	9	8	8	8	9	8	8	8	9	
1685	2	2	2	2	15	15	2	0	2	2	2	0	2	2	2	2	9	9	10	10	9	9	10	10	9	9	10	10	9	9	10	10	
1686	2	2	0	0	0	2	0	0	0	2	0	0	2	2	0	0	10	10	10	11	10	10	10	11	10	10	10	10	10	10	10	10	
1687	0	0	0	0	0	0	0	0	0	0	0	0	0	0	0	0	11	11	11	11	11	11	11	11	11	11	11	11	11	11	11	11	
1688	0	0	35	35	0	0	35	35	0	0	2	35	0	0	0	2	11	11	11	11	11	11	11	11	11	11	11	11	11	11	11	11	
1689	35	35	0	21	35	35	35	21	35	35	35	0	35	35	35	35	11	11	11	11	11	11	11	11	11	11	11	11	11	11	11	11	
1690	21	21	21	0	0	0	0	0	0	0	0	0	0	0	0	0	11	11	11	11	11	11	11	11	11	11	11	11	11	11	11	11	
1691	0	0	0	0	0	2	0	0	0	0	0	2	2	0	2	0	11	11	11	11	11	11	11	11	11	11	11	11	11	11	11	11	
1692	0	0	0	2	2	0	0	0	0	0	0	0	0	0	0	0	11	11	11	11	11	11	11	11	11	11	11	11	11	11	11	11	
1693	0	0	0	0	0	0	0	0	0	0	0	2	0	0	0	0	11	11	11	11	11	11	11	11	11	11	11	11	11	11	11	11	
1694	2	0	2	0	2	2	2	2	0	2	2	0	0	0	0	2	11	11	11	11	11	11	11	11	11	11	11	11	11	11	11	11	
1695	0	0	0	2	0	2	0	0	0	2	0	0	0	0	2	0	11	11	11	11	11	11	11	11	11	11	11	11	11	11	11	11	
1696	0	0	0	0	0	0	0	0	0	0	0	0	0	0	0	0	11	11	11	11	11	11	11	11	11	11	11	11	11	11	11	11	
1697	0	0	0	0	0	0	0	0	0	0	0	0	0	0	0	0	11	11	11	11	11	11	11	11	11	11	11	11	11	11	11	11	
1698	0	0	0	0	0	0	0	0	0	0	0	2	0	2	2	0	11	11	11	11	11	11	11	11	11	11	11	11	11	11	11	11	
1699	2	0	0	0	0	0	2	0	2	0	0	2	2	0	2	0	11	11	11	11	11	11	11	11	11	11	11	11	11	11	11	11	
1700	0	0	0	0	0	0	0	0	0	0	0	0	0	0	2	2	11	11	11	11	11	11	11	11	11	11	11	11	11	11	11	11	
1701	0	0	0	2	0	0	0	2	0	0	0	2	2	2	0	0	11	11	11	11	11	11	11	11	11	11	11	11	11	11	11	11	
1702	0	0	0	0	0	0	0	0	0	0	0	0	0	0	2	0	11	11	11	11	11	11	11	11	11	11	11	11	11	11	11	11	
1703	0	0	0	0	0	0	0	0	0	0	0	0	2	0	0	0	11	11	11	11	11	11	11	11	11	11	11	11	11	11	11	11	
1704	0	0	0	0	0	0	0	0	0	0	0	0	90	90	90	0	11	11	11	11	11	11	11	11	11	11	11	11	11	11	11	11	
1705	0	0	0	0	0	0	0	0	0	0	0	0	0	0	0	0	11	11	11	11	11	11	11	11	11	11	11	11	11	11	11	11	
1706	75	42	42	42	57	42	42	42	57	42	42	42	75	42	42	42	11	11	11	11	11	11	11	11	11	11	11	11	11	11	11	11	
1707	42	42	42	42	42	42	42	42	42	42	42	42	57	66	57	57	11	11	11	11	11	11	11	11	11	11	11	11	11	11	11	11	
1708	42	57	0	0	42	57	0	0	42	75	0	0	75	57	0	0	11	11	11	11	11	11	11	11	11	11	11	11	11	11	11	11	
1709	0	0	0	0	0	0	0	0	0	0	0	0	0	0	0	0	11	11	11	11	11	11	11	11	11	11	11	11	11	11	11	11	
1710	0	2	0	0	0	0	0	0	0	0	0	0	0	0	0	0	11	11	11	11	11	11	11	11	11	11	11	11	11	11	11	11	
1711	0	0	0	0	0	0	90	90	0	0	90	95	0	0	90	90	11	11	11	11	11	11	11	11	11	11	11	11	11	11	11	11	
1712	0	0	0	0	90	0	0	0	90	0	0	0	90	0	0	0	11	11	11	11	11	11	11	11	11	11	11	11	11	11	11	11	
1713	0	0	0	0	0	0	2	0	0	0	0	2	0	0	0	0	11	11	11	11	11	11	11	11	11	11	11	11	11	11	11	11	
1714	0	0	0	0	0	0	0	0	0	0	0	0	0	0	0	0	11	11	11	11	11	11	11	11	11	11	11	11	11	11	11	11	
1715	0	2	0	0	0	2	0	0	0	2	0	0	0	2	0	0	11	11	11	11	11	11	11	11	11	11	11	11	11	11	11	11	
1716	0	0	0	0	0	0	0	0	0	0	0	0	0	0	0	0	11	11	11	11	11	11	11	11	11	11	11	11	11	11	11	11	
1717	2	2	2	2	2	2	2	2	2	2	2	2	2	2	2	2	11	11	11	11	11	11	11	11	11	11	11	11	11	11	11	11	
1718	2	0	0	0	2	0	0	0	2	0	0	0	2	0	0	0	11	11	11	11	11	11	11	11	11	11	11	11	11	11	11	11	
1719	0	112	112	112	0	112	112	112	0	112	112	112	0	112	112	112	13	14	15	13	12	14	15	13	12	14	14	13	12	14	15	13	
1720	0	0	0	0	0	0	0	0	0	0	0	0	0	0	0	0	11	11	11	11	11	11	11	11	11	11	11	11	11	11	11	11	
1721	0	0	0	0	0	0	2	0	0	0	0	0	0	0	0	0	11	11	11	11	11	11	11	11	11	11	11	11	11	11	11	11	
1722	2	0	0	0	0	0	0	0	0	0	0	0	0	0	0	0	11	11	11	11	11	11	11	11	11	11	11	11	11	11	11	11	
1723	2	0	0	0	2	0	0	0	2	0	0	0	0	0	0	0	11	11	11	11	11	11	11	11	11	11	11	11	11	11	11	11	
1724	0	90	95	90	0	90	90	90	0	0	0	0	0	0	0	0	11	11	11	11	11	11	11	11	11	11	11	11	11	11	11	11	
1725	0	0	0	35	0	0	0	35	0	0	35	35	0	35	35	35	11	11	11	11	11	11	11	11	11	11	11	11	11	11	11	11	
1726	35	35	35	0	35	35	35	35	35	35	35	35	35	35	35	36	11	11	11	11	11	11	11	11	11	11	11	11	11	11	11	11	
1727	0	0	0	0	2	0	0	0	35	35	35	35	36	36	36	36	11	11	11	11	11	11	11	11	11	11	11	11	11	11	11	11	
1728	0	0	0	90	0	0	0	2	35	35	35	35	36	36	36	36	11	11	11	11	11	11	11	11	11	11	11	11	11	11	11	11	
1729	90	90	0	0	0	35	35	35	35	36	36	36	36	36	36	36	11	11	11	11	11	11	11	11	11	11	11	11	11	11	11	11	
1730	0	0	0	35	35	35	35	36	36	36	36	36	36	36	36	36	11	11	11	11	11	11	11	11	11	11	11	11	11	11	11	11	
1731	35	35	35	35	36	36	36	36	36	36	36	36	36	36	36	36	11	11	11	11	11	11	11	11	11	11	11	11	11	11	11	11	
1732	35	35	35	35	36	36	36	36	36	36	36	36	36	36	36	36	11	11	11	11	11	11	11	11	11	11	11	11	11	11	11	11	
1733	35	35	35	35	36	36	36	36	36	36	36	36	36	36	36	36	11	11	11	11	11	11	11	11	11	11	11	11	11	11	11	11	
1734	35	35	36	36	36	36	36	36	36	36	36	36	36	36	36	36	11	11	11	11	11	11	11	11	11	11	11	11	11	11	11	11	
1735	36	36	36	36	36	36	36	36	36	36	36	36	36	36	36	36	11	11	11	11	11	11	11	11	11	11	11	11	11	11	11	11	
1736	36	36	36	36	36	36	36	36	36	36	36	36	36	36	36	36	11	11	11	11	11	11	11	11	11	11	11	11	11	11	11	11	
1737	36	36	36	36	36	36	36	36	36	36	36	36	36	36	36	36	11	11	11	11	11	11	11	11	11	11	11	11	11	11	11	11	
1738	36	36	36	36	36	36	36	36	36	36	36	36	36	36	36	36	11	11	11	11	11	11	11	11	11	11	11	11	11	11	11	11	
1739	36	36	36	36	36	36	36	36	36	36	36	36	36	36	36	36	11	11	11	11	11	11	11	11	11	11	11	11	11	11	11	11	
1740	6	6	6	6	6	6	6	6	6	6	6	6	6	6	6	6	1	1	1	2	1	1	1	2	1	1	1	2	1	1	1	2	
1741	6	15	15	15	6	15	15	15	6	15	15	15	6	15	15	15	2	3	3	3	2	3	3	3	2	3	3	3	2	3	3	3	
1742	15	15	15	15	15	15	15	15	15	15	15	15	15	15	15	15	4	4	5	5	4	4	5	5	4	4	5	5	4	4	5	5	
1743	15	15	15	15	15	15	15	15	15	15	15	15	15	15	15	15	6	6	7	7	6	6	7	7	6	6	7	7	6	6	7	7	
1744	15	15	15	157	15	15	15	157	15	15	15	157	15	15	15	157	8	8	8	9	8	8	8	9	8	8	8	9	7	8	8	9	
1745	15	15	15	0	2	2	2	2	2	15	15	2	157	2	15	2	9	9	10	10	9	9	10	10	9	9	10	10	9	9	9	10	
1746	2	0	0	0	2	2	0	0	2	2	2	2	2	0	2	2	10	10	10	10	10	10	10	10	10	10	10	10	10	10	10	10	
1747	0	0	0	0	2	2	0	2	2	2	0	0	0	2	2	0	11	11	11	11	11	11	11	11	11	11	11	11	11	11	11	11	
1748	2	2	0	0	0	0	0	0	0	0	0	0	0	0	0	0	11	11	11	11	11	11	11	11	11	11	11	11	11	11	11	11	
1749	35	35	35	35	35	35	35	35	0	35	35	35	0	35	35	35	11	11	11	11	11	11	11	11	11	11	11	11	11	11	11	11	
1750	0	0	0	0	35	0	0	0	35	0	0	0	35	35	0	0	11	11	11	11	11	11	11	11	11	11	11	11	11	11	11	11	
1751	0	0	0	0	0	0	0	2	0	0	0	2	0	0	0	2	11	11	11	11	11	11	11	11	11	11	11	11	11	11	11	11	
1752	55	55	73	55	73	43	43	43	55	43	43	43	55	43	43	43	11	11	11	11	11	11	11	11	11	11	11	11	11	11	11	11	
1753	73	55	73	55	43	43	43	64	43	43	43	55	43	43	43	55	11	11	11	11	11	11	11	11	11	11	11	11	11	11	11	11	
1754	63	54	54	72	42	42	42	42	42	42	42	42	42	42	42	42	11	11	11	11	11	11	11	11	11	11	11	11	11	11	11	11	
1755	54	0	0	0	72	0	2	0	54	0	2	0	54	0	0	2	11	11	11	11	11	11	11	11	11	11	11	11	11	11	11	11	
1756	0	0	0	0	0	0	0	0	0	0	0	0	0	0	0	2	11	11	11	11	11	11	11	11	11	11	11	11	11	11	11	11	
1757	0	0	0	0	0	0	2	2	0	2	2	0	2	0	0	0	11	11	11	11	11	11	11	11	11	11	11	11	11	11	11	11	
1758	2	2	0	0	2	0	0	0	2	2	0	0	0	0	2	2	11	11	11	11	11	11	11	11	11	11	11	11	11	11	11	11	
1759	0	0	2	2	0	0	2	0	0	0	2	0	0	2	0	0	11	11	11	11	11	11	11	11	11	11	11	11	11	11	11	11	
1760	0	2	2	2	2	0	0	0	0	0	0	0	0	0	0	0	11	11	11	11	11	11	11	11	11	11	11	11	11	11	11	11	
1761	2	0	2	2	0	0	2	2	0	0	0	0	2	0	0	0	11	11	11	11	11	11	11	11	11	11	11	11	11	11	11	11	
1762	2	0	0	0	2	0	0	0	0	2	0	0	2	2	0	2	11	11	11	11	11	11	11	11	11	11	11	11	11	11	11	11	
1763	0	0	0	0	0	0	0	0	0	0	0	0	0	2	0	0	11	11	11	11	11	11	11	11	11	11	11	11	11	11	11	11	
1764	90	98	90	0	90	90	90	0	0	0	0	0	0	0	0	0	11	11	11	11	11	11	11	11	11	11	11	11	11	11	11	11	
1765	0	0	0	0	0	0	0	0	0	0	0	0	0	0	0	0	11	11	11	11	11	11	11	11	11	11	11	11	11	11	11	11	
1766	57	75	57	75	0	0	0	0	0	0	0	0	0	0	0	0	11	11	11	11	11	11	11	11	11	11	11	11	11	11	11	11	
1767	57	0	2	0	0	0	2	0	2	2	2	2	0	2	2	2	11	11	11	11	11	11	11	11	11	11	11	11	11	11	11	11	
1768	0	0	0	0	0	0	0	0	0	0	0	0	2	2	0	0	11	11	11	11	11	11	11	11	11	11	11	11	11	11	11	11	
1769	0	0	0	0	0	0	0	0	0	0	0	0	0	0	0	0	11	11	11	11	11	11	11	11	11	11	11	11	11	11	11	11	
1770	90	90	90	0	90	97	90	0	90	90	90	0	0	0	0	0	11	11	11	11	11	11	11	11	11	11	11	11	11	11	11	11	
1771	0	0	0	0	0	0	0	0	0	0	0	0	0	0	0	0	11	11	11	11	11	11	11	11	11	11	11	11	11	11	11	11	
1772	0	0	0	0	0	0	0	0	0	0	0	0	0	0	0	0	11	11	11	11	11	11	11	11	11	11	11	11	11	11	11	11	
1773	0	0	0	0	0	0	0	2	0	0	0	0	0	0	0	0	11	11	11	11	11	11	11	11	11	11	11	11	11	11	11	11	
1774	0	0	0	0	2	0	0	0	0	0	0	0	0	0	0	0	11	11	11	11	11	11	11	11	11	11	11	11	11	11	11	11	
1775	0	2	0	0	0	2	2	0	0	2	0	0	2	2	2	0	11	11	11	11	11	11	11	11	11	11	11	11	11	11	11	11	
1776	0	0	0	0	0	0	0	0	0	0	0	2	0	0	2	2	11	11	11	11	11	11	11	11	11	11	11	11	11	11	11	11	
1777	2	2	2	2	2	2	2	2	2	2	2	2	2	2	2	2	11	11	11	11	11	11	11	11	11	11	11	11	11	11	11	11	
1778	2	0	0	0	2	0	0	0	2	2	0	0	2	2	2	0	11	11	11	11	11	11	11	11	11	11	11	11	11	11	11	11	
1779	0	112	112	112	0	112	112	112	0	112	112	2	2	2	2	2	13	14	15	14	12	14	15	14	12	13	14	13	11	12	13	12	
1780	0	0	0	0	0	0	0	0	2	0	2	0	0	0	0	0	12	11	11	11	12	11	11	11	12	11	11	11	11	11	11	11	
1781	0	0	0	0	0	0	2	2	2	2	0	0	35	35	35	35	11	11	11	11	11	11	11	11	11	11	11	11	11	11	11	11	
1782	0	0	0	0	0	0	0	0	0	0	35	35	35	35	36	36	11	11	11	11	11	11	11	11	11	11	11	11	11	11	11	11	
1783	0	0	0	0	0	0	35	35	35	35	36	36	36	36	36	36	11	11	11	11	11	11	11	11	11	11	11	11	11	11	11	11	
1784	35	35	35	35	36	36	36	36	36	36	36	36	36	36	36	36	11	11	11	11	11	11	11	11	11	11	11	11	11	11	11	11	
1785	35	36	36	36	36	36	36	36	36	36	36	36	36	36	36	36	11	11	11	11	11	11	11	11	11	11	11	11	11	11	11	11	
1786	36	36	36	36	36	36	36	36	36	36	36	36	36	36	36	36	11	11	11	11	11	11	11	11	11	11	11	11	11	11	11	11	
1787	36	36	36	36	36	36	36	36	36	36	36	36	36	36	36	36	11	11	11	11	11	11	11	11	11	11	11	11	11	11	11	11	
1788	36	36	36	36	36	36	36	36	36	36	36	36	36	36	35	35	11	11	11	11	11	11	11	11	11	11	11	11	11	11	11	11	
1789	36	36	36	36	36	36	36	36	36	36	36	36	35	35	35	35	11	11	11	11	11	11	11	11	11	11	11	11	11	11	11	11	
1790	36	36	36	36	36	36	36	36	36	36	36	36	35	35	35	35	11	11	11	11	11	11	11	11	11	11	11	11	11	11	11	11	
1791	36	36	36	36	36	36	36	36	36	35	35	35	35	0	2	2	11	11	11	11	11	11	11	11	11	11	11	11	11	11	11	11	
1792	36	36	36	36	36	36	36	36	35	35	35	35	2	2	2	2	11	11	11	11	11	11	11	11	11	11	11	11	11	11	11	11	
1793	36	36	36	36	36	36	36	36	35	35	35	35	0	0	0	0	11	11	11	11	11	11	11	11	11	11	11	11	11	11	11	11	
1794	36	36	36	36	36	36	36	36	35	35	35	35	0	0	90	90	11	11	11	11	11	11	11	11	11	11	11	11	11	11	11	11	
1795	36	36	36	36	35	35	35	35	0	0	0	0	90	0	0	0	11	11	11	11	11	11	11	11	11	11	11	11	11	11	11	11	
1796	36	36	36	36	35	35	35	35	0	0	0	0	0	0	0	0	11	11	11	11	11	11	11	11	11	11	11	11	11	11	11	11	
1797	36	36	36	36	35	35	35	35	0	2	2	0	0	2	2	0	11	11	11	11	11	11	11	11	11	11	11	11	11	11	11	11	
1798	35	35	35	35	0	0	0	0	0	0	0	0	0	0	0	0	11	11	11	11	11	11	11	11	11	11	11	11	11	11	11	11	
1799	35	35	35	35	0	0	0	0	0	0	0	0	0	0	0	0	11	11	11	11	11	11	11	11	11	11	11	11	11	11	11	11	
1800	6	6	6	6	6	6	6	6	6	6	6	6	6	6	6	6	1	1	1	2	1	1	1	2	1	1	1	2	1	1	1	2	
1801	6	15	15	15	6	15	15	15	6	15	15	15	6	15	15	15	2	2	3	3	2	2	3	3	2	2	3	3	2	2	3	3	
1802	15	15	15	15	15	15	15	15	15	15	15	15	15	15	15	15	4	4	5	5	4	4	5	5	4	4	5	5	4	4	5	5	
1803	15	15	15	15	15	15	15	15	15	15	15	15	15	15	15	15	6	6	7	7	6	6	7	7	6	6	6	7	6	6	6	7	
1804	15	15	15	15	15	15	15	15	15	15	15	15	15	15	15	15	7	8	8	8	7	8	8	8	7	8	8	8	7	8	8	8	
1805	157	2	15	2	157	2	2	2	157	15	2	15	157	2	2	2	9	9	9	10	9	9	9	10	9	9	9	10	9	9	9	10	
1806	2	2	2	2	0	0	2	2	0	2	0	0	2	0	0	2	10	10	10	10	10	10	10	10	10	10	10	10	10	10	10	10	
1807	2	2	2	0	0	2	0	2	2	0	0	0	0	0	0	0	11	11	11	11	10	11	11	11	10	11	11	11	10	11	11	11	
1808	0	0	0	0	2	0	0	0	0	2	0	0	0	0	0	0	11	11	11	11	11	11	11	11	11	11	11	11	11	11	11	11	
1809	0	0	35	35	0	0	35	35	0	0	0	35	0	0	0	35	11	11	11	11	11	11	11	11	11	11	11	11	11	11	11	11	
1810	35	35	0	0	35	35	35	0	35	35	35	0	35	35	35	0	11	11	11	11	11	11	11	11	11	11	11	11	11	11	11	11	
1811	0	0	0	2	0	0	0	0	0	0	0	0	0	0	0	0	11	11	11	11	11	11	11	11	11	11	11	11	11	11	11	11	
1812	73	43	43	43	55	73	55	55	0	0	0	0	0	0	2	2	11	11	11	11	11	11	11	11	11	11	11	11	11	11	11	11	
1813	43	43	43	55	64	55	73	55	2	2	2	2	2	2	2	0	11	11	11	11	11	11	11	11	11	11	11	11	11	11	11	11	
1814	42	42	42	42	72	54	54	72	0	0	0	0	0	0	0	0	11	11	11	11	11	11	11	11	11	11	11	11	11	11	11	11	
1815	72	0	0	0	54	0	0	0	0	0	0	0	0	0	0	0	11	11	11	11	11	11	11	11	11	11	11	11	11	11	11	11	
1816	0	0	0	0	0	0	0	0	0	0	0	0	0	0	0	2	11	11	11	11	11	11	11	11	11	11	11	11	11	11	11	11	
1817	0	0	2	0	0	0	0	0	2	0	0	0	0	0	0	0	11	11	11	11	11	11	11	11	11	11	11	11	11	11	11	11	
1818	0	0	0	0	0	0	0	0	0	0	0	0	2	0	0	0	11	11	11	11	11	11	11	11	11	11	11	11	11	11	11	11	
1819	0	0	0	0	0	0	0	0	0	0	0	0	0	0	0	0	11	11	11	11	11	11	11	11	11	11	11	11	11	11	11	11	
1820	0	0	0	0	0	0	0	2	0	0	2	0	0	0	2	0	11	11	11	11	11	11	11	11	11	11	11	11	11	11	11	11	
1821	0	0	0	0	2	0	0	0	0	0	0	2	0	0	2	2	11	11	11	11	11	11	11	11	11	11	11	11	11	11	11	11	
1822	0	2	2	0	0	0	0	0	0	0	0	0	2	0	0	0	11	11	11	11	11	11	11	11	11	11	11	11	11	11	11	11	
1823	2	0	2	0	0	0	0	0	0	0	0	0	0	0	0	0	11	11	11	11	11	11	11	11	11	11	11	11	11	11	11	11	
1824	2	0	0	0	0	0	0	0	0	0	0	0	0	35	35	35	11	11	11	11	11	11	11	11	11	11	11	11	11	11	11	11	
1825	0	0	0	0	0	0	0	0	0	0	0	0	35	35	35	35	11	11	11	11	11	11	11	11	11	11	11	11	11	11	11	11	
1826	0	0	0	0	0	0	0	0	0	0	0	2	35	35	35	35	11	11	11	11	11	11	11	11	11	11	11	11	11	11	11	11	
1827	2	2	2	0	0	2	2	0	0	35	35	35	35	36	36	36	11	11	11	11	11	11	11	11	11	11	11	11	11	11	11	11	
1828	0	0	2	0	0	0	0	0	35	35	35	35	36	36	36	36	11	11	11	11	11	11	11	11	11	11	11	11	11	11	11	11	
1829	0	0	0	0	0	0	2	2	35	35	35	35	36	36	36	36	11	11	11	11	11	11	11	11	11	11	11	11	11	11	11	11	
1830	0	0	0	0	0	35	35	35	35	36	36	36	36	36	36	36	11	11	11	11	11	11	11	11	11	11	11	11	11	11	11	11	
1831	0	0	0	0	35	35	35	35	36	36	36	36	36	36	36	36	11	11	11	11	11	11	11	11	11	11	11	11	11	11	11	11	
1832	0	0	0	2	35	35	35	35	36	36	36	36	36	36	36	36	11	11	11	11	11	11	11	11	11	11	11	11	11	11	11	11	
1833	2	2	2	2	35	35	35	35	36	36	36	36	36	36	36	36	11	11	11	11	11	11	11	11	11	11	11	11	11	11	11	11	
1834	2	2	2	2	35	35	35	35	36	36	36	36	36	36	36	36	11	11	11	11	11	11	11	11	11	11	11	11	11	11	11	11	
1835	2	35	35	35	35	36	36	36	36	36	36	36	36	36	36	36	11	11	11	11	11	11	11	11	11	11	11	11	11	11	11	11	
1836	35	35	35	35	36	36	36	36	36	36	36	36	36	36	36	36	11	11	11	11	11	11	11	11	11	11	11	11	11	11	11	11	
1837	35	35	35	35	36	36	36	36	36	36	36	36	36	36	36	36	11	11	11	11	11	11	11	11	11	11	11	11	11	11	11	11	
1838	35	35	35	35	36	36	36	36	36	36	36	36	36	36	36	36	11	11	11	11	11	11	11	11	11	11	11	11	11	11	11	11	
1839	35	35	35	35	36	36	36	36	36	36	36	36	36	36	36	36	11	11	11	11	11	11	11	11	11	11	11	11	11	11	11	11	
1840	35	35	35	35	36	36	36	36	36	36	36	36	36	36	36	36	11	11	11	11	11	11	11	11	11	11	11	11	11	11	11	11	
1841	36	36	36	36	36	36	36	36	36	36	36	36	36	36	36	36	11	11	11	11	11	11	11	11	11	11	11	11	11	11	11	11	
1842	36	36	36	36	36	36	36	36	36	36	36	36	36	36	36	36	11	11	11	11	11	11	11	11	11	11	11	11	11	11	11	11	
1843	36	36	36	36	36	36	36	36	36	36	36	36	36	36	35	35	11	11	11	11	11	11	11	11	11	11	11	11	11	11	11	11	
1844	36	36	36	36	36	36	36	36	36	35	35	35	35	0	2	90	11	11	11	11	11	11	11	11	11	11	11	11	11	11	11	11	
1845	36	36	36	36	36	35	35	35	35	0	2	0	90	90	0	0	11	11	11	11	11	11	11	11	11	11	11	11	11	11	11	11	
1846	36	36	36	36	35	35	35	35	2	35	35	35	0	90	35	35	11	11	11	11	11	11	11	11	11	11	11	11	11	11	11	11	
1847	36	36	36	35	35	35	35	35	35	35	35	0	35	35	35	0	11	11	11	11	11	11	11	11	11	11	11	11	11	11	11	11	
1848	35	35	0	2	0	0	0	2	0	112	112	112	0	112	112	112	11	11	11	11	11	11	11	11	11	13	13	12	12	14	14	13	
1849	2	2	2	90	2	0	0	90	2	2	0	90	0	2	2	0	11	11	11	11	11	11	11	11	11	11	11	11	12	11	11	11	
1850	90	90	0	0	94	90	0	0	90	90	0	0	0	0	0	0	11	11	11	11	11	11	11	11	11	11	11	11	11	11	11	11	
1851	0	0	0	0	0	0	0	0	0	0	0	0	0	0	58	76	11	11	11	11	11	11	11	11	11	11	11	11	11	11	11	11	
1852	0	0	2	0	0	0	2	0	0	0	0	0	58	58	76	58	11	11	11	11	11	11	11	11	11	11	11	11	11	11	11	11	
1853	0	0	0	0	0	0	0	0	0	0	0	0	0	0	0	0	11	11	11	11	11	11	11	11	11	11	11	11	11	11	11	11	
1854	0	0	90	95	0	0	90	90	0	0	0	0	0	0	0	0	11	11	11	11	11	11	11	11	11	11	11	11	11	11	11	11	
1855	90	0	0	0	90	0	0	0	0	0	0	0	0	0	0	0	11	11	11	11	11	11	11	11	11	11	11	11	11	11	11	11	
1856	0	0	57	75	0	0	75	48	0	2	57	48	0	2	57	48	11	11	11	11	11	11	11	11	11	11	11	11	11	11	11	11	
1857	57	66	57	57	48	48	48	48	48	48	48	48	48	48	48	48	11	11	11	11	11	11	11	11	11	11	11	11	11	11	11	11	
1858	75	57	75	57	48	48	48	75	48	48	48	57	48	48	48	57	11	11	11	11	11	11	11	11	11	11	11	11	11	11	11	11	
1859	0	0	0	0	0	0	0	0	0	0	0	0	0	0	0	0	11	11	11	11	11	11	11	11	11	11	11	11	11	11	11	11	
1860	6	6	6	6	6	6	6	6	6	6	6	6	6	6	6	6	1	1	1	2	1	1	1	1	1	1	1	1	1	1	1	1	
1861	6	15	15	15	6	15	15	15	6	15	15	15	6	15	15	15	2	2	3	3	2	2	3	3	2	2	3	3	2	2	3	3	
1862	15	15	15	15	15	15	15	15	15	15	15	15	15	15	15	15	4	4	4	5	4	4	4	5	3	4	4	5	3	4	4	5	
1863	15	15	15	15	15	15	15	15	15	15	15	15	15	15	15	15	6	6	6	7	5	6	6	7	5	6	6	7	5	6	6	7	
1864	15	15	15	15	15	15	15	15	15	15	15	15	15	15	15	15	7	8	8	8	7	8	8	8	7	7	8	8	7	7	8	8	
1865	157	2	15	2	157	157	2	2	15	157	2	2	15	157	15	2	9	9	9	10	9	9	9	10	8	9	9	9	8	9	9	9	
1866	0	0	2	2	2	2	2	2	2	2	2	2	0	2	2	2	10	10	10	10	10	10	10	10	10	10	10	10	10	10	10	10	
1867	0	0	0	0	0	0	0	0	2	2	0	0	2	2	2	2	10	11	11	11	10	11	11	11	10	11	11	11	10	11	11	11	
1868	0	0	0	0	0	0	2	0	0	0	0	2	2	0	0	0	11	11	11	11	11	11	11	11	11	11	11	11	11	11	11	11	
1869	0	0	0	35	0	0	0	35	0	0	0	35	0	0	0	35	11	11	11	11	11	11	11	11	11	11	11	11	11	11	11	11	
1870	35	35	35	35	35	35	35	35	35	35	35	35	35	35	35	35	11	11	11	11	11	11	11	11	11	11	11	11	11	11	11	11	
1871	2	2	2	2	0	0	0	0	35	0	0	0	35	35	0	0	11	11	11	11	11	11	11	11	11	11	11	11	11	11	11	11	
1872	2	2	2	0	0	0	0	0	0	0	0	0	0	0	0	0	11	11	11	11	11	11	11	11	11	11	11	11	11	11	11	11	
1873	0	0	0	0	0	0	0	0	0	0	0	0	0	0	0	0	11	11	11	11	11	11	11	11	11	11	11	11	11	11	11	11	
1874	0	0	0	0	0	0	0	0	0	0	0	0	0	0	0	0	11	11	11	11	11	11	11	11	11	11	11	11	11	11	11	11	
1875	0	0	0	0	0	2	0	0	0	0	0	0	0	0	0	0	11	11	11	11	11	11	11	11	11	11	11	11	11	11	11	11	
1876	0	0	2	0	0	0	0	0	0	0	0	0	0	0	0	0	11	11	11	11	11	11	11	11	11	11	11	11	11	11	11	11	
1877	0	0	0	0	0	0	0	0	0	0	0	0	0	0	0	0	11	11	11	11	11	11	11	11	11	11	11	11	11	11	11	11	
1878	0	0	0	0	0	0	0	2	0	0	0	0	0	0	0	0	11	11	11	11	11	11	11	11	11	11	11	11	11	11	11	11	
1879	0	0	0	0	0	0	0	0	0	0	0	0	0	0	0	0	11	11	11	11	11	11	11	11	11	11	11	11	11	11	11	11	
1880	0	2	0	0	0	0	0	0	0	0	0	0	0	0	0	35	11	11	11	11	11	11	11	11	11	11	11	11	11	11	11	11	
1881	0	0	0	0	0	0	0	35	0	35	35	36	35	36	36	36	11	11	11	11	11	11	11	11	11	11	11	11	11	11	11	11	
1882	0	0	35	35	35	35	36	36	36	36	36	36	36	36	36	36	11	11	11	11	11	11	11	11	11	11	11	11	11	11	11	11	
1883	35	35	35	35	36	36	36	36	36	36	36	36	36	36	36	36	11	11	11	11	11	11	11	11	11	11	11	11	11	11	11	11	
1884	35	36	36	36	36	36	36	36	36	36	36	36	36	36	36	36	11	11	11	11	11	11	11	11	11	11	11	11	11	11	11	11	
1885	36	36	36	36	36	36	36	36	36	36	36	36	36	36	36	36	11	11	11	11	11	11	11	11	11	11	11	11	11	11	11	11	
1886	36	36	36	36	36	36	36	36	36	36	36	36	36	36	36	36	11	11	11	11	11	11	11	11	11	11	11	11	11	11	11	11	
1887	36	36	36	36	36	36	36	36	36	36	36	36	36	36	36	36	11	11	11	11	11	11	11	11	11	11	11	11	11	11	11	11	
1888	36	36	36	36	36	36	36	36	36	36	36	36	36	36	36	36	11	11	11	11	11	11	11	11	11	11	11	11	11	11	11	11	
1889	36	36	36	36	36	36	36	36	36	36	36	36	36	36	36	36	11	11	11	11	11	11	11	11	11	11	11	11	11	11	11	11	
1890	36	36	36	36	36	36	36	36	36	36	36	36	36	36	36	35	11	11	11	11	11	11	11	11	11	11	11	11	11	11	11	11	
1891	36	36	36	36	36	36	36	36	36	36	36	36	35	35	35	35	11	11	11	11	11	11	11	11	11	11	11	11	11	11	11	11	
1892	36	36	36	36	36	36	36	36	36	36	36	36	35	35	35	35	11	11	11	11	11	11	11	11	11	11	11	11	11	11	11	11	
1893	36	36	36	36	36	36	36	36	36	36	36	36	35	36	36	36	11	11	11	11	11	11	11	11	11	11	11	11	11	11	11	11	
1894	36	36	36	36	36	36	36	36	36	36	36	36	36	36	36	36	11	11	11	11	11	11	11	11	11	11	11	11	11	11	11	11	
1895	36	36	36	36	36	36	36	36	36	35	35	35	35	35	0	0	11	11	11	11	11	11	11	11	11	11	11	11	11	11	11	11	
1896	36	36	36	36	36	36	36	36	35	35	35	35	0	0	2	0	11	11	11	11	11	11	11	11	11	11	11	11	11	11	11	11	
1897	36	36	36	36	36	36	36	36	35	35	35	35	2	2	2	0	11	11	11	11	11	11	11	11	11	11	11	11	11	11	11	11	
1898	36	36	36	36	36	36	36	36	35	35	35	35	0	0	0	0	11	11	11	11	11	11	11	11	11	11	11	11	11	11	11	11	
1899	36	36	36	36	36	36	36	36	35	35	35	35	0	0	0	0	11	11	11	11	11	11	11	11	11	11	11	11	11	11	11	11	
1900	36	36	36	36	36	36	36	36	35	35	35	35	0	0	0	0	11	11	11	11	11	11	11	11	11	11	11	11	11	11	11	11	
1901	36	36	36	36	36	36	36	36	35	35	35	35	0	2	2	0	11	11	11	11	11	11	11	11	11	11	11	11	11	11	11	11	
1902	36	36	36	35	35	35	35	0	0	0	0	0	66	57	57	75	11	11	11	11	11	11	11	11	11	11	11	11	11	11	11	11	
1903	35	35	0	2	0	0	0	0	2	2	0	57	57	75	57	57	11	11	11	11	11	11	11	11	11	11	11	11	11	11	11	11	
1904	0	0	0	90	0	0	0	90	75	57	57	0	42	42	57	0	11	11	11	11	11	11	11	11	11	11	11	11	11	11	11	11	
1905	95	90	0	0	90	90	0	0	0	0	0	0	0	0	0	0	11	11	11	11	11	11	11	11	11	11	11	11	11	11	11	11	
1906	0	90	96	35	0	90	90	35	0	0	0	0	0	0	0	0	11	11	11	11	11	11	11	11	11	11	11	11	11	11	11	11	
1907	35	35	35	0	35	35	35	35	35	35	35	35	35	35	35	35	11	11	11	11	11	11	11	11	11	11	11	11	11	11	11	11	
1908	0	112	112	112	0	112	112	112	0	0	112	112	0	0	112	112	12	14	15	14	11	13	15	15	11	12	14	15	11	11	13	15	
1909	112	0	2	0	112	0	0	2	112	0	0	2	112	0	0	2	13	12	11	11	14	12	11	11	13	11	11	11	14	12	11	11	
1910	0	0	0	0	0	0	0	0	0	0	0	0	0	0	0	0	11	11	11	11	11	11	11	11	11	11	11	11	11	11	11	11	
1911	0	0	76	49	0	0	58	49	0	0	76	49	0	0	58	49	11	11	11	11	11	11	11	11	11	11	11	11	11	11	11	11	
1912	49	49	49	76	49	49	49	58	49	49	49	58	49	49	49	67	11	11	11	11	11	11	11	11	11	11	11	11	11	11	11	11	
1913	0	0	0	0	0	0	0	0	0	0	0	0	0	0	0	0	11	11	11	11	11	11	11	11	11	11	11	11	11	11	11	11	
1914	0	0	0	0	0	0	0	0	0	0	0	0	0	0	0	0	11	11	11	11	11	11	11	11	11	11	11	11	11	11	11	11	
1915	0	0	0	0	0	0	0	0	0	0	0	0	0	0	0	0	11	11	11	11	11	11	11	11	11	11	11	11	11	11	11	11	
1916	0	2	75	48	0	0	57	75	0	0	0	0	0	2	2	0	11	11	11	11	11	11	11	11	11	11	11	11	11	11	11	11	
1917	48	48	48	48	57	57	66	57	2	2	2	2	0	2	0	0	11	11	11	11	11	11	11	11	11	11	11	11	11	11	11	11	
1918	48	48	48	75	75	57	75	57	0	0	0	0	0	0	0	0	11	11	11	11	11	11	11	11	11	11	11	11	11	11	11	11	
1919	0	0	0	0	0	0	0	0	0	0	0	0	0	0	0	0	11	11	11	11	11	11	11	11	11	11	11	11	11	11	11	11	
1920	6	6	6	6	6	6	6	6	6	6	6	6	6	6	6	6	1	1	1	1	1	1	1	1	1	1	1	1	0	1	1	1	
1921	6	6	15	15	6	6	15	15	6	6	15	15	6	6	15	15	2	2	3	3	2	2	3	3	2	2	2	3	2	2	2	3	
1922	15	15	15	15	15	15	15	15	15	15	15	15	15	15	15	15	3	4	4	5	3	4	4	5	3	4	4	5	3	4	4	5	
1923	15	15	15	15	15	15	15	15	15	15	15	15	15	15	15	15	5	6	6	7	5	6	6	7	5	6	6	6	5	6	6	6	
1924	15	15	15	15	15	15	15	15	15	15	15	15	15	15	15	15	7	7	8	8	7	7	8	8	7	7	8	8	7	7	8	8	
1925	15	157	2	15	15	157	15	2	15	157	2	15	15	157	157	2	8	9	9	9	8	9	9	9	8	9	9	9	8	9	9	9	
1926	2	2	2	2	2	2	2	35	2	35	35	36	2	35	36	36	10	10	10	10	10	10	10	10	10	10	10	10	10	10	10	10	
1927	2	2	2	2	35	35	35	35	36	36	36	36	36	36	36	36	10	10	11	11	10	10	11	11	10	10	11	11	10	10	11	11	
1928	2	2	2	2	35	35	35	35	36	36	36	36	36	36	36	36	11	11	11	11	11	11	11	11	11	11	11	11	11	11	11	11	
1929	0	0	35	35	35	35	35	35	36	36	36	36	36	36	36	36	11	11	11	11	11	11	11	11	11	11	11	11	11	11	11	11	
1930	35	35	35	35	35	35	35	35	36	36	36	36	36	36	36	36	11	11	11	11	11	11	11	11	11	11	11	11	11	11	11	11	
1931	35	35	35	35	35	35	35	35	36	36	36	36	36	36	36	36	11	11	11	11	11	11	11	11	11	11	11	11	11	11	11	11	
1932	2	0	0	2	35	35	35	35	36	36	36	36	36	36	36	36	11	11	11	11	11	11	11	11	11	11	11	11	11	11	11	11	
1933	2	0	0	0	35	35	35	35	36	36	36	36	36	36	36	36	11	11	11	11	11	11	11	11	11	11	11	11	11	11	11	11	
1934	0	0	0	0	35	35	35	35	36	36	36	36	36	36	36	36	11	11	11	11	11	11	11	11	11	11	11	11	11	11	11	11	
1935	0	0	0	0	35	35	35	35	36	36	36	36	36	36	36	36	11	11	11	11	11	11	11	11	11	11	11	11	11	11	11	11	
1936	0	0	0	0	35	35	35	35	36	36	36	36	36	36	36	36	11	11	11	11	11	11	11	11	11	11	11	11	11	11	11	11	
1937	0	0	0	0	35	35	35	35	36	36	36	36	36	36	36	36	11	11	11	11	11	11	11	11	11	11	11	11	11	11	11	11	
1938	0	0	0	0	35	35	35	35	36	36	36	36	36	36	36	36	11	11	11	11	11	11	11	11	11	11	11	11	11	11	11	11	
1939	0	0	0	0	35	35	35	35	36	36	36	36	36	36	36	36	11	11	11	11	11	11	11	11	11	11	11	11	11	11	11	11	
1940	35	35	35	36	36	36	36	36	36	36	36	36	36	36	36	36	11	11	11	11	11	11	11	11	11	11	11	11	11	11	11	11	
1941	36	36	36	36	36	36	36	36	36	36	36	36	36	36	36	36	11	11	11	11	11	11	11	11	11	11	11	11	11	11	11	11	
1942	36	36	36	36	36	36	36	36	36	36	36	35	36	35	35	0	11	11	11	11	11	11	11	11	11	11	11	11	11	11	11	11	
1943	36	36	36	36	36	36	36	36	35	35	35	35	2	2	2	0	11	11	11	11	11	11	11	11	11	11	11	11	11	11	11	11	
1944	36	36	36	36	36	36	35	35	35	35	0	2	0	2	2	0	11	11	11	11	11	11	11	11	11	11	11	11	11	11	11	11	
1945	36	36	36	36	35	35	35	35	2	2	2	2	0	0	0	90	11	11	11	11	11	11	11	11	11	11	11	11	11	11	11	11	
1946	36	36	36	36	35	35	35	35	0	2	2	2	90	90	0	0	11	11	11	11	11	11	11	11	11	11	11	11	11	11	11	11	
1947	36	36	36	36	35	35	35	35	2	2	2	0	0	90	90	90	11	11	11	11	11	11	11	11	11	11	11	11	11	11	11	11	
1948	36	35	35	35	35	0	2	2	0	0	0	0	0	0	0	0	11	11	11	11	11	11	11	11	11	11	11	11	11	11	11	11	
1949	35	35	35	35	2	0	2	0	0	0	2	2	0	0	0	2	11	11	11	11	11	11	11	11	11	11	11	11	11	11	11	11	
1950	35	35	35	0	0	0	0	0	0	0	0	0	0	0	0	0	11	11	11	11	11	11	11	11	11	11	11	11	11	11	11	11	
1951	2	0	0	0	0	0	0	0	0	0	2	2	0	0	2	0	11	11	11	11	11	11	11	11	11	11	11	11	11	11	11	11	
1952	0	2	2	2	0	0	107	0	0	0	0	0	0	0	0	0	11	11	11	11	11	11	11	11	11	11	11	11	11	11	11	11	
1953	0	35	36	36	0	0	35	36	0	0	0	35	0	0	0	0	11	11	11	11	11	11	11	11	11	11	11	11	11	11	11	11	
1954	36	36	36	36	36	36	36	36	36	36	36	36	35	36	36	36	11	11	11	11	11	11	11	11	11	11	11	11	11	11	11	11	
1955	36	35	0	0	36	36	35	0	36	36	36	35	36	36	36	36	11	11	11	11	11	11	11	11	11	11	11	11	11	11	11	11	
1956	0	0	0	0	0	0	0	0	0	0	0	0	35	0	0	0	11	11	11	11	11	11	11	11	11	11	11	11	11	11	11	11	
1957	0	0	0	0	0	0	0	0	0	0	0	0	0	106	0	0	11	11	11	11	11	11	11	11	11	11	11	11	11	11	11	11	
1958	0	0	0	0	0	0	0	0	2	0	0	2	0	2	0	2	11	11	11	11	11	11	11	11	11	11	11	11	11	11	11	11	
1959	0	0	0	0	57	57	75	57	57	42	42	42	57	42	78	78	11	11	11	11	11	11	11	11	11	11	11	11	11	11	11	11	
1960	0	2	2	75	57	75	57	57	42	42	42	42	78	78	78	78	11	11	11	11	11	11	11	11	11	11	11	11	11	11	11	11	
1961	57	66	66	57	42	42	42	78	42	78	42	42	78	78	42	42	11	11	11	11	11	11	11	11	11	11	11	11	11	11	11	11	
1962	66	42	42	42	42	42	78	42	42	42	78	78	42	42	42	42	11	11	11	11	11	11	11	11	11	11	11	11	11	11	11	11	
1963	42	42	42	42	78	78	78	78	78	42	42	42	42	42	42	57	11	11	11	11	11	11	11	11	11	11	11	11	11	11	11	11	
1964	78	42	57	0	78	42	57	0	42	42	66	2	57	75	57	0	11	11	11	11	11	11	11	11	11	11	11	11	11	11	11	11	
1965	0	0	0	0	0	2	2	2	2	2	0	0	0	0	0	0	11	11	11	11	11	11	11	11	11	11	11	11	11	11	11	11	
1966	0	0	0	0	2	2	2	2	0	0	0	0	0	0	0	0	11	11	11	11	11	11	11	11	11	11	11	11	11	11	11	11	
1967	2	35	35	35	2	35	35	35	0	0	35	35	0	0	35	35	11	11	11	11	11	11	11	11	11	11	11	11	11	11	11	11	
1968	35	0	112	112	35	0	112	112	35	0	112	112	35	35	0	112	11	11	13	14	11	11	12	14	11	11	13	14	11	11	12	14	
1969	112	112	0	2	112	112	0	2	112	112	0	0	112	112	0	0	14	13	11	11	15	13	11	11	15	14	12	11	15	14	13	11	
1970	0	0	0	0	2	0	0	0	2	0	0	0	2	2	2	2	11	11	11	11	11	11	11	11	11	11	11	11	11	11	11	11	
1971	0	0	76	49	0	0	58	49	0	0	58	67	2	2	66	48	11	11	11	11	11	11	11	11	11	11	11	11	11	11	11	11	
1972	49	49	49	58	49	49	49	76	58	58	58	58	48	48	48	57	11	11	11	11	11	11	11	11	11	11	11	11	11	11	11	11	
1973	0	0	0	0	0	0	0	0	0	0	0	0	0	0	0	0	11	11	11	11	11	11	11	11	11	11	11	11	11	11	11	11	
1974	0	0	0	0	0	0	0	90	0	0	0	90	0	0	0	90	11	11	11	11	11	11	11	11	11	11	11	11	11	11	11	11	
1975	0	0	0	0	90	90	0	2	96	90	0	0	90	90	0	0	11	11	11	11	11	11	11	11	11	11	11	11	11	11	11	11	
1976	2	2	0	0	0	90	90	90	0	90	96	90	0	90	90	90	11	11	11	11	11	11	11	11	11	11	11	11	11	11	11	11	
1977	0	0	0	0	0	2	0	0	0	0	0	0	0	0	0	0	11	11	11	11	11	11	11	11	11	11	11	11	11	11	11	11	
1978	0	0	0	0	0	0	0	0	0	0	0	0	0	0	0	2	11	11	11	11	11	11	11	11	11	11	11	11	11	11	11	11	
1979	0	0	0	0	0	0	0	0	0	0	0	0	0	0	0	0	11	11	11	11	11	11	11	11	11	11	11	11	11	11	11	11	
1980	6	6	6	6	6	6	6	6	6	6	6	6	6	6	6	6	0	1	1	1	0	1	1	1	0	1	1	1	0	1	1	1	
1981	6	6	15	15	6	6	6	15	6	6	6	15	6	6	6	6	2	2	2	3	2	2	2	3	1	2	2	3	1	2	2	3	
1982	15	15	15	15	15	15	15	15	15	15	15	15	15	15	15	15	3	4	4	4	3	4	4	4	3	3	4	4	3	3	4	4	
1983	15	15	15	15	15	15	15	15	15	15	15	15	15	15	15	15	5	5	6	6	5	5	6	6	5	5	6	6	5	5	6	6	
1984	15	15	15	15	15	15	15	15	15	15	15	15	15	15	15	15	7	7	8	8	7	7	8	8	7	7	7	8	7	7	7	8	
1985	15	15	157	2	15	15	157	2	15	15	157	2	15	15	157	15	8	8	9	9	8	8	9	9	8	8	9	9	8	8	9	9	
1986	2	35	36	36	2	35	36	36	2	35	36	36	15	2	35	35	10	10	10	10	9	10	10	10	9	10	10	10	9	10	10	10	
1987	36	36	36	36	36	36	36	36	36	36	36	36	35	35	35	35	10	10	11	11	10	10	11	11	10	10	11	11	10	10	10	11	
1988	36	36	36	36	36	36	36	36	36	36	36	36	35	35	35	35	11	11	11	11	11	11	11	11	11	11	11	11	11	11	11	11	
1989	36	36	36	36	36	36	36	36	36	36	36	36	35	35	35	35	11	11	11	11	11	11	11	11	11	11	11	11	11	11	11	11	
1990	36	36	36	36	36	36	36	36	36	36	36	36	35	35	35	35	11	11	11	11	11	11	11	11	11	11	11	11	11	11	11	11	
1991	36	36	36	36	36	36	36	36	36	36	36	36	35	35	35	35	11	11	11	11	11	11	11	11	11	11	11	11	11	11	11	11	
1992	36	36	36	36	36	36	36	36	36	36	36	36	35	35	35	35	11	11	11	11	11	11	11	11	11	11	11	11	11	11	11	11	
1993	36	36	36	36	36	36	36	36	36	36	36	36	35	35	35	35	11	11	11	11	11	11	11	11	11	11	11	11	11	11	11	11	
1994	36	36	36	36	36	36	36	36	36	36	36	36	35	35	35	35	11	11	11	11	11	11	11	11	11	11	11	11	11	11	11	11	
1995	36	36	36	36	36	36	36	36	36	36	36	36	35	35	35	35	11	11	11	11	11	11	11	11	11	11	11	11	11	11	11	11	
1996	36	36	36	36	36	36	36	36	36	36	36	36	35	35	35	35	11	11	11	11	11	11	11	11	11	11	11	11	11	11	11	11	
1997	36	36	36	36	36	36	36	36	36	36	36	36	35	35	35	35	11	11	11	11	11	11	11	11	11	11	11	11	11	11	11	11	
1998	36	36	36	36	36	36	36	36	36	36	36	36	35	35	35	35	11	11	11	11	11	11	11	11	11	11	11	11	11	11	11	11	
1999	36	36	36	36	36	36	36	36	36	36	36	36	35	35	35	35	11	11	11	11	11	11	11	11	11	11	11	11	11	11	11	11	
2000	36	36	36	36	36	36	36	35	36	36	35	35	35	35	35	35	11	11	11	11	11	11	11	11	11	11	11	11	11	11	11	11	
2001	36	36	35	35	35	35	35	35	35	35	0	0	35	0	0	0	11	11	11	11	11	11	11	11	11	11	11	11	11	11	11	11	
2002	35	0	2	0	0	0	0	0	0	0	0	0	0	0	0	0	11	11	11	11	11	11	11	11	11	11	11	11	11	11	11	11	
2003	0	0	0	0	0	0	0	0	0	0	0	0	0	0	0	0	11	11	11	11	11	11	11	11	11	11	11	11	11	11	11	11	
2004	0	0	0	0	106	0	0	0	0	0	0	0	0	0	0	0	11	11	11	11	11	11	11	11	11	11	11	11	11	11	11	11	
2005	0	0	0	90	0	0	0	90	0	0	0	0	0	0	0	0	11	11	11	11	11	11	11	11	11	11	11	11	11	11	11	11	
2006	97	90	0	0	90	90	0	0	0	0	0	0	0	0	2	0	11	11	11	11	11	11	11	11	11	11	11	11	11	11	11	11	
2007	0	90	96	90	0	90	90	90	0	0	0	0	0	0	0	2	11	11	11	11	11	11	11	11	11	11	11	11	11	11	11	11	
2008	0	0	0	0	0	0	0	0	0	0	0	0	2	0	0	0	11	11	11	11	11	11	11	11	11	11	11	11	11	11	11	11	
2009	0	0	0	0	0	0	0	0	0	0	0	0	0	0	0	0	11	11	11	11	11	11	11	11	11	11	11	11	11	11	11	11	
2010	2	2	0	0	0	2	2	0	0	2	2	0	0	0	0	0	11	11	11	11	11	11	11	11	11	11	11	11	11	11	11	11	
2011	0	2	2	0	0	0	2	2	0	0	0	2	0	0	0	0	11	11	11	11	11	11	11	11	11	11	11	11	11	11	11	11	
2012	0	0	0	0	0	0	106	0	2	0	0	0	0	0	0	2	11	11	11	11	11	11	11	11	11	11	11	11	11	11	11	11	
2013	0	0	0	0	0	0	0	0	0	0	0	0	2	0	0	0	11	11	11	11	11	11	11	11	11	11	11	11	11	11	11	11	
2014	0	35	36	36	0	0	35	36	0	0	0	35	0	0	0	0	11	11	11	11	11	11	11	11	11	11	11	11	11	11	11	11	
2015	36	36	36	36	36	36	36	36	36	36	36	36	35	36	36	36	11	11	11	11	11	11	11	11	11	11	11	11	11	11	11	11	
2016	36	35	0	0	36	36	35	0	36	36	36	35	36	36	36	36	11	11	11	11	11	11	11	11	11	11	11	11	11	11	11	11	
2017	0	0	0	0	0	0	0	0	0	0	0	0	35	0	0	0	11	11	11	11	11	11	11	11	11	11	11	11	11	11	11	11	
2018	0	0	0	2	0	0	2	0	0	2	0	0	0	0	0	0	11	11	11	11	11	11	11	11	11	11	11	11	11	11	11	11	
2019	57	42	78	42	66	42	42	42	57	57	57	75	0	0	0	0	11	11	11	11	11	11	11	11	11	11	11	11	11	11	11	11	
2020	42	42	42	42	42	57	75	57	57	57	0	0	0	0	0	0	11	11	11	11	11	11	11	11	11	11	11	11	11	11	11	11	
2021	42	42	42	42	75	57	57	75	0	0	0	0	2	0	0	0	11	11	11	11	11	11	11	11	11	11	11	11	11	11	11	11	
2022	57	75	57	57	57	2	2	0	0	2	0	0	0	0	0	0	11	11	11	11	11	11	11	11	11	11	11	11	11	11	11	11	
2023	75	57	75	57	0	0	0	0	0	0	0	0	0	2	2	0	11	11	11	11	11	11	11	11	11	11	11	11	11	11	11	11	
2024	2	0	0	0	2	0	0	0	2	0	0	0	2	0	2	0	11	11	11	11	11	11	11	11	11	11	11	11	11	11	11	11	
2025	0	0	0	0	0	0	0	0	0	0	0	0	0	0	0	0	11	11	11	11	11	11	11	11	11	11	11	11	11	11	11	11	
2026	0	0	0	0	0	90	90	90	0	90	95	90	0	90	90	90	11	11	11	11	11	11	11	11	11	11	11	11	11	11	11	11	
2027	0	0	35	35	0	0	35	35	0	0	35	35	0	0	2	35	11	11	11	11	11	11	11	11	11	11	11	11	11	11	11	11	
2028	35	35	0	112	35	35	0	112	35	35	0	112	35	35	0	112	11	11	11	13	11	11	11	13	11	11	11	13	11	11	11	13	
2029	112	112	0	0	112	112	0	0	112	112	0	0	112	112	0	0	15	14	12	11	15	14	12	11	15	14	12	11	15	14	12	11	
2030	0	2	2	0	0	2	0	0	0	2	0	0	0	0	0	0	11	11	11	11	11	11	11	11	11	11	11	11	11	11	11	11	
2031	0	0	57	75	0	0	0	57	0	0	2	75	0	0	0	57	11	11	11	11	11	11	11	11	11	11	11	11	11	11	11	11	
2032	48	48	48	75	48	48	48	57	48	48	48	75	75	57	75	57	11	11	11	11	11	11	11	11	11	11	11	11	11	11	11	11	
2033	0	0	0	0	0	0	0	0	0	0	0	2	0	2	0	2	11	11	11	11	11	11	11	11	11	11	11	11	11	11	11	11	
2034	0	0	0	0	0	0	0	0	0	0	0	0	0	0	0	0	11	11	11	11	11	11	11	11	11	11	11	11	11	11	11	11	
2035	0	2	0	0	0	2	2	0	0	0	2	2	0	0	0	0	11	11	11	11	11	11	11	11	11	11	11	11	11	11	11	11	
2036	0	0	0	0	0	0	0	0	2	2	0	0	0	0	0	0	11	11	11	11	11	11	11	11	11	11	11	11	11	11	11	11	
2037	0	0	0	0	0	0	0	0	0	0	0	0	0	0	0	0	11	11	11	11	11	11	11	11	11	11	11	11	11	11	11	11	
2038	0	2	0	0	0	2	0	2	0	0	0	0	0	0	0	0	11	11	11	11	11	11	11	11	11	11	11	11	11	11	11	11	
2039	0	0	0	0	0	0	0	0	0	0	0	0	0	0	0	0	11	11	11	11	11	11	11	11	11	11	11	11	11	11	11	11	
2040	6	6	6	6	6	6	6	6	6	6	6	6	6	6	6	6	0	1	1	1	0	1	1	1	0	1	1	1	0	1	1	1	
2041	6	6	6	6	6	6	6	6	6	6	6	6	6	6	6	6	1	2	2	3	1	2	2	3	1	2	2	2	1	2	2	2	
2042	15	15	15	15	6	15	15	15	6	15	15	15	6	15	15	15	3	3	4	4	3	3	4	4	3	3	4	4	3	3	4	4	
2043	15	15	15	15	15	15	15	15	15	15	15	15	15	15	15	15	5	5	6	6	5	5	6	6	5	5	6	6	5	5	6	6	
2044	15	15	15	15	15	15	15	15	15	15	15	15	15	15	15	15	7	7	7	8	7	7	7	8	6	7	7	8	6	7	7	8	
2045	15	15	157	2	15	15	157	2	15	15	157	157	15	15	15	157	8	8	9	9	8	8	9	9	8	8	9	9	8	8	8	9	
2046	2	2	2	2	15	15	2	2	15	2	2	0	2	15	0	2	9	10	10	10	9	10	10	10	9	10	10	10	9	10	10	10	
2047	2	2	2	2	2	2	2	2	0	0	0	0	0	0	0	0	10	10	10	11	10	10	10	11	10	10	10	11	10	10	10	11	
2048	2	2	2	2	0	2	2	0	0	2	0	0	2	0	0	0	11	11	11	11	11	11	11	11	11	11	11	11	11	11	11	11	
2049	2	2	2	2	0	0	0	0	2	2	0	0	0	0	2	0	11	11	11	11	11	11	11	11	11	11	11	11	11	11	11	11	
2050	35	35	35	35	0	35	35	35	0	0	35	35	0	0	0	35	11	11	11	11	11	11	11	11	11	11	11	11	11	11	11	11	
2051	35	35	35	35	35	35	35	35	35	35	35	35	35	35	35	35	11	11	11	11	11	11	11	11	11	11	11	11	11	11	11	11	
2052	35	35	0	0	0	0	0	0	0	0	0	0	0	0	0	0	11	11	11	11	11	11	11	11	11	11	11	11	11	11	11	11	
2053	0	2	0	2	0	0	0	0	0	0	0	0	0	0	0	0	11	11	11	11	11	11	11	11	11	11	11	11	11	11	11	11	
2054	2	2	2	2	0	2	0	0	2	0	0	0	0	0	0	0	11	11	11	11	11	11	11	11	11	11	11	11	11	11	11	11	
2055	2	0	0	0	0	0	0	0	0	0	0	0	0	0	0	0	11	11	11	11	11	11	11	11	11	11	11	11	11	11	11	11	
2056	0	0	0	0	0	0	0	0	0	0	0	0	0	0	0	0	11	11	11	11	11	11	11	11	11	11	11	11	11	11	11	11	
2057	0	0	0	0	0	0	0	2	0	2	2	0	0	2	0	0	11	11	11	11	11	11	11	11	11	11	11	11	11	11	11	11	
2058	0	0	0	0	0	0	0	0	0	0	0	0	0	0	2	2	11	11	11	11	11	11	11	11	11	11	11	11	11	11	11	11	
2059	0	35	35	35	0	0	35	35	0	0	0	35	0	0	0	0	11	11	11	11	11	11	11	11	11	11	11	11	11	11	11	11	
2060	35	35	35	35	35	35	35	35	35	35	35	35	35	35	35	35	11	11	11	11	11	11	11	11	11	11	11	11	11	11	11	11	
2061	0	0	0	0	0	0	0	0	0	0	0	0	35	0	0	0	11	11	11	11	11	11	11	11	11	11	11	11	11	11	11	11	
2062	0	0	0	0	0	0	0	0	0	0	0	0	0	0	0	0	11	11	11	11	11	11	11	11	11	11	11	11	11	11	11	11	
2063	0	0	0	0	0	0	0	0	0	0	0	0	0	0	0	0	11	11	11	11	11	11	11	11	11	11	11	11	11	11	11	11	
2064	0	0	0	0	0	0	0	0	0	0	0	0	0	0	0	0	11	11	11	11	11	11	11	11	11	11	11	11	11	11	11	11	
2065	0	0	0	0	0	0	0	2	0	0	0	2	0	0	0	2	11	11	11	11	11	11	11	11	11	11	11	11	11	11	11	11	
2066	2	2	0	0	2	0	0	0	0	0	0	0	0	0	0	0	11	11	11	11	11	11	11	11	11	11	11	11	11	11	11	11	
2067	0	0	0	0	0	0	0	0	0	0	0	0	0	0	0	2	11	11	11	11	11	11	11	11	11	11	11	11	11	11	11	11	
2068	0	2	2	0	0	0	0	0	0	0	2	0	2	2	0	0	11	11	11	11	11	11	11	11	11	11	11	11	11	11	11	11	
2069	0	0	0	0	0	0	0	0	0	0	0	0	0	2	0	0	11	11	11	11	11	11	11	11	11	11	11	11	11	11	11	11	
2070	0	0	0	0	0	107	0	0	0	0	0	0	0	0	0	0	11	11	11	11	11	11	11	11	11	11	11	11	11	11	11	11	
2071	0	0	0	0	0	0	0	0	0	0	0	0	0	0	0	0	11	11	11	11	11	11	11	11	11	11	11	11	11	11	11	11	
2072	0	0	0	0	0	0	0	0	0	0	0	0	0	0	0	0	11	11	11	11	11	11	11	11	11	11	11	11	11	11	11	11	
2073	0	0	0	0	0	0	0	0	0	0	0	0	0	0	0	0	11	11	11	11	11	11	11	11	11	11	11	11	11	11	11	11	
2074	0	0	0	0	0	0	0	0	0	0	0	0	0	0	2	0	11	11	11	11	11	11	11	11	11	11	11	11	11	11	11	11	
2075	0	35	36	36	0	0	35	36	0	0	0	35	0	0	0	0	11	11	11	11	11	11	11	11	11	11	11	11	11	11	11	11	
2076	36	36	36	36	36	36	36	36	36	36	36	36	35	36	36	36	11	11	11	11	11	11	11	11	11	11	11	11	11	11	11	11	
2077	36	35	0	0	36	36	35	0	36	36	36	35	36	36	36	36	11	11	11	11	11	11	11	11	11	11	11	11	11	11	11	11	
2078	0	2	0	0	0	2	0	0	0	0	0	0	35	0	0	0	11	11	11	11	11	11	11	11	11	11	11	11	11	11	11	11	
2079	0	0	0	0	0	0	0	0	0	0	0	0	0	0	0	0	11	11	11	11	11	11	11	11	11	11	11	11	11	11	11	11	
2080	0	0	0	0	0	0	0	0	0	0	0	0	0	2	2	0	11	11	11	11	11	11	11	11	11	11	11	11	11	11	11	11	
2081	0	0	0	0	0	0	0	0	0	0	0	0	0	0	0	0	11	11	11	11	11	11	11	11	11	11	11	11	11	11	11	11	
2082	0	0	0	0	0	2	0	0	0	0	2	0	0	0	2	0	11	11	11	11	11	11	11	11	11	11	11	11	11	11	11	11	
2083	2	0	0	0	0	0	0	0	0	0	0	0	0	0	0	0	11	11	11	11	11	11	11	11	11	11	11	11	11	11	11	11	
2084	0	0	0	0	0	0	0	0	0	0	0	0	0	0	0	0	11	11	11	11	11	11	11	11	11	11	11	11	11	11	11	11	
2085	0	0	0	0	0	0	0	0	0	0	0	0	0	0	0	0	11	11	11	11	11	11	11	11	11	11	11	11	11	11	11	11	
2086	0	0	0	0	0	0	0	0	0	0	0	0	0	0	2	0	11	11	11	11	11	11	11	11	11	11	11	11	11	11	11	11	
2087	0	0	0	35	0	0	0	35	0	0	0	35	0	0	0	35	11	11	11	11	11	11	11	11	11	11	11	11	11	11	11	11	
2088	35	35	0	112	35	35	0	112	35	35	0	112	35	35	0	0	11	11	11	13	11	11	11	13	11	11	11	13	11	11	11	13	
2089	112	112	0	0	112	112	0	0	112	112	0	0	112	112	0	0	15	14	12	11	15	14	13	11	15	14	13	11	14	14	12	11	
2090	0	2	0	0	0	2	0	0	0	2	0	0	0	0	0	0	11	11	11	11	11	11	11	11	11	11	11	11	11	11	11	11	
2091	0	0	0	0	0	0	0	0	0	0	0	0	0	0	2	0	11	11	11	11	11	11	11	11	11	11	11	11	11	11	11	11	
2092	0	0	0	0	0	0	0	0	0	0	0	0	0	0	0	0	11	11	11	11	11	11	11	11	11	11	11	11	11	11	11	11	
2093	0	0	0	2	0	0	0	0	0	0	2	0	0	0	0	2	11	11	11	11	11	11	11	11	11	11	11	11	11	11	11	11	
2094	0	0	0	0	0	0	0	0	0	0	0	0	0	0	0	0	11	11	11	11	11	11	11	11	11	11	11	11	11	11	11	11	
2095	0	0	0	0	0	0	0	0	0	0	0	0	0	0	0	0	11	11	11	11	11	11	11	11	11	11	11	11	11	11	11	11	
2096	0	0	0	0	0	0	0	0	0	0	0	0	0	0	0	0	11	11	11	11	11	11	11	11	11	11	11	11	11	11	11	11	
2097	0	0	0	0	0	0	0	0	0	0	0	0	0	0	0	0	11	11	11	11	11	11	11	11	11	11	11	11	11	11	11	11	
2098	0	0	0	0	0	0	0	0	0	0	0	0	0	0	2	0	11	11	11	11	11	11	11	11	11	11	11	11	11	11	11	11	
2099	0	0	0	0	0	0	0	0	0	0	0	0	0	0	0	0	11	11	11	11	11	11	11	11	11	11	11	11	11	11	11	11	
2100	6	6	6	6	6	6	6	6	6	6	6	6	6	6	6	6	0	0	1	1	0	0	1	1	0	0	1	1	0	0	1	1	
2101	6	6	6	6	6	6	6	6	6	6	6	6	6	6	6	6	1	2	2	2	1	2	2	2	1	1	2	2	1	1	2	2	
2102	6	15	15	15	6	15	15	15	6	6	15	15	6	6	15	15	3	3	4	4	3	3	4	4	3	3	3	4	3	3	3	4	
2103	15	15	15	15	15	15	15	15	15	15	15	15	15	15	15	15	4	5	5	6	4	5	5	6	4	5	5	6	4	5	5	6	
2104	15	15	15	15	15	15	15	15	15	15	15	15	15	15	15	15	6	7	7	8	6	7	7	7	6	7	7	7	6	7	7	7	
2105	15	15	15	157	15	15	15	157	15	15	15	157	15	15	15	157	8	8	8	9	8	8	8	9	8	8	8	9	8	8	8	9	
2106	2	15	2	0	2	2	0	0	2	15	2	0	0	0	2	0	9	9	10	10	9	9	10	10	9	9	10	10	9	9	10	10	
2107	0	0	2	2	0	0	0	0	0	0	0	0	0	0	0	0	10	10	10	11	10	10	10	11	10	10	10	10	10	10	10	10	
2108	2	0	0	0	0	0	0	0	0	0	0	0	0	0	0	0	11	11	11	11	11	11	11	11	11	11	11	11	11	11	11	11	
2109	0	0	0	0	0	0	0	0	0	0	0	2	0	0	0	0	11	11	11	11	11	11	11	11	11	11	11	11	11	11	11	11	
2110	0	2	2	2	2	0	0	0	0	0	0	0	0	0	0	0	11	11	11	11	11	11	11	11	11	11	11	11	11	11	11	11	
2111	35	35	35	35	0	35	35	35	0	35	35	35	0	35	35	35	11	11	11	11	11	11	11	11	11	11	11	11	11	11	11	11	
2112	0	0	0	0	0	0	0	0	0	0	0	0	35	0	0	0	11	11	11	11	11	11	11	11	11	11	11	11	11	11	11	11	
2113	0	0	0	0	0	0	0	0	0	0	0	0	0	0	0	0	11	11	11	11	11	11	11	11	11	11	11	11	11	11	11	11	
2114	2	0	0	0	2	0	0	0	2	2	0	0	2	2	0	0	11	11	11	11	11	11	11	11	11	11	11	11	11	11	11	11	
2115	0	0	2	2	2	2	0	0	2	0	0	0	2	0	0	0	11	11	11	11	11	11	11	11	11	11	11	11	11	11	11	11	
2116	0	0	0	0	0	0	0	0	0	0	0	0	0	0	0	0	11	11	11	11	11	11	11	11	11	11	11	11	11	11	11	11	
2117	0	2	0	0	0	2	0	0	0	0	2	2	0	0	0	0	11	11	11	11	11	11	11	11	11	11	11	11	11	11	11	11	
2118	0	2	0	0	2	0	0	0	2	0	0	0	0	2	2	0	11	11	11	11	11	11	11	11	11	11	11	11	11	11	11	11	
2119	0	0	0	0	0	0	0	0	0	0	0	0	0	0	0	0	11	11	11	11	11	11	11	11	11	11	11	11	11	11	11	11	
2120	0	35	35	35	0	35	35	35	0	0	35	35	0	0	35	35	11	11	11	11	11	11	11	11	11	11	11	11	11	11	11	11	
2121	35	0	0	0	35	0	0	0	35	35	0	90	35	35	0	90	11	11	11	11	11	11	11	11	11	11	11	11	11	11	11	11	
2122	0	0	0	0	0	0	0	0	90	90	0	0	98	90	0	0	11	11	11	11	11	11	11	11	11	11	11	11	11	11	11	11	
2123	0	0	0	0	0	0	0	0	0	90	90	90	0	90	98	90	11	11	11	11	11	11	11	11	11	11	11	11	11	11	11	11	
2124	0	0	0	0	0	0	0	2	0	0	2	0	0	2	0	0	11	11	11	11	11	11	11	11	11	11	11	11	11	11	11	11	
2125	0	0	0	2	0	2	2	2	0	0	2	2	0	0	2	0	11	11	11	11	11	11	11	11	11	11	11	11	11	11	11	11	
2126	0	0	0	0	2	0	0	0	2	2	0	0	0	0	0	0	11	11	11	11	11	11	11	11	11	11	11	11	11	11	11	11	
2127	0	2	2	0	0	2	2	0	0	2	0	0	0	2	0	0	11	11	11	11	11	11	11	11	11	11	11	11	11	11	11	11	
2128	0	0	0	2	0	0	0	0	0	0	0	0	0	0	0	0	11	11	11	11	11	11	11	11	11	11	11	11	11	11	11	11	
2129	2	0	0	0	0	0	0	0	0	0	0	0	0	0	0	0	11	11	11	11	11	11	11	11	11	11	11	11	11	11	11	11	
2130	0	0	0	0	0	2	0	0	0	0	2	2	0	0	0	0	11	11	11	11	11	11	11	11	11	11	11	11	11	11	11	11	
2131	0	0	0	0	0	0	0	0	0	0	0	0	0	0	0	0	11	11	11	11	11	11	11	11	11	11	11	11	11	11	11	11	
2132	0	0	0	0	0	0	0	0	0	0	0	58	0	0	58	58	11	11	11	11	11	11	11	11	11	11	11	11	11	11	11	11	
2133	0	0	0	0	76	58	58	0	58	49	76	58	49	49	49	58	11	11	11	11	11	11	11	11	11	11	11	11	11	11	11	11	
2134	0	2	0	0	0	0	0	0	0	0	0	0	58	0	0	0	11	11	11	11	11	11	11	11	11	11	11	11	11	11	11	11	
2135	0	0	0	2	0	0	2	2	0	2	2	0	2	2	0	90	11	11	11	11	11	11	11	11	11	11	11	11	11	11	11	11	
2136	2	35	36	36	0	0	35	36	0	0	2	35	90	90	2	2	11	11	11	11	11	11	11	11	11	11	11	11	11	11	11	11	
2137	36	36	36	36	36	36	36	36	36	36	36	36	35	36	36	36	11	11	11	11	11	11	11	11	11	11	11	11	11	11	11	11	
2138	36	35	0	0	36	36	35	0	36	36	36	35	36	36	36	36	11	11	11	11	11	11	11	11	11	11	11	11	11	11	11	11	
2139	0	0	2	2	0	0	0	0	0	0	0	0	35	0	0	0	11	11	11	11	11	11	11	11	11	11	11	11	11	11	11	11	
2140	0	0	0	2	0	0	0	0	0	0	0	0	0	0	0	0	11	11	11	11	11	11	11	11	11	11	11	11	11	11	11	11	
2141	0	0	0	0	0	0	2	2	0	0	0	0	0	0	0	0	11	11	11	11	11	11	11	11	11	11	11	11	11	11	11	11	
2142	0	0	2	0	0	0	0	0	0	0	0	0	0	0	0	0	11	11	11	11	11	11	11	11	11	11	11	11	11	11	11	11	
2143	0	0	0	0	0	0	0	0	0	0	0	0	0	0	0	0	11	11	11	11	11	11	11	11	11	11	11	11	11	11	11	11	
2144	0	0	0	0	0	0	0	0	0	0	0	0	0	0	0	0	11	11	11	11	11	11	11	11	11	11	11	11	11	11	11	11	
2145	0	0	0	0	0	0	0	0	0	0	21	21	2	2	18	18	11	11	11	11	11	11	11	11	11	11	11	11	11	11	11	11	
2146	0	2	2	0	0	0	2	0	18	21	0	0	18	18	0	0	11	11	11	11	11	11	11	11	11	11	11	11	11	11	11	11	
2147	0	0	0	35	0	0	0	35	0	0	0	35	0	0	0	35	11	11	11	11	11	11	11	11	11	11	11	11	11	11	11	11	
2148	35	35	0	0	35	35	35	112	35	35	35	112	35	35	35	112	11	11	11	13	11	11	11	13	11	11	11	13	11	11	11	13	
2149	112	112	0	0	112	112	0	0	112	112	0	0	112	112	0	0	15	14	12	11	14	14	12	11	15	14	12	11	15	14	12	11	
2150	2	0	0	0	0	0	0	0	0	0	0	0	0	0	0	0	11	11	11	11	11	11	11	11	11	11	11	11	11	11	11	11	
2151	0	2	2	0	2	0	0	0	2	2	0	0	0	0	0	0	11	11	11	11	11	11	11	11	11	11	11	11	11	11	11	11	
2152	0	0	0	0	0	0	0	0	0	0	0	0	0	0	0	0	11	11	11	11	11	11	11	11	11	11	11	11	11	11	11	11	
2153	2	2	0	2	0	0	0	0	0	0	0	0	0	0	0	0	11	11	11	11	11	11	11	11	11	11	11	11	11	11	11	11	
2154	0	0	0	0	2	0	0	0	0	2	0	0	0	2	2	0	11	11	11	11	11	11	11	11	11	11	11	11	11	11	11	11	
2155	0	0	0	0	0	0	0	0	0	0	0	0	0	0	0	2	11	11	11	11	11	11	11	11	11	11	11	11	11	11	11	11	
2156	0	0	0	0	0	0	0	0	0	0	0	0	2	58	58	58	11	11	11	11	11	11	11	11	11	11	11	11	11	11	11	11	
2157	0	0	0	0	0	0	0	2	0	0	2	0	0	0	0	0	11	11	11	11	11	11	11	11	11	11	11	11	11	11	11	11	
2158	0	2	2	0	2	2	0	0	0	0	0	0	0	0	0	0	11	11	11	11	11	11	11	11	11	11	11	11	11	11	11	11	
2159	0	0	0	0	0	2	0	0	0	2	0	0	0	0	0	0	11	11	11	11	11	11	11	11	11	11	11	11	11	11	11	11	
2160	6	6	6	6	6	6	6	6	6	6	6	6	6	6	6	6	0	0	1	1	0	0	1	1	0	0	1	1	0	0	1	1	
2161	6	6	6	6	6	6	6	6	6	6	6	6	6	6	6	6	1	1	2	2	1	1	2	2	1	1	2	2	1	1	2	2	
2162	6	6	15	15	6	6	15	15	6	6	15	15	6	6	15	15	3	3	3	4	2	3	3	4	2	3	3	4	2	3	3	4	
2163	15	15	15	15	15	15	15	15	15	15	15	15	15	15	15	15	4	5	5	6	4	5	5	6	4	5	5	6	4	5	5	5	
2164	15	15	15	15	15	15	15	15	15	15	15	15	15	15	15	15	6	7	7	7	6	6	7	7	6	6	7	7	6	6	7	7	
2165	15	15	15	157	15	15	15	15	15	15	15	15	15	15	15	15	8	8	8	9	8	8	8	8	8	8	8	8	8	8	8	8	
2166	157	0	15	2	157	0	0	2	157	0	0	0	157	2	0	15	9	9	10	10	9	9	10	10	9	9	10	10	9	9	9	10	
2167	0	2	2	2	2	2	0	2	2	0	0	0	2	0	0	0	10	10	10	10	10	10	10	10	10	10	10	10	10	10	10	10	
2168	0	0	0	0	2	0	0	0	0	2	2	2	0	0	0	0	11	11	11	11	11	11	11	11	11	11	11	11	11	11	11	11	
2169	0	0	2	2	0	0	0	0	2	0	0	0	0	0	2	2	11	11	11	11	11	11	11	11	11	11	11	11	11	11	11	11	
2170	0	0	0	0	0	0	0	0	0	0	0	0	0	0	0	0	11	11	11	11	11	11	11	11	11	11	11	11	11	11	11	11	
2171	0	35	35	35	0	0	35	35	0	0	35	35	0	0	35	35	11	11	11	11	11	11	11	11	11	11	11	11	11	11	11	11	
2172	35	0	0	0	35	0	0	0	35	0	0	0	35	0	0	0	11	11	11	11	11	11	11	11	11	11	11	11	11	11	11	11	
2173	0	0	0	0	0	0	0	0	0	0	0	0	0	0	0	0	11	11	11	11	11	11	11	11	11	11	11	11	11	11	11	11	
2174	2	2	2	2	0	0	2	2	0	0	0	0	0	0	0	0	11	11	11	11	11	11	11	11	11	11	11	11	11	11	11	11	
2175	0	0	0	0	0	0	0	0	2	0	0	0	2	0	0	0	11	11	11	11	11	11	11	11	11	11	11	11	11	11	11	11	
2176	0	0	0	0	0	0	0	0	0	0	0	0	0	0	0	0	11	11	11	11	11	11	11	11	11	11	11	11	11	11	11	11	
2177	0	0	0	0	0	0	0	0	0	0	0	0	0	0	0	0	11	11	11	11	11	11	11	11	11	11	11	11	11	11	11	11	
2178	0	0	0	2	0	0	0	0	0	0	0	2	0	0	2	2	11	11	11	11	11	11	11	11	11	11	11	11	11	11	11	11	
2179	2	0	2	0	0	2	2	0	2	0	0	0	0	0	0	0	11	11	11	11	11	11	11	11	11	11	11	11	11	11	11	11	
2180	0	0	35	35	0	0	35	35	0	0	0	35	0	0	0	35	11	11	11	11	11	11	11	11	11	11	11	11	11	11	11	11	
2181	35	35	0	90	35	35	35	0	35	35	35	0	35	35	35	90	11	11	11	11	11	11	11	11	11	11	11	11	11	11	11	11	
2182	90	90	0	0	0	0	0	0	0	0	0	0	90	90	0	0	11	11	11	11	11	11	11	11	11	11	11	11	11	11	11	11	
2183	0	90	90	90	0	0	0	0	0	0	0	0	0	0	0	0	11	11	11	11	11	11	11	11	11	11	11	11	11	11	11	11	
2184	0	0	0	0	2	0	0	0	0	0	0	0	2	0	0	0	11	11	11	11	11	11	11	11	11	11	11	11	11	11	11	11	
2185	0	0	0	2	0	0	0	0	0	0	0	0	0	0	0	0	11	11	11	11	11	11	11	11	11	11	11	11	11	11	11	11	
2186	0	0	0	0	2	2	0	0	0	0	0	2	0	0	0	0	11	11	11	11	11	11	11	11	11	11	11	11	11	11	11	11	
2187	0	0	0	0	0	0	0	0	2	2	0	0	0	2	2	0	11	11	11	11	11	11	11	11	11	11	11	11	11	11	11	11	
2188	0	0	0	0	0	0	0	0	0	0	0	0	0	0	0	0	11	11	11	11	11	11	11	11	11	11	11	11	11	11	11	11	
2189	0	0	0	0	0	0	0	0	0	0	0	0	0	0	0	0	11	11	11	11	11	11	11	11	11	11	11	11	11	11	11	11	
2190	0	0	0	0	0	0	0	0	0	0	0	0	0	0	0	2	11	11	11	11	11	11	11	11	11	11	11	11	11	11	11	11	
2191	0	0	0	0	0	0	0	0	0	0	0	0	0	0	0	2	11	11	11	11	11	11	11	11	11	11	11	11	11	11	11	11	
2192	0	58	58	49	76	58	49	49	58	49	49	49	58	76	49	79	11	11	11	11	11	11	11	11	11	11	11	11	11	11	11	11	
2193	49	49	79	82	79	79	79	49	79	79	49	49	79	79	79	49	11	11	11	11	11	11	11	11	11	11	11	11	11	11	11	11	
2194	76	58	0	2	49	58	67	2	49	49	67	58	49	49	49	58	11	11	11	11	11	11	11	11	11	11	11	11	11	11	11	11	
2195	2	0	0	90	0	0	0	90	0	0	0	0	76	0	0	0	11	11	11	11	11	11	11	11	11	11	11	11	11	11	11	11	
2196	98	90	0	2	90	90	0	0	0	0	0	0	0	0	0	0	11	11	11	11	11	11	11	11	11	11	11	11	11	11	11	11	
2197	2	35	36	36	2	2	35	36	0	0	35	36	0	0	2	35	11	11	11	11	11	11	11	11	11	11	11	11	11	11	11	11	
2198	36	36	36	36	36	36	36	36	36	36	36	36	36	36	36	36	11	11	11	11	11	11	11	11	11	11	11	11	11	11	11	11	
2199	36	35	0	0	36	36	35	0	36	36	36	35	36	36	36	36	11	11	11	11	11	11	11	11	11	11	11	11	11	11	11	11	
2200	0	90	90	90	0	90	96	90	0	90	90	90	35	0	0	0	11	11	11	11	11	11	11	11	11	11	11	11	11	11	11	11	
2201	0	0	0	0	0	0	0	0	0	0	0	106	0	0	0	0	11	11	11	11	11	11	11	11	11	11	11	11	11	11	11	11	
2202	0	0	2	2	0	0	2	0	0	0	2	0	0	0	0	2	11	11	11	11	11	11	11	11	11	11	11	11	11	11	11	11	
2203	2	0	0	2	0	2	2	2	2	0	0	0	2	0	0	0	11	11	11	11	11	11	11	11	11	11	11	11	11	11	11	11	
2204	0	0	0	2	0	0	0	2	2	0	2	0	0	0	2	0	11	11	11	11	11	11	11	11	11	11	11	11	11	11	11	11	
2205	0	54	54	72	0	72	42	42	0	54	42	42	0	72	42	42	11	11	11	11	11	11	11	11	11	11	11	11	11	11	11	11	
2206	54	54	54	0	42	42	63	0	42	42	63	0	42	42	54	2	11	11	11	11	11	11	11	11	11	11	11	11	11	11	11	11	
2207	0	0	0	35	0	0	0	35	0	0	0	35	0	0	0	35	11	11	11	11	11	11	11	11	11	11	11	11	11	11	11	11	
2208	35	35	35	112	35	35	35	0	35	35	35	0	35	35	35	0	11	11	11	13	11	11	12	13	11	11	11	13	11	11	11	13	
2209	112	112	0	0	112	112	0	0	112	112	0	0	112	112	112	0	15	14	12	11	15	14	12	11	15	14	13	11	14	15	13	12	
2210	0	0	0	2	2	0	2	2	0	0	0	0	0	0	0	0	11	11	11	11	11	11	11	11	11	11	11	11	11	11	11	11	
2211	2	0	0	0	0	0	0	0	2	0	0	0	2	0	0	0	11	11	11	11	11	11	11	11	11	11	11	11	11	11	11	11	
2212	0	0	0	0	0	0	0	0	0	0	0	0	0	0	0	0	11	11	11	11	11	11	11	11	11	11	11	11	11	11	11	11	
2213	0	0	0	0	0	0	0	0	0	0	0	0	0	0	0	0	11	11	11	11	11	11	11	11	11	11	11	11	11	11	11	11	
2214	0	0	2	2	0	0	0	58	0	0	0	76	0	2	2	58	11	11	11	11	11	11	11	11	11	11	11	11	11	11	11	11	
2215	2	2	58	67	58	76	58	43	43	43	43	43	58	43	43	43	11	11	11	11	11	11	11	11	11	11	11	11	11	11	11	11	
2216	58	76	43	76	43	43	43	58	43	43	43	58	43	43	43	58	11	11	11	11	11	11	11	11	11	11	11	11	11	11	11	11	
2217	0	0	0	0	0	0	0	0	0	2	2	2	0	0	0	0	11	11	11	11	11	11	11	11	11	11	11	11	11	11	11	11	
2218	0	0	0	0	0	0	0	0	0	0	0	0	0	0	0	0	11	11	11	11	11	11	11	11	11	11	11	11	11	11	11	11	
2219	0	0	0	0	0	0	0	0	0	0	0	0	0	0	0	0	11	11	11	11	11	11	11	11	11	11	11	11	11	11	11	11	
2220	6	6	6	6	6	6	6	6	6	6	6	6	6	6	6	6	0	0	0	1	0	0	0	1	0	0	0	1	0	0	0	1	
2221	6	6	6	6	6	6	6	6	6	6	6	6	6	6	6	6	1	1	2	2	1	1	2	2	1	1	1	2	1	1	1	2	
2222	6	6	15	15	6	6	15	15	6	6	15	15	6	6	15	15	2	3	3	4	2	3	3	4	2	3	3	3	2	3	3	3	
2223	15	15	15	15	15	15	15	15	15	15	15	15	15	15	15	15	4	4	5	5	4	4	5	5	4	4	5	5	4	4	5	5	
2224	15	15	15	15	15	15	15	15	15	15	15	15	15	15	15	15	6	6	7	7	6	6	7	7	6	6	7	7	6	6	7	7	
2225	15	15	15	15	15	15	15	15	15	15	15	15	15	15	15	15	7	8	8	8	7	8	8	8	7	8	8	8	7	8	8	8	
2226	157	2	0	15	157	157	0	15	15	157	15	2	15	157	2	15	9	9	9	10	9	9	9	10	8	9	9	10	8	9	9	10	
2227	2	0	2	2	0	2	2	0	0	0	2	0	0	2	0	2	10	10	10	10	10	10	10	10	10	10	10	10	10	10	10	10	
2228	0	0	2	2	0	2	2	0	2	2	0	2	2	0	0	0	11	11	11	11	10	11	11	11	10	11	11	11	10	11	11	11	
2229	0	0	0	2	0	0	0	0	0	0	0	0	0	0	0	0	11	11	11	11	11	11	11	11	11	11	11	11	11	11	11	11	
2230	0	0	0	0	0	0	0	0	2	0	0	0	2	0	0	0	11	11	11	11	11	11	11	11	11	11	11	11	11	11	11	11	
2231	0	0	35	35	0	0	35	35	0	0	35	35	0	0	0	35	11	11	11	11	11	11	11	11	11	11	11	11	11	11	11	11	
2232	35	35	0	0	35	35	0	0	35	35	0	0	35	35	2	0	11	11	11	11	11	11	11	11	11	11	11	11	11	11	11	11	
2233	0	0	0	0	0	0	0	0	2	0	0	0	2	0	0	0	11	11	11	11	11	11	11	11	11	11	11	11	11	11	11	11	
2234	0	0	0	0	0	0	0	0	0	0	0	0	0	0	0	0	11	11	11	11	11	11	11	11	11	11	11	11	11	11	11	11	
2235	0	2	0	0	0	2	0	0	2	2	2	2	2	2	2	0	11	11	11	11	11	11	11	11	11	11	11	11	11	11	11	11	
2236	0	0	0	0	0	0	0	0	2	2	2	2	0	2	0	2	11	11	11	11	11	11	11	11	11	11	11	11	11	11	11	11	
2237	0	0	0	2	2	2	2	0	2	0	0	0	2	0	0	0	11	11	11	11	11	11	11	11	11	11	11	11	11	11	11	11	
2238	2	2	2	2	2	2	2	0	0	2	2	2	0	0	0	2	11	11	11	11	11	11	11	11	11	11	11	11	11	11	11	11	
2239	2	0	0	2	0	2	2	0	2	2	0	0	0	2	0	0	11	11	11	11	11	11	11	11	11	11	11	11	11	11	11	11	
2240	2	0	0	0	0	0	0	0	0	0	0	0	0	0	0	0	11	11	11	11	11	11	11	11	11	11	11	11	11	11	11	11	
2241	35	35	35	35	35	35	35	35	0	35	35	35	0	35	35	35	11	11	11	11	11	11	11	11	11	11	11	11	11	11	11	11	
2242	96	90	0	0	90	90	0	0	35	0	0	0	35	0	0	0	11	11	11	11	11	11	11	11	11	11	11	11	11	11	11	11	
2243	0	0	0	0	0	0	0	0	0	0	0	0	0	0	0	0	11	11	11	11	11	11	11	11	11	11	11	11	11	11	11	11	
2244	2	0	0	0	2	0	0	0	2	0	0	0	0	0	0	0	11	11	11	11	11	11	11	11	11	11	11	11	11	11	11	11	
2245	0	0	0	0	0	0	0	0	0	0	0	0	2	0	0	0	11	11	11	11	11	11	11	11	11	11	11	11	11	11	11	11	
2246	0	0	0	0	0	0	0	0	0	0	0	0	0	0	0	0	11	11	11	11	11	11	11	11	11	11	11	11	11	11	11	11	
2247	0	0	2	0	0	0	2	2	0	0	2	2	2	2	2	0	11	11	11	11	11	11	11	11	11	11	11	11	11	11	11	11	
2248	0	0	0	0	2	2	2	2	2	0	2	0	0	0	2	0	11	11	11	11	11	11	11	11	11	11	11	11	11	11	11	11	
2249	0	0	2	2	2	0	2	0	0	0	0	0	0	0	0	0	11	11	11	11	11	11	11	11	11	11	11	11	11	11	11	11	
2250	2	0	0	2	0	2	0	0	0	0	2	2	0	0	0	2	11	11	11	11	11	11	11	11	11	11	11	11	11	11	11	11	
2251	0	2	2	2	0	0	0	0	0	0	0	0	0	0	0	0	11	11	11	11	11	11	11	11	11	11	11	11	11	11	11	11	
2252	0	58	58	82	2	0	58	76	0	0	2	58	0	0	0	0	11	11	11	11	11	11	11	11	11	11	11	11	11	11	11	11	
2253	49	49	49	79	49	49	79	79	58	49	49	49	76	58	49	49	11	11	11	11	11	11	11	11	11	11	11	11	11	11	11	11	
2254	79	49	49	49	49	49	49	79	79	79	79	79	49	79	79	49	11	11	11	11	11	11	11	11	11	11	11	11	11	11	11	11	
2255	58	58	0	0	82	58	76	0	49	49	58	0	49	49	58	0	11	11	11	11	11	11	11	11	11	11	11	11	11	11	11	11	
2256	0	0	0	0	0	0	0	0	0	0	0	0	0	0	0	0	11	11	11	11	11	11	11	11	11	11	11	11	11	11	11	11	
2257	0	0	0	2	0	0	0	0	0	0	0	0	0	0	0	0	11	11	11	11	11	11	11	11	11	11	11	11	11	11	11	11	
2258	35	36	36	36	2	35	36	36	0	2	35	36	0	0	0	35	11	11	11	11	11	11	11	11	11	11	11	11	11	11	11	11	
2259	36	36	36	36	36	36	36	36	36	36	36	36	36	36	36	36	11	11	11	11	11	11	11	11	11	11	11	11	11	11	11	11	
2260	36	35	0	0	36	36	35	0	36	36	36	35	36	36	36	36	11	11	11	11	11	11	11	11	11	11	11	11	11	11	11	11	
2261	0	0	0	0	0	0	0	0	0	0	0	107	35	0	0	0	11	11	11	11	11	11	11	11	11	11	11	11	11	11	11	11	
2262	0	0	0	2	0	0	0	0	0	0	0	2	0	0	0	2	11	11	11	11	11	11	11	11	11	11	11	11	11	11	11	11	
2263	2	0	0	0	0	0	0	0	0	0	0	0	2	2	0	0	11	11	11	11	11	11	11	11	11	11	11	11	11	11	11	11	
2264	0	2	2	0	0	0	0	0	0	0	0	0	0	0	0	0	11	11	11	11	11	11	11	11	11	11	11	11	11	11	11	11	
2265	0	54	42	42	0	72	42	42	0	54	72	54	0	0	0	0	11	11	11	11	11	11	11	11	11	11	11	11	11	11	11	11	
2266	42	42	63	0	42	42	63	0	54	72	54	0	0	0	0	0	11	11	11	11	11	11	11	11	11	11	11	11	11	11	11	11	
2267	2	0	0	35	2	0	35	35	0	2	35	35	0	0	35	35	11	11	11	11	11	11	11	11	11	11	11	11	11	11	11	11	
2268	35	35	35	0	35	35	35	0	35	35	0	0	35	35	0	0	11	11	11	12	11	11	11	12	11	11	11	11	11	11	11	11	
2269	112	112	112	0	112	112	112	0	112	112	112	0	112	112	112	112	14	15	14	12	14	15	14	12	13	14	14	12	13	14	14	13	
2270	0	0	0	0	0	0	0	0	0	0	0	0	0	0	0	0	11	11	11	11	11	11	11	11	11	11	11	11	11	11	11	11	
2271	0	2	0	0	0	0	2	2	2	2	2	0	2	0	0	0	11	11	11	11	11	11	11	11	11	11	11	11	11	11	11	11	
2272	0	0	0	0	2	2	0	2	0	0	0	0	0	0	0	0	11	11	11	11	11	11	11	11	11	11	11	11	11	11	11	11	
2273	0	0	0	2	0	2	2	0	2	0	0	0	0	0	0	0	11	11	11	11	11	11	11	11	11	11	11	11	11	11	11	11	
2274	2	2	2	2	0	0	0	2	0	0	0	2	0	0	0	2	11	11	11	11	11	11	11	11	11	11	11	11	11	11	11	11	
2275	58	43	43	43	76	43	43	58	58	58	76	58	2	2	0	2	11	11	11	11	11	11	11	11	11	11	11	11	11	11	11	11	
2276	43	43	43	76	67	58	76	58	2	0	0	0	0	0	0	0	11	11	11	11	11	11	11	11	11	11	11	11	11	11	12	13	
2277	0	0	0	0	0	0	0	0	0	0	0	0	112	112	112	112	11	11	11	11	11	11	11	11	11	12	13	13	13	14	14	15	
2278	0	0	0	0	0	0	0	0	112	112	112	112	112	112	112	112	11	11	11	11	11	12	12	12	13	14	14	14	15	15	15	15	
2279	0	0	0	112	112	112	112	112	112	112	112	112	112	112	112	112	12	12	12	12	13	14	14	14	15	15	15	14	15	14	13	13	
2280	6	6	6	6	6	6	6	6	6	6	6	6	6	6	6	6	0	0	0	1	0	0	0	1	0	0	0	1	0	0	0	0	
2281	6	6	6	6	6	6	6	6	6	6	6	6	6	6	6	6	1	1	1	2	1	1	1	2	1	1	1	2	1	1	1	2	
2282	6	6	15	15	6	6	15	15	6	6	15	15	6	6	6	15	2	3	3	3	2	2	3	3	2	2	3	3	2	2	3	3	
2283	15	15	15	15	15	15	15	15	15	15	15	15	15	15	15	15	4	4	5	5	4	4	5	5	4	4	4	5	4	4	4	5	
2284	15	15	15	15	15	15	15	15	15	15	15	15	15	15	15	15	6	6	6	7	6	6	6	7	5	6	6	7	5	6	6	7	
2285	15	15	15	15	15	15	15	15	15	15	15	15	15	15	15	15	7	8	8	8	7	8	8	8	7	8	8	8	7	7	8	8	
2286	15	157	15	2	15	157	15	2	15	157	0	2	15	157	157	15	8	9	9	10	8	9	9	9	8	9	9	9	8	9	9	9	
2287	15	0	0	2	2	0	0	0	2	0	2	2	15	0	0	0	10	10	10	10	10	10	10	10	10	10	10	10	10	10	10	10	
2288	2	0	0	0	2	0	2	2	2	2	0	0	0	2	2	0	10	11	11	11	10	11	11	11	10	11	11	11	10	10	11	11	
2289	0	0	0	0	0	0	0	0	0	0	2	0	0	2	2	0	11	11	11	11	11	11	11	11	11	11	11	11	11	11	11	11	
2290	0	2	0	0	0	0	0	0	0	0	0	0	0	0	0	0	11	11	11	11	11	11	11	11	11	11	11	11	11	11	11	11	
2291	2	0	0	35	0	0	0	35	0	0	0	35	0	0	0	35	11	11	11	11	11	11	11	11	11	11	11	11	11	11	11	11	
2292	35	35	35	0	35	35	35	0	35	35	35	0	35	35	35	0	11	11	11	11	11	11	11	11	11	11	11	11	11	11	11	11	
2293	2	0	0	0	2	0	2	2	0	2	2	2	0	0	2	2	11	11	11	11	11	11	11	11	11	11	11	11	11	11	11	11	
2294	0	0	0	2	2	2	2	2	2	0	0	0	0	0	0	0	11	11	11	11	11	11	11	11	11	11	11	11	11	11	11	11	
2295	2	2	0	2	0	0	0	0	0	0	0	0	0	0	0	0	11	11	11	11	11	11	11	11	11	11	11	11	11	11	11	11	
2296	0	0	0	0	0	0	0	0	0	0	0	0	0	0	0	0	11	11	11	11	11	11	11	11	11	11	11	11	11	11	11	11	
2297	2	0	0	0	0	0	0	0	0	0	0	0	0	0	0	0	11	11	11	11	11	11	11	11	11	11	11	11	11	11	11	11	
2298	0	0	0	0	0	0	0	0	0	0	0	0	0	0	0	0	11	11	11	11	11	11	11	11	11	11	11	11	11	11	11	11	
2299	0	0	0	0	0	0	0	0	0	0	0	0	0	0	0	0	11	11	11	11	11	11	11	11	11	11	11	11	11	11	11	11	
2300	0	0	0	0	0	0	0	0	0	0	0	0	0	0	0	0	11	11	11	11	11	11	11	11	11	11	11	11	11	11	11	11	
2301	0	35	35	35	0	0	35	35	0	0	35	35	0	0	0	35	11	11	11	11	11	11	11	11	11	11	11	11	11	11	11	11	
2302	35	0	0	0	35	35	0	0	35	35	0	0	35	35	35	0	11	11	11	11	11	11	11	11	11	11	11	11	11	11	11	11	
2303	0	0	0	0	0	0	0	0	0	0	0	0	0	0	0	0	11	11	11	11	11	11	11	11	11	11	11	11	11	11	11	11	
2304	0	2	0	0	0	0	2	0	0	0	0	0	0	0	2	0	11	11	11	11	11	11	11	11	11	11	11	11	11	11	11	11	
2305	2	0	0	0	2	0	0	2	0	2	2	2	0	2	2	2	11	11	11	11	11	11	11	11	11	11	11	11	11	11	11	11	
2306	0	2	2	2	2	2	2	2	2	0	0	0	0	0	0	0	11	11	11	11	11	11	11	11	11	11	11	11	11	11	11	11	
2307	2	2	0	0	0	0	0	0	0	0	0	0	0	0	0	0	11	11	11	11	11	11	11	11	11	11	11	11	11	11	11	11	
2308	0	0	0	0	0	0	0	0	0	0	2	0	0	0	0	0	11	11	11	11	11	11	11	11	11	11	11	11	11	11	11	11	
2309	0	0	0	0	0	0	0	0	0	0	0	0	0	0	0	0	11	11	11	11	11	11	11	11	11	11	11	11	11	11	11	11	
2310	0	0	0	0	0	0	0	0	0	0	0	0	0	0	0	0	11	11	11	11	11	11	11	11	11	11	11	11	11	11	11	11	
2311	0	0	0	0	0	0	0	0	0	0	0	0	0	0	0	0	11	11	11	11	11	11	11	11	11	11	11	11	11	11	11	11	
2312	0	0	0	2	0	2	0	0	0	2	0	0	0	2	0	0	11	11	11	11	11	11	11	11	11	11	11	11	11	11	11	11	
2313	2	58	58	49	0	0	76	58	0	2	2	58	0	0	0	2	11	11	11	11	11	11	11	11	11	11	11	11	11	11	11	11	
2314	79	79	49	49	82	49	49	49	58	49	49	58	76	58	76	58	11	11	11	11	11	11	11	11	11	11	11	11	11	11	11	11	
2315	49	58	76	0	58	58	0	0	58	0	0	0	0	0	0	0	11	11	11	11	11	11	11	11	11	11	11	11	11	11	11	11	
2316	0	0	0	0	0	0	0	0	0	0	0	0	0	0	0	0	11	11	11	11	11	11	11	11	11	11	11	11	11	11	11	11	
2317	0	0	0	0	0	0	0	0	2	2	2	0	0	0	0	0	11	11	11	11	11	11	11	11	11	11	11	11	11	11	11	11	
2318	90	90	90	0	90	97	90	0	90	90	90	0	0	0	0	0	11	11	11	11	11	11	11	11	11	11	11	11	11	11	11	11	
2319	35	36	36	36	0	35	36	36	0	35	35	36	0	35	35	35	11	11	11	11	11	11	11	11	11	11	11	11	11	11	11	11	
2320	36	36	36	36	36	36	36	36	36	36	36	36	36	36	36	36	11	11	11	11	11	11	11	11	11	11	11	11	11	11	11	11	
2321	36	35	0	0	36	36	35	0	36	36	36	35	36	36	36	36	11	11	11	11	11	11	11	11	11	11	11	11	11	11	11	11	
2322	0	0	0	0	0	0	0	0	35	35	35	35	35	35	35	35	11	11	11	11	11	11	11	11	11	11	11	11	11	11	11	11	
2323	0	0	0	0	0	0	0	0	35	35	35	35	35	35	35	35	11	11	11	11	11	11	11	11	11	11	11	11	11	11	11	11	
2324	0	106	0	0	0	0	0	0	35	35	35	35	35	35	35	35	11	11	11	11	11	11	11	11	11	11	11	11	11	11	11	11	
2325	0	0	0	0	0	0	0	0	35	35	35	35	35	35	35	35	11	11	11	11	11	11	11	11	11	11	11	11	11	11	11	11	
2326	0	0	0	0	0	0	0	0	35	35	35	35	35	35	35	35	11	11	11	11	11	11	11	11	11	11	11	11	11	11	11	11	
2327	0	35	35	35	35	35	35	35	35	35	35	35	35	35	35	35	11	11	11	11	11	11	11	11	11	11	11	11	11	11	11	11	
2328	35	35	0	0	35	35	35	2	35	35	35	35	35	35	35	35	11	11	11	11	11	11	11	11	11	11	11	11	11	11	11	11	
2329	0	112	112	112	0	112	112	112	0	0	112	112	35	35	35	35	13	14	15	13	12	14	15	14	11	13	14	14	11	11	12	12	
2330	112	0	0	0	112	112	112	0	112	112	112	112	112	112	112	112	12	11	11	11	13	13	13	12	15	15	14	14	13	14	15	15	
2331	0	0	0	0	0	0	0	0	112	0	0	0	112	112	0	0	11	11	11	11	11	11	11	11	12	12	11	11	14	14	12	11	
2332	0	0	0	0	0	0	0	0	0	0	0	0	0	0	0	0	11	11	11	11	11	11	11	11	11	11	11	11	11	11	11	11	
2333	0	0	0	0	0	0	0	0	0	0	0	0	0	0	0	0	11	11	11	11	11	11	11	11	11	11	11	11	11	12	11	11	
2334	0	0	0	0	0	0	0	0	0	0	0	0	0	0	0	112	11	11	11	11	11	11	11	11	11	11	11	11	12	13	13	13	
2335	2	2	2	2	0	0	2	2	0	112	112	112	112	112	112	112	11	11	11	11	11	12	12	12	12	13	14	14	13	15	15	15	
2336	0	0	112	112	0	112	112	112	0	112	112	112	2	112	112	0	12	12	13	14	13	14	14	15	14	15	14	13	14	14	13	12	
2337	112	112	112	112	112	112	112	0	0	0	0	0	0	2	35	35	15	15	15	15	14	14	14	14	12	12	12	12	11	11	11	11	
2338	112	112	112	0	0	0	0	0	0	0	0	0	35	35	35	35	14	14	14	14	13	12	12	12	11	11	11	11	11	11	11	11	
2339	0	0	0	0	0	0	0	0	0	0	0	0	35	35	35	35	13	12	12	11	11	11	11	11	11	11	11	11	11	11	11	11	
2340	7	6	6	6	7	6	6	6	7	6	6	6	7	6	6	6	0	0	0	0	0	0	0	0	0	0	0	0	0	0	0	0	
2341	6	6	6	6	6	6	6	6	6	6	6	6	6	6	6	6	1	1	1	2	1	1	1	1	1	1	1	1	1	1	1	1	
2342	6	6	6	15	6	6	6	15	6	6	6	6	6	6	6	6	2	2	3	3	2	2	3	3	2	2	3	3	2	2	2	3	
2343	15	15	15	15	15	15	15	15	15	15	15	15	15	15	15	15	3	4	4	5	3	4	4	5	3	4	4	5	3	4	4	5	
2344	15	15	15	15	15	15	15	15	15	15	15	15	15	15	15	15	5	6	6	7	5	6	6	7	5	6	6	6	5	6	6	6	
2345	15	15	15	15	15	15	15	15	15	15	15	15	15	15	15	15	7	7	8	8	7	7	8	8	7	7	8	8	7	7	8	8	
2346	15	15	157	15	15	15	157	2	15	15	157	2	15	15	157	157	8	8	9	9	8	8	9	9	8	8	9	9	8	8	9	9	
2347	2	0	0	0	2	0	2	2	15	0	2	2	15	0	0	0	10	10	10	10	10	10	10	10	10	10	10	10	9	10	10	10	
2348	2	2	0	2	2	0	0	0	0	2	2	0	2	2	2	2	10	10	11	11	10	10	11	11	10	10	11	11	10	10	11	11	
2349	2	0	0	0	0	2	0	0	0	2	2	0	2	0	0	2	11	11	11	11	11	11	11	11	11	11	11	11	11	11	11	11	
2350	0	0	0	0	0	0	0	0	0	0	0	0	0	0	0	0	11	11	11	11	11	11	11	11	11	11	11	11	11	11	11	11	
2351	0	0	0	35	0	0	0	35	0	0	0	0	0	0	0	0	11	11	11	11	11	11	11	11	11	11	11	11	11	11	11	11	
2352	35	35	35	0	35	35	35	0	35	35	35	35	35	35	35	35	11	11	11	11	11	11	11	11	11	11	11	11	11	11	11	11	
2353	0	0	0	2	0	0	0	0	0	0	0	0	0	0	0	0	11	11	11	11	11	11	11	11	11	11	11	11	11	11	11	11	
2354	2	0	0	0	0	0	0	0	0	0	0	0	2	0	0	0	11	11	11	11	11	11	11	11	11	11	11	11	11	11	11	11	
2355	0	0	0	0	0	0	0	0	0	0	0	0	0	0	0	0	11	11	11	11	11	11	11	11	11	11	11	11	11	11	11	11	
2356	0	0	0	0	0	0	0	0	0	0	0	2	0	0	0	0	11	11	11	11	11	11	11	11	11	11	11	11	11	11	11	11	
2357	0	0	0	0	0	0	0	0	0	0	0	0	2	0	0	0	11	11	11	11	11	11	11	11	11	11	11	11	11	11	11	11	
2358	0	0	0	0	0	0	0	0	0	0	0	0	0	0	0	0	11	11	11	11	11	11	11	11	11	11	11	11	11	11	11	11	
2359	0	0	0	0	0	0	0	0	0	0	0	0	0	0	0	0	11	11	11	11	11	11	11	11	11	11	11	11	11	11	11	11	
2360	0	0	0	0	0	0	0	0	0	0	0	0	0	0	0	0	11	11	11	11	11	11	11	11	11	11	11	11	11	11	11	11	
2361	0	0	0	35	0	0	0	35	0	0	0	35	0	0	0	0	11	11	11	11	11	11	11	11	11	11	11	11	11	11	11	11	
2362	35	35	35	0	35	35	35	0	35	35	35	0	35	35	35	0	11	11	11	11	11	11	11	11	11	11	11	11	11	11	11	11	
2363	0	0	0	0	0	0	0	0	0	0	0	0	0	0	0	0	11	11	11	11	11	11	11	11	11	11	11	11	11	11	11	11	
2364	0	0	0	0	0	0	2	2	0	0	2	2	0	2	2	0	11	11	11	11	11	11	11	11	11	11	11	11	11	11	11	11	
2365	0	2	0	0	0	0	0	0	0	0	0	0	0	0	0	0	11	11	11	11	11	11	11	11	11	11	11	11	11	11	11	11	
2366	0	0	0	0	0	0	0	0	0	0	0	0	0	0	0	0	11	11	11	11	11	11	11	11	11	11	11	11	11	11	11	11	
2367	0	0	0	0	0	0	0	0	0	0	0	0	0	0	0	0	11	11	11	11	11	11	11	11	11	11	11	11	11	11	11	11	
2368	0	0	0	0	0	0	2	0	0	0	0	0	0	0	0	0	11	11	11	11	11	11	11	11	11	11	11	11	11	11	11	11	
2369	0	0	0	2	0	0	0	0	0	0	2	0	0	2	0	0	11	11	11	11	11	11	11	11	11	11	11	11	11	11	11	11	
2370	0	0	0	0	0	0	0	0	0	0	0	0	0	0	0	0	11	11	11	11	11	11	11	11	11	11	11	11	11	11	11	11	
2371	0	0	0	0	0	0	0	0	0	0	0	0	0	0	0	0	11	11	11	11	11	11	11	11	11	11	11	11	11	11	11	11	
2372	0	0	0	0	0	0	0	0	0	2	0	0	0	2	0	0	11	11	11	11	11	11	11	11	11	11	11	11	11	11	11	11	
2373	0	0	0	0	0	0	0	0	0	0	0	0	0	0	90	90	11	11	11	11	11	11	11	11	11	11	11	11	11	11	11	11	
2374	2	0	0	0	0	0	0	0	0	0	0	0	90	0	0	0	11	11	11	11	11	11	11	11	11	11	11	11	11	11	11	11	
2375	0	2	2	2	0	0	0	0	0	0	0	0	0	0	0	0	11	11	11	11	11	11	11	11	11	11	11	11	11	11	11	11	
2376	0	0	0	0	0	0	0	0	0	0	0	0	0	0	0	0	11	11	11	11	11	11	11	11	11	11	11	11	11	11	11	11	
2377	0	0	0	0	0	0	0	0	0	0	0	0	0	0	0	0	11	11	11	11	11	11	11	11	11	11	11	11	11	11	11	11	
2378	0	0	0	0	0	0	0	0	0	0	0	0	0	0	0	0	11	11	11	11	11	11	11	11	11	11	11	11	11	11	11	11	
2379	0	0	35	35	0	0	35	35	0	0	35	35	0	0	0	35	11	11	11	11	11	11	11	11	11	11	11	11	11	11	11	11	
2380	35	36	36	36	35	35	36	36	35	35	35	36	35	35	35	35	11	11	11	11	11	11	11	11	11	11	11	11	11	11	11	11	
2381	36	36	36	36	36	36	36	36	36	36	36	36	36	36	36	36	11	11	11	11	11	11	11	11	11	11	11	11	11	11	11	11	
2382	36	35	35	35	36	35	35	35	36	36	35	35	36	36	36	35	11	11	11	11	11	11	11	11	11	11	11	11	11	11	11	11	
2383	35	35	35	35	35	0	0	90	0	0	0	90	0	0	0	90	11	11	11	11	11	11	11	11	11	11	11	11	11	11	11	11	
2384	35	35	35	35	90	90	0	0	94	90	0	0	90	90	0	2	11	11	11	11	11	11	11	11	11	11	11	11	11	11	11	11	
2385	35	35	35	35	0	0	0	0	0	0	0	0	0	0	0	0	11	11	11	11	11	11	11	11	11	11	11	11	11	11	11	11	
2386	35	35	35	35	0	0	0	0	0	0	0	0	0	0	0	0	11	11	11	11	11	11	11	11	11	11	11	11	11	11	11	11	
2387	35	35	35	35	90	35	35	35	90	97	90	0	90	90	90	0	11	11	11	11	11	11	11	11	11	11	11	11	11	11	11	11	
2388	35	35	35	35	35	35	35	35	0	0	90	90	0	0	90	94	11	11	11	11	11	11	11	11	11	11	11	11	11	11	11	11	
2389	35	35	35	35	35	35	35	35	90	35	35	35	90	0	0	0	11	11	11	11	11	11	11	11	11	11	11	11	11	11	11	11	
2390	35	35	35	112	35	35	35	35	35	35	35	35	35	35	35	35	12	13	13	14	11	11	11	12	11	11	11	11	11	11	11	11	
2391	112	112	0	0	35	112	0	0	35	35	35	35	35	35	35	35	14	14	13	11	13	13	12	12	11	11	11	12	11	11	11	11	
2392	112	112	0	112	112	112	0	112	112	112	0	112	35	35	0	0	12	12	12	13	14	14	13	14	13	13	12	13	12	12	11	12	
2393	112	112	112	112	112	112	112	112	112	112	112	112	0	0	0	0	13	13	13	13	15	15	15	14	14	14	14	14	13	13	12	12	
2394	112	112	112	112	112	112	112	112	112	112	0	35	35	35	35	35	13	14	14	14	15	14	14	14	13	13	12	12	12	11	11	11	
2395	112	112	112	112	112	112	35	35	35	35	35	35	35	35	35	35	14	14	14	14	13	12	12	12	12	11	11	11	11	11	11	11	
2396	2	35	35	35	35	35	35	35	35	35	35	35	35	35	35	35	12	12	12	11	11	11	11	11	11	11	11	11	11	11	11	11	
2397	35	35	35	35	35	35	35	35	35	35	35	35	35	0	0	0	11	11	11	11	11	11	11	11	11	11	11	11	11	11	11	11	
2398	35	35	35	35	35	35	35	35	35	0	0	0	0	0	0	0	11	11	11	11	11	11	11	11	11	11	11	11	11	11	11	11	
2399	35	35	35	35	35	35	35	35	0	0	0	0	0	0	0	0	11	11	11	11	11	11	11	11	11	11	11	11	11	11	11	11	
2400	7	7	6	6	7	7	6	6	7	7	6	6	7	7	6	6	0	0	0	0	0	0	0	0	0	0	0	0	0	0	0	0	
2401	6	6	6	6	6	6	6	6	6	6	6	6	6	6	6	6	1	1	1	1	1	1	1	1	0	1	1	1	0	1	1	1	
2402	6	6	6	6	6	6	6	6	6	6	6	6	6	6	6	6	2	2	2	3	2	2	2	3	2	2	2	3	1	2	2	3	
2403	6	15	15	15	6	15	15	15	6	15	15	15	6	15	15	15	3	4	4	4	3	4	4	4	3	3	4	4	3	3	4	4	
2404	15	15	15	15	15	15	15	15	15	15	15	15	15	15	15	15	5	5	6	6	5	5	6	6	5	5	6	6	5	5	6	6	
2405	15	15	15	15	15	15	15	15	15	15	15	15	15	15	15	15	7	7	8	8	7	7	7	8	7	7	7	8	7	7	7	8	
2406	15	15	15	157	15	15	15	157	15	15	15	157	15	15	15	157	8	8	8	9	8	8	8	9	8	8	8	9	8	8	8	9	
2407	2	0	0	0	15	15	0	0	2	15	0	2	0	15	2	2	9	10	10	10	9	10	10	10	9	10	10	10	9	10	10	10	
2408	2	2	2	2	2	2	2	2	2	2	2	2	2	2	2	2	10	10	11	11	10	10	10	11	10	10	10	11	10	10	10	11	
2409	0	0	0	2	0	0	2	2	0	0	2	0	2	2	2	0	11	11	11	11	11	11	11	11	11	11	11	11	11	11	11	11	
2410	0	0	0	0	0	0	0	0	2	2	0	0	2	2	2	0	11	11	11	11	11	11	11	11	11	11	11	11	11	11	11	11	
2411	0	0	0	0	0	0	0	0	0	0	0	0	0	0	0	0	11	11	11	11	11	11	11	11	11	11	11	11	11	11	11	11	
2412	35	35	35	35	35	35	35	35	35	35	35	35	0	35	35	35	11	11	11	11	11	11	11	11	11	11	11	11	11	11	11	11	
2413	0	0	0	0	0	0	0	2	0	0	2	2	0	0	2	0	11	11	11	11	11	11	11	11	11	11	11	11	11	11	11	11	
2414	2	0	0	0	2	0	0	0	2	0	0	2	0	0	2	2	11	11	11	11	11	11	11	11	11	11	11	11	11	11	11	11	
2415	0	0	0	0	0	0	0	0	0	0	0	0	0	0	0	0	11	11	11	11	11	11	11	11	11	11	11	11	11	11	11	11	
2416	0	0	0	0	0	0	0	0	0	0	0	0	0	0	0	0	11	11	11	11	11	11	11	11	11	11	11	11	11	11	11	11	
2417	0	2	2	0	0	0	2	0	0	0	0	2	0	0	0	0	11	11	11	11	11	11	11	11	11	11	11	11	11	11	11	11	
2418	0	0	0	0	0	0	0	0	2	0	0	0	2	0	0	0	11	11	11	11	11	11	11	11	11	11	11	11	11	11	11	11	
2419	0	0	0	0	0	0	2	0	0	2	0	0	0	2	2	0	11	11	11	11	11	11	11	11	11	11	11	11	11	11	11	11	
2420	0	0	0	0	0	0	0	0	0	0	0	0	0	0	0	0	11	11	11	11	11	11	11	11	11	11	11	11	11	11	11	11	
2421	0	0	0	0	0	0	0	0	0	0	0	0	0	0	0	0	11	11	11	11	11	11	11	11	11	11	11	11	11	11	11	11	
2422	35	35	35	35	35	35	35	35	35	35	35	35	0	35	35	35	11	11	11	11	11	11	11	11	11	11	11	11	11	11	11	11	
2423	0	0	0	0	2	0	0	0	35	0	0	0	35	0	0	0	11	11	11	11	11	11	11	11	11	11	11	11	11	11	11	11	
2424	0	2	2	0	0	0	0	0	0	2	2	0	0	0	2	0	11	11	11	11	11	11	11	11	11	11	11	11	11	11	11	11	
2425	0	0	0	0	0	0	0	0	0	0	0	0	0	0	0	0	11	11	11	11	11	11	11	11	11	11	11	11	11	11	11	11	
2426	0	0	0	0	0	0	0	0	0	0	0	0	0	0	0	2	11	11	11	11	11	11	11	11	11	11	11	11	11	11	11	11	
2427	0	0	0	0	0	0	0	0	0	0	0	0	0	0	2	2	11	11	11	11	11	11	11	11	11	11	11	11	11	11	11	11	
2428	0	0	0	0	0	0	0	0	0	0	0	0	0	0	0	0	11	11	11	11	11	11	11	11	11	11	11	11	11	11	11	11	
2429	0	0	2	0	2	0	2	0	0	0	0	2	0	0	0	0	11	11	11	11	11	11	11	11	11	11	11	11	11	11	11	11	
2430	0	0	0	0	0	0	0	0	0	0	0	0	2	0	0	2	11	11	11	11	11	11	11	11	11	11	11	11	11	11	11	11	
2431	2	0	0	0	0	2	2	2	2	2	0	0	2	0	0	112	11	11	11	11	11	11	11	11	11	11	11	12	11	11	11	13	
2432	0	2	2	0	2	0	0	0	0	0	0	0	112	0	0	0	11	11	11	11	11	11	11	11	12	12	11	11	14	12	11	11	
2433	0	0	90	96	0	0	90	90	0	0	0	0	0	0	0	0	11	11	11	11	11	11	11	11	11	11	11	11	11	11	11	11	
2434	90	0	0	0	90	0	0	0	0	0	0	0	0	0	2	0	11	11	11	11	11	11	11	11	11	11	11	11	11	11	11	11	
2435	0	0	0	0	2	0	0	0	2	0	0	0	0	0	0	0	11	11	11	11	11	11	11	11	11	11	11	11	11	11	11	11	
2436	0	0	0	0	0	0	0	0	0	0	0	0	0	0	0	0	11	11	11	11	11	11	11	11	11	11	11	11	11	11	11	11	
2437	0	0	0	0	0	0	0	0	0	90	90	90	0	90	97	90	11	11	11	11	11	11	11	11	11	11	11	11	11	11	11	11	
2438	0	0	0	0	0	0	0	0	0	0	0	0	0	2	0	2	11	11	11	11	11	11	11	11	11	11	11	11	11	11	11	11	
2439	0	0	0	35	0	0	0	35	0	0	0	0	0	0	0	0	11	11	11	11	11	11	11	11	11	11	11	11	11	11	11	11	
2440	35	35	35	35	35	35	35	0	35	35	35	0	35	35	35	35	11	11	11	11	11	11	11	11	11	11	11	11	11	11	11	11	
2441	35	36	36	36	0	35	36	36	0	0	35	36	0	2	0	35	11	11	11	11	11	11	11	11	11	11	11	11	11	11	11	11	
2442	36	36	36	36	36	36	36	36	36	36	36	36	36	36	36	36	11	11	11	11	11	11	11	11	11	11	11	11	11	11	11	11	
2443	35	0	0	0	36	35	0	0	36	36	35	0	36	36	36	35	11	11	11	11	11	11	11	11	11	11	11	11	11	11	11	11	
2444	0	0	0	2	0	0	0	0	0	0	0	0	0	0	0	0	11	11	11	11	11	11	11	11	11	11	11	11	11	11	11	11	
2445	0	0	0	0	0	0	0	0	0	0	0	0	0	0	0	0	11	11	11	11	11	11	11	11	11	11	11	11	11	11	11	11	
2446	0	0	0	0	0	0	0	0	2	0	2	0	2	0	0	2	11	11	11	11	11	11	11	11	11	11	11	11	11	11	11	11	
2447	0	0	0	0	0	0	0	0	0	0	0	0	2	0	0	0	11	11	11	11	11	11	11	11	11	11	11	11	11	11	11	11	
2448	0	0	90	90	0	0	0	0	0	0	0	0	0	0	0	0	11	11	11	11	11	11	11	11	11	11	11	11	11	11	11	11	
2449	90	0	0	0	0	0	0	0	0	2	2	2	2	2	0	0	11	11	11	11	11	11	11	11	11	11	11	11	11	11	11	11	
2450	0	2	35	35	0	0	2	0	2	2	2	0	0	0	2	2	11	11	11	11	11	11	11	11	11	11	11	11	11	11	11	11	
2451	35	35	35	35	0	35	35	35	0	0	0	0	2	0	0	0	11	11	11	11	11	11	11	11	11	11	11	11	11	11	11	11	
2452	35	35	35	35	35	35	35	35	35	35	35	35	0	0	35	35	11	11	11	11	11	11	11	11	11	11	11	11	11	11	11	11	
2453	35	35	35	35	35	35	35	35	35	35	35	35	35	35	35	35	11	11	11	11	11	11	11	11	11	11	11	11	11	11	11	11	
2454	35	35	35	35	35	35	35	35	35	35	35	0	35	35	35	0	11	11	11	11	11	11	11	11	11	11	11	11	11	11	11	11	
2455	35	35	35	35	35	35	95	90	0	90	90	90	0	0	0	0	11	11	11	11	11	11	11	11	11	11	11	11	11	11	11	11	
2456	35	90	96	90	0	90	90	90	0	0	0	0	0	0	0	0	11	11	11	11	11	11	11	11	11	11	11	11	11	11	11	11	
2457	0	0	0	0	0	0	2	2	0	0	0	2	0	0	0	0	11	11	11	11	11	11	11	11	11	11	11	11	11	11	11	11	
2458	0	0	0	0	0	0	0	2	2	0	0	2	2	2	2	0	11	11	11	11	11	11	11	11	11	11	11	11	11	11	11	11	
2459	0	0	0	0	0	0	0	0	0	0	0	0	0	0	0	0	11	11	11	11	11	11	11	11	11	11	11	11	11	11	11	11	
2460	7	7	6	6	7	7	6	6	7	7	6	6	7	7	6	6	0	0	0	0	0	0	0	0	0	0	0	0	0	0	0	0	
2461	6	6	6	6	6	6	6	6	6	6	6	6	6	6	6	6	0	1	1	1	0	1	1	1	0	1	1	1	0	1	1	1	
2462	6	6	6	6	6	6	6	6	6	6	6	6	6	6	6	6	1	2	2	3	1	2	2	2	1	2	2	2	1	2	2	2	
2463	6	15	15	15	6	15	15	15	6	15	15	15	6	15	15	15	3	3	4	4	3	3	4	4	3	3	4	4	3	3	4	4	
2464	15	15	15	15	15	15	15	15	15	15	15	15	15	15	15	15	5	5	6	6	5	5	6	6	4	5	5	6	4	5	5	6	
2465	15	15	15	15	15	15	15	15	15	15	15	15	15	15	15	15	6	7	7	8	6	7	7	8	6	7	7	7	6	7	7	7	
2466	15	15	15	157	15	15	15	15	15	15	15	15	15	15	15	15	8	8	8	9	8	8	8	8	8	8	8	8	8	8	8	8	
2467	157	15	2	2	157	0	0	2	157	0	15	15	157	0	2	2	9	10	10	10	9	9	10	10	9	9	10	10	9	9	10	10	
2468	2	2	2	2	0	2	0	2	2	2	2	0	2	0	0	0	10	10	10	11	10	10	10	11	10	10	10	10	10	10	10	10	
2469	2	2	0	0	0	0	2	2	0	0	2	2	0	0	2	0	11	11	11	11	11	11	11	11	11	11	11	11	11	11	11	11	
2470	2	2	0	0	2	0	0	0	0	0	0	0	0	0	0	0	11	11	11	11	11	11	11	11	11	11	11	11	11	11	11	11	
2471	0	0	0	0	0	0	0	0	0	0	0	0	0	0	0	0	11	11	11	11	11	11	11	11	11	11	11	11	11	11	11	11	
2472	0	35	35	35	0	35	35	35	0	35	35	35	0	35	35	35	11	11	11	11	11	11	11	11	11	11	11	11	11	11	11	11	
2473	0	0	2	0	0	0	0	2	35	0	0	0	35	0	0	0	11	11	11	11	11	11	11	11	11	11	11	11	11	11	11	11	
2474	0	2	2	0	2	2	2	0	0	2	0	0	0	2	0	0	11	11	11	11	11	11	11	11	11	11	11	11	11	11	11	11	
2475	0	0	0	0	0	0	0	0	0	0	0	0	0	0	0	2	11	11	11	11	11	11	11	11	11	11	11	11	11	11	11	11	
2476	2	2	0	0	0	0	0	0	2	0	0	0	0	0	0	0	11	11	11	11	11	11	11	11	11	11	11	11	11	11	11	11	
2477	0	0	0	0	0	0	0	0	0	0	0	0	0	0	0	0	11	11	11	11	11	11	11	11	11	11	11	11	11	11	11	11	
2478	0	2	2	0	0	0	2	0	0	0	2	0	0	2	0	0	11	11	11	11	11	11	11	11	11	11	11	11	11	11	11	11	
2479	2	0	0	2	0	0	0	2	0	0	0	0	0	0	0	0	11	11	11	11	11	11	11	11	11	11	11	11	11	11	11	11	
2480	0	0	0	0	2	0	0	0	2	0	0	0	0	0	0	0	11	11	11	11	11	11	11	11	11	11	11	11	11	11	11	11	
2481	0	0	0	0	0	0	0	0	0	0	0	0	0	0	0	0	11	11	11	11	11	11	11	11	11	11	11	11	11	11	11	11	
2482	0	35	35	35	0	35	35	35	0	35	35	35	0	35	35	35	11	11	11	11	11	11	11	11	11	11	11	11	11	11	11	11	
2483	35	0	0	0	35	0	0	0	35	0	0	0	35	0	0	0	11	11	11	11	11	11	11	11	11	11	11	11	11	11	11	11	
2484	0	0	2	0	0	0	2	0	0	0	2	0	0	0	0	2	11	11	11	11	11	11	11	11	11	11	11	11	11	11	11	11	
2485	0	0	0	0	0	0	112	112	0	0	112	111	0	0	112	111	11	11	12	13	11	11	13	14	11	11	13	15	11	12	13	15	
2486	0	0	0	0	112	0	0	0	112	112	0	0	111	112	0	0	13	12	11	11	14	13	11	11	15	14	12	11	15	14	13	11	
2487	0	0	0	0	0	0	0	0	0	0	0	0	0	0	2	2	11	11	11	11	11	11	11	11	11	11	11	11	11	11	11	11	
2488	0	0	0	0	2	0	0	0	2	0	0	0	0	2	0	0	11	11	11	11	11	11	11	11	11	11	11	11	11	11	11	11	
2489	0	0	0	0	0	0	0	0	0	0	0	0	0	0	0	0	11	11	11	11	11	11	11	11	11	11	11	11	11	11	11	11	
2490	2	2	2	2	0	0	2	0	2	2	2	0	0	0	0	0	11	11	11	11	11	11	11	11	11	11	11	11	11	11	11	11	
2491	0	0	0	112	0	0	0	112	0	0	0	112	0	0	0	112	11	11	12	14	11	11	12	14	11	11	12	14	11	11	11	13	
2492	112	112	0	0	112	112	0	0	112	112	0	0	112	112	0	0	14	13	11	11	15	14	12	11	15	14	12	11	15	14	12	11	
2493	0	0	0	0	0	0	0	0	0	0	0	0	0	0	0	0	11	11	11	11	11	11	11	11	11	11	11	11	11	11	11	11	
2494	0	2	0	0	0	0	0	0	0	0	0	0	0	0	0	0	11	11	11	11	11	11	11	11	11	11	11	11	11	11	11	11	
2495	0	0	0	0	0	0	0	0	0	0	0	0	0	0	0	0	11	11	11	11	11	11	11	11	11	11	11	11	11	11	11	11	
2496	0	0	0	0	0	0	0	0	0	0	0	0	0	0	0	0	11	11	11	11	11	11	11	11	11	11	11	11	11	11	11	11	
2497	0	90	90	90	0	0	0	0	0	0	0	0	0	0	0	0	11	11	11	11	11	11	11	11	11	11	11	11	11	11	11	11	
2498	0	0	2	2	0	0	2	0	0	0	2	0	2	2	2	90	11	11	11	11	11	11	11	11	11	11	11	11	11	11	11	11	
2499	0	0	0	0	0	0	0	0	0	0	2	2	90	90	0	0	11	11	11	11	11	11	11	11	11	11	11	11	11	11	11	11	
2500	35	35	35	35	35	35	35	35	0	35	35	35	0	35	35	35	11	11	11	11	11	11	11	11	11	11	11	11	11	11	11	11	
2501	90	90	90	0	90	98	90	0	35	90	90	0	35	0	0	0	11	11	11	11	11	11	11	11	11	11	11	11	11	11	11	11	
2502	35	36	36	36	0	35	36	36	0	0	35	36	0	0	0	35	11	11	11	11	11	11	11	11	11	11	11	11	11	11	11	11	
2503	36	36	36	36	36	36	36	36	36	36	36	36	36	36	36	36	11	11	11	11	11	11	11	11	11	11	11	11	11	11	11	11	
2504	35	0	0	0	36	35	0	0	36	36	35	0	36	36	36	35	11	11	11	11	11	11	11	11	11	11	11	11	11	11	11	11	
2505	0	0	0	0	0	0	0	0	0	0	0	0	0	0	0	0	11	11	11	11	11	11	11	11	11	11	11	11	11	11	11	11	
2506	0	2	2	0	0	0	2	0	0	0	57	75	0	57	57	42	11	11	11	11	11	11	11	11	11	11	11	11	11	11	11	11	
2507	0	0	0	0	0	0	0	0	57	75	0	0	42	57	57	0	11	11	11	11	11	11	11	11	11	11	11	11	11	11	11	11	
2508	0	0	0	0	0	0	0	0	0	0	0	0	0	0	0	0	11	11	11	11	11	11	11	11	11	11	11	11	11	11	11	11	
2509	0	0	0	0	0	0	0	0	0	0	0	0	0	0	0	0	11	11	11	11	11	11	11	11	11	11	11	11	11	11	11	11	
2510	0	2	0	0	0	0	0	0	0	0	0	0	0	2	0	2	11	11	11	11	11	11	11	11	11	11	11	11	11	11	11	11	
2511	2	0	2	0	0	0	0	0	0	0	2	2	0	0	0	0	11	11	11	11	11	11	11	11	11	11	11	11	11	11	11	11	
2512	0	0	0	0	2	0	0	0	0	0	0	0	2	0	0	0	11	11	11	11	11	11	11	11	11	11	11	11	11	11	11	11	
2513	35	35	35	35	0	0	35	35	0	0	0	0	0	0	0	90	11	11	11	11	11	11	11	11	11	11	11	11	11	11	11	11	
2514	35	35	35	35	35	35	35	35	35	35	35	35	90	90	35	35	11	11	11	11	11	11	11	11	11	11	11	11	11	11	11	11	
2515	0	0	0	0	35	35	35	0	35	35	35	35	35	35	35	35	11	11	11	11	11	11	11	11	11	11	11	11	11	11	11	11	
2516	0	0	0	0	0	0	0	0	35	35	0	0	35	35	35	35	11	11	11	11	11	11	11	11	11	11	11	11	11	11	11	11	
2517	0	0	0	0	0	0	0	0	107	0	0	0	0	0	2	0	11	11	11	11	11	11	11	11	11	11	11	11	11	11	11	11	
2518	2	0	0	0	0	0	0	0	0	0	0	0	0	0	0	0	11	11	11	11	11	11	11	11	11	11	11	11	11	11	11	11	
2519	0	0	0	0	0	0	0	0	0	0	0	0	0	0	0	0	11	11	11	11	11	11	11	11	11	11	11	11	11	11	11	11	
2520	7	7	7	6	7	7	7	6	7	7	7	6	7	7	7	6	0	0	0	0	0	0	0	0	0	0	0	0	0	0	0	0	
2521	6	6	6	6	6	6	6	6	6	6	6	6	6	6	6	6	0	0	1	1	0	0	1	1	0	0	1	1	0	0	1	1	
2522	6	6	6	6	6	6	6	6	6	6	6	6	6	6	6	6	1	2	2	2	1	1	2	2	1	1	2	2	1	1	2	2	
2523	6	15	15	15	6	15	15	15	6	15	15	15	6	15	15	15	3	3	3	4	3	3	3	4	3	3	3	4	2	3	3	4	
2524	15	15	15	15	15	15	15	15	15	15	15	15	15	15	15	15	4	5	5	6	4	5	5	6	4	5	5	6	4	5	5	5	
2525	15	15	15	15	15	15	15	15	15	15	15	15	15	15	15	15	6	7	7	7	6	6	7	7	6	6	7	7	6	6	7	7	
2526	15	15	15	15	15	15	15	15	15	15	15	15	15	15	15	15	8	8	8	8	8	8	8	8	8	8	8	8	7	8	8	8	
2527	157	0	2	15	157	0	0	15	157	157	0	2	15	157	0	2	9	9	10	10	9	9	10	10	9	9	9	10	8	9	9	10	
2528	2	0	0	0	2	0	0	0	2	0	2	2	2	2	2	0	10	10	10	10	10	10	10	10	10	10	10	10	10	10	10	10	
2529	0	0	2	2	2	2	2	2	2	0	0	2	0	0	0	0	11	11	11	11	11	11	11	11	11	11	11	11	10	11	11	11	
2530	2	0	0	0	2	2	2	2	0	0	2	0	0	0	2	0	11	11	11	11	11	11	11	11	11	11	11	11	11	11	11	11	
2531	0	0	0	0	0	0	0	0	0	0	0	0	0	0	0	0	11	11	11	11	11	11	11	11	11	11	11	11	11	11	11	11	
2532	0	35	35	35	0	35	35	35	0	35	35	35	0	35	35	35	11	11	11	11	11	11	11	11	11	11	11	11	11	11	11	11	
2533	35	0	0	0	35	0	2	2	35	0	0	0	35	0	0	0	11	11	11	11	11	11	11	11	11	11	11	11	11	11	11	11	
2534	0	2	0	0	2	2	0	0	0	2	0	0	0	0	0	0	11	11	11	11	11	11	11	11	11	11	11	11	11	11	11	11	
2535	0	0	0	2	0	0	2	0	0	0	0	0	0	0	2	2	11	11	11	11	11	11	11	11	11	11	11	11	11	11	11	11	
2536	0	0	0	0	0	0	0	0	0	0	0	0	0	0	0	0	11	11	11	11	11	11	11	11	11	11	11	11	11	11	11	11	
2537	0	0	0	0	0	0	0	2	0	2	0	0	0	0	0	2	11	11	11	11	11	11	11	11	11	11	11	11	11	11	11	11	
2538	2	0	0	0	0	0	0	0	0	0	0	0	0	0	0	0	11	11	11	11	11	11	11	11	11	11	11	11	11	11	11	11	
2539	0	0	0	0	0	0	0	0	0	0	0	0	0	0	0	0	11	11	11	11	11	11	11	11	11	11	11	11	11	11	11	11	
2540	0	0	0	0	0	0	0	0	0	0	0	0	0	0	0	0	11	11	11	11	11	11	11	11	11	11	11	11	11	11	11	11	
2541	0	0	0	0	0	0	0	0	0	0	0	0	0	0	0	0	11	11	11	11	11	11	11	11	11	11	11	11	11	11	11	11	
2542	0	35	35	35	0	35	35	35	0	35	35	35	0	35	35	35	11	11	11	11	11	11	11	11	11	11	11	11	11	11	11	11	
2543	35	0	0	0	35	0	0	0	35	0	0	0	35	0	0	0	11	11	11	11	11	11	11	11	11	11	11	11	11	11	11	11	
2544	0	0	0	2	0	0	2	2	0	0	0	2	0	0	2	0	11	11	11	11	11	11	11	11	11	11	11	11	11	11	11	11	
2545	0	0	112	112	2	2	0	112	0	0	0	112	0	0	0	112	11	12	13	15	11	11	13	14	11	11	12	14	11	11	13	15	
2546	111	112	0	0	111	112	0	0	111	112	112	0	111	111	112	0	15	14	13	11	15	14	13	11	15	15	13	12	15	15	14	12	
2547	0	0	0	0	0	0	0	0	0	0	0	0	0	0	0	2	11	11	11	11	11	11	11	11	11	11	11	11	11	11	11	11	
2548	0	2	2	0	0	0	2	0	2	0	0	0	0	0	2	0	11	11	11	11	11	11	11	11	11	11	11	11	11	11	11	11	
2549	0	0	0	0	0	0	0	0	0	0	0	0	0	0	0	0	11	11	11	11	11	11	11	11	11	11	11	11	11	11	11	11	
2550	2	0	2	0	0	0	2	0	0	0	2	0	2	2	0	0	11	11	11	11	11	11	11	11	11	11	11	11	11	11	11	11	
2551	0	0	0	112	0	0	0	112	0	0	0	0	0	0	0	0	11	11	11	13	11	11	11	13	11	11	11	12	11	11	11	12	
2552	112	112	0	0	112	112	2	0	112	112	112	2	112	112	112	0	15	14	12	11	15	14	13	12	14	15	13	12	14	14	13	11	
2553	0	0	0	0	0	0	0	0	0	0	0	0	2	0	0	0	11	11	11	11	11	11	11	11	11	11	11	11	11	11	11	11	
2554	0	0	0	0	0	0	0	0	0	0	0	0	0	0	0	2	11	11	11	11	11	11	11	11	11	11	11	11	11	11	11	11	
2555	0	0	0	0	0	0	0	0	0	0	0	0	0	0	0	0	11	11	11	11	11	11	11	11	11	11	11	11	11	11	11	11	
2556	0	0	0	0	0	0	0	0	0	0	0	0	0	0	0	0	11	11	11	11	11	11	11	11	11	11	11	11	11	11	11	11	
2557	2	2	2	0	2	0	2	2	0	2	0	0	0	0	0	0	11	11	11	11	11	11	11	11	11	11	11	11	11	11	11	11	
2558	2	2	0	90	2	0	0	90	2	0	0	0	0	0	0	0	11	11	11	11	11	11	11	11	11	11	11	11	11	11	11	11	
2559	96	90	0	0	90	90	0	0	0	0	0	0	0	2	2	2	11	11	11	11	11	11	11	11	11	11	11	11	11	11	11	11	
2560	0	35	35	35	0	2	35	35	0	2	35	35	0	0	35	35	11	11	11	11	11	11	11	11	11	11	11	11	11	11	11	11	
2561	35	0	0	0	35	35	0	0	35	35	90	90	35	35	90	98	11	11	11	11	11	11	11	11	11	11	11	11	11	11	11	11	
2562	0	0	0	0	0	0	0	0	90	0	0	2	90	0	0	0	11	11	11	11	11	11	11	11	11	11	11	11	11	11	11	11	
2563	35	36	36	36	0	35	36	36	0	0	35	36	0	0	0	35	11	11	11	11	11	11	11	11	11	11	11	11	11	11	11	11	
2564	36	36	36	36	36	36	36	36	36	36	36	36	36	36	36	36	11	11	11	11	11	11	11	11	11	11	11	11	11	11	11	11	
2565	35	0	0	2	36	35	2	2	36	36	35	2	36	36	36	35	11	11	11	11	11	11	11	11	11	11	11	11	11	11	11	11	
2566	2	75	42	42	0	57	42	42	0	75	57	42	2	2	66	57	11	11	11	11	11	11	11	11	11	11	11	11	11	11	11	11	
2567	42	42	66	57	42	42	42	57	42	42	42	42	42	42	42	57	11	11	11	11	11	11	11	11	11	11	11	11	11	11	11	11	
2568	0	0	0	0	75	0	0	0	57	0	0	0	75	0	0	0	11	11	11	11	11	11	11	11	11	11	11	11	11	11	11	11	
2569	0	0	0	2	0	2	0	2	0	0	0	0	0	0	0	0	11	11	11	11	11	11	11	11	11	11	11	11	11	11	11	11	
2570	2	2	0	0	0	2	0	0	0	0	0	0	0	0	0	0	11	11	11	11	11	11	11	11	11	11	11	11	11	11	11	11	
2571	0	0	0	2	0	0	2	0	0	2	2	0	0	2	2	0	11	11	11	11	11	11	11	11	11	11	11	11	11	11	11	11	
2572	0	0	0	0	0	0	0	0	2	0	0	0	0	0	2	0	11	11	11	11	11	11	11	11	11	11	11	11	11	11	11	11	
2573	0	0	0	90	0	0	0	90	0	0	0	0	0	0	0	0	11	11	11	11	11	11	11	11	11	11	11	11	11	11	11	11	
2574	94	90	0	0	90	90	0	0	0	0	0	0	0	0	2	0	11	11	11	11	11	11	11	11	11	11	11	11	11	11	11	11	
2575	35	35	35	35	0	0	35	35	0	0	0	0	0	0	0	0	11	11	11	11	11	11	11	11	11	11	11	11	11	11	11	11	
2576	35	35	35	35	35	35	35	35	35	35	35	35	0	0	0	35	11	11	11	11	11	11	11	11	11	11	11	11	11	11	11	11	
2577	35	35	0	2	35	35	35	35	35	35	35	35	35	35	35	35	11	11	11	11	11	11	11	11	11	11	11	11	11	11	11	11	
2578	0	0	0	0	0	0	0	0	35	35	2	0	35	35	35	35	11	11	11	11	11	11	11	11	11	11	11	11	11	11	11	11	
2579	0	0	0	0	0	0	0	0	0	0	0	0	0	0	0	0	11	11	11	11	11	11	11	11	11	11	11	11	11	11	11	11	
2580	7	7	7	6	7	7	7	6	7	7	7	6	7	7	7	7	0	0	0	0	0	0	0	0	0	0	0	0	0	0	0	0	
2581	6	6	6	6	6	6	6	6	6	6	6	6	6	6	6	6	0	0	1	1	0	0	1	1	0	0	0	1	0	0	0	1	
2582	6	6	6	6	6	6	6	6	6	6	6	6	6	6	6	6	1	1	2	2	1	1	2	2	1	1	1	2	1	1	1	2	
2583	6	6	15	15	6	6	15	15	6	6	15	15	6	6	15	15	2	3	3	4	2	3	3	3	2	3	3	3	2	3	3	3	
2584	15	15	15	15	15	15	15	15	15	15	15	15	15	15	15	15	4	4	5	5	4	4	5	5	4	4	5	5	4	4	5	5	
2585	15	15	15	15	15	15	15	15	15	15	15	15	15	15	15	15	6	6	7	7	6	6	7	7	6	6	6	7	6	6	6	7	
2586	15	15	15	15	15	15	15	15	15	15	15	15	15	15	15	15	7	8	8	8	7	8	8	8	7	8	8	8	7	8	8	8	
2587	15	157	157	0	15	15	157	0	15	15	157	0	15	15	157	0	8	9	9	10	8	8	9	10	8	8	9	10	8	8	9	9	
2588	2	15	0	0	0	15	0	0	15	0	0	2	15	0	2	2	10	10	10	10	10	10	10	10	10	10	10	10	10	10	10	10	
2589	0	0	2	2	0	2	2	2	2	0	0	0	0	0	0	0	10	11	11	11	10	11	11	11	10	11	11	11	10	11	11	11	
2590	0	2	0	0	2	2	0	0	0	2	0	0	0	2	2	0	11	11	11	11	11	11	11	11	11	11	11	11	11	11	11	11	
2591	0	0	0	0	0	0	0	0	0	0	0	0	0	0	0	0	11	11	11	11	11	11	11	11	11	11	11	11	11	11	11	11	
2592	0	35	35	35	0	0	35	35	0	0	35	35	0	0	35	35	11	11	11	11	11	11	11	11	11	11	11	11	11	11	11	11	
2593	35	0	0	0	35	0	0	0	35	0	0	0	35	0	0	0	11	11	11	11	11	11	11	11	11	11	11	11	11	11	11	11	
2594	2	0	0	0	0	0	0	0	2	0	0	0	2	0	0	0	11	11	11	11	11	11	11	11	11	11	11	11	11	11	11	11	
2595	0	2	2	0	2	0	2	0	0	0	0	0	2	0	0	0	11	11	11	11	11	11	11	11	11	11	11	11	11	11	11	11	
2596	0	0	0	0	0	0	0	0	0	0	0	0	0	0	0	0	11	11	11	11	11	11	11	11	11	11	11	11	11	11	11	11	
2597	2	2	0	0	0	0	0	0	0	0	0	0	0	0	0	0	11	11	11	11	11	11	11	11	11	11	11	11	11	11	11	11	
2598	0	0	0	0	0	0	0	0	0	0	0	2	0	0	0	0	11	11	11	11	11	11	11	11	11	11	11	11	11	11	11	11	
2599	0	0	0	0	0	0	0	0	2	0	0	0	0	0	0	0	11	11	11	11	11	11	11	11	11	11	11	11	11	11	11	11	
2600	0	0	0	0	0	0	0	0	0	0	0	0	0	0	0	0	11	11	11	11	11	11	11	11	11	11	11	11	11	11	11	11	
2601	0	0	0	0	0	0	0	0	0	0	0	0	0	0	0	0	11	11	11	11	11	11	11	11	11	11	11	11	11	11	11	11	
2602	0	35	35	35	0	35	35	35	0	35	35	35	0	35	35	35	11	11	11	11	11	11	11	11	11	11	11	11	11	11	11	11	
2603	35	0	0	2	35	0	0	2	35	0	0	2	35	0	2	0	11	11	11	11	11	11	11	11	11	11	11	11	11	11	11	11	
2604	0	2	0	0	0	0	0	0	0	0	0	0	0	0	0	0	11	11	11	11	11	11	11	11	11	11	11	11	11	11	11	11	
2605	0	0	0	112	0	0	0	0	0	0	0	0	0	0	0	0	11	11	13	14	11	11	12	14	11	11	11	13	11	11	11	11	
2606	112	111	112	0	112	111	112	112	112	111	111	112	112	112	111	112	15	15	15	13	15	15	15	13	14	15	15	13	13	15	15	14	
2607	0	2	0	0	0	2	0	0	0	0	0	0	0	0	0	0	11	11	11	11	11	11	11	11	12	11	11	11	13	11	11	11	
2608	0	2	0	0	0	0	0	0	0	0	0	0	0	0	0	0	11	11	11	11	11	11	11	11	11	11	11	11	11	11	11	11	
2609	2	0	0	0	0	0	0	0	0	0	0	0	0	0	0	0	11	11	11	11	11	11	11	11	11	11	11	11	11	11	11	11	
2610	0	2	0	0	0	2	2	0	0	0	2	2	0	0	0	2	11	11	11	11	11	11	11	11	11	11	11	11	11	11	11	11	
2611	0	0	0	0	0	0	0	0	0	0	0	0	0	0	0	0	11	11	11	12	11	11	11	12	11	11	11	11	11	11	11	12	
2612	112	112	112	0	112	112	112	0	112	112	112	0	112	112	112	0	14	14	13	11	13	14	13	11	13	15	13	12	14	15	14	13	
2613	0	0	0	0	0	0	2	0	0	0	0	0	0	0	0	0	11	11	11	11	11	11	11	11	11	11	11	11	11	11	11	11	
2614	2	2	0	0	2	0	0	0	2	0	0	0	0	0	0	0	11	11	11	11	11	11	11	11	11	11	11	11	11	11	11	11	
2615	0	0	0	0	0	0	0	0	0	0	0	0	0	0	0	0	11	11	11	11	11	11	11	11	11	11	11	11	11	11	11	11	
2616	0	0	0	0	0	0	0	0	0	0	0	0	0	0	0	0	11	11	11	11	11	11	11	11	11	11	11	11	11	11	11	11	
2617	0	90	90	90	0	90	95	90	0	90	90	90	0	0	0	0	11	11	11	11	11	11	11	11	11	11	11	11	11	11	11	11	
2618	0	0	0	0	0	0	0	0	0	0	0	2	0	0	0	2	11	11	11	11	11	11	11	11	11	11	11	11	11	11	11	11	
2619	0	2	2	0	2	2	0	0	2	0	0	0	0	0	0	0	11	11	11	11	11	11	11	11	11	11	11	11	11	11	11	11	
2620	0	0	2	35	0	0	0	35	0	0	0	35	0	0	0	35	11	11	11	11	11	11	11	11	11	11	11	11	11	11	11	11	
2621	35	35	90	90	35	35	35	0	35	35	35	0	35	35	35	0	11	11	11	11	11	11	11	11	11	11	11	11	11	11	11	11	
2622	90	0	0	0	0	0	0	2	0	0	0	2	0	0	0	2	11	11	11	11	11	11	11	11	11	11	11	11	11	11	11	11	
2623	0	0	0	0	0	0	0	0	0	0	0	0	0	2	0	0	11	11	11	11	11	11	11	11	11	11	11	11	11	11	11	11	
2624	35	36	36	36	0	35	36	36	0	0	35	36	0	0	0	35	11	11	11	11	11	11	11	11	11	11	11	11	11	11	11	11	
2625	36	36	36	36	36	36	36	36	36	36	36	36	36	36	36	36	11	11	11	11	11	11	11	11	11	11	11	11	11	11	11	11	
2626	35	2	2	57	36	35	2	2	36	36	35	0	36	36	36	35	11	11	11	11	11	11	11	11	11	11	11	11	11	11	11	11	
2627	75	42	57	57	57	57	75	0	0	0	0	0	0	0	0	0	11	11	11	11	11	11	11	11	11	11	11	11	11	11	11	11	
2628	0	0	0	0	0	0	0	0	0	0	0	0	0	0	0	0	11	11	11	11	11	11	11	11	11	11	11	11	11	11	11	11	
2629	0	0	0	0	0	0	0	0	0	0	0	2	0	0	0	0	11	11	11	11	11	11	11	11	11	11	11	11	11	11	11	11	
2630	0	0	0	0	2	0	0	0	0	2	0	2	0	2	2	2	11	11	11	11	11	11	11	11	11	11	11	11	11	11	11	11	
2631	0	2	2	0	0	2	0	0	2	0	0	0	0	0	0	0	11	11	11	11	11	11	11	11	11	11	11	11	11	11	11	11	
2632	0	0	0	0	0	0	0	0	0	0	0	0	0	0	0	0	11	11	11	11	11	11	11	11	11	11	11	11	11	11	11	11	
2633	2	0	0	90	0	0	0	90	0	0	0	90	0	0	0	0	11	11	11	11	11	11	11	11	11	11	11	11	11	11	11	11	
2634	90	90	0	0	94	90	2	0	90	90	2	0	0	0	0	0	11	11	11	11	11	11	11	11	11	11	11	11	11	11	11	11	
2635	0	0	0	0	0	0	0	0	0	0	0	0	2	2	0	0	11	11	11	11	11	11	11	11	11	11	11	11	11	11	11	11	
2636	0	0	0	0	0	0	0	106	0	0	0	0	0	0	0	0	11	11	11	11	11	11	11	11	11	11	11	11	11	11	11	11	
2637	0	35	35	35	0	0	2	35	0	0	0	0	0	0	2	0	11	11	11	11	11	11	11	11	11	11	11	11	11	11	11	11	
2638	35	35	35	35	35	35	35	35	0	35	35	35	0	0	0	35	11	11	11	11	11	11	11	11	11	11	11	11	11	11	11	11	
2639	35	35	0	0	35	35	35	35	35	35	35	35	35	35	35	35	11	11	11	11	11	11	11	11	11	11	11	11	11	11	11	11	
2640	7	7	7	7	7	7	7	7	7	7	7	7	7	7	7	7	0	0	0	0	0	0	0	0	0	0	0	0	0	0	0	0	
2641	6	6	6	6	6	6	6	6	7	6	6	6	7	6	6	6	0	0	0	1	0	0	0	1	0	0	0	1	0	0	0	0	
2642	6	6	6	6	6	6	6	6	6	6	6	6	6	6	6	6	1	1	1	2	1	1	1	2	1	1	1	2	1	1	1	1	
2643	6	6	15	15	6	6	6	15	6	6	6	15	6	6	6	15	2	2	3	3	2	2	3	3	2	2	3	3	2	2	3	3	
2644	15	15	15	15	15	15	15	15	15	15	15	15	15	15	15	15	4	4	5	5	4	4	4	5	3	4	4	5	3	4	4	5	
2645	15	15	15	15	15	15	15	15	15	15	15	15	15	15	15	15	5	6	6	7	5	6	6	7	5	6	6	7	5	6	6	6	
2646	15	15	15	15	15	15	15	15	15	15	15	15	15	15	15	15	7	7	8	8	7	7	8	8	7	7	8	8	7	7	8	8	
2647	15	15	157	0	15	15	157	0	15	15	157	0	15	15	157	157	8	8	9	9	8	8	9	9	8	8	9	9	8	8	9	9	
2648	15	2	2	2	2	2	2	2	15	2	0	0	2	0	0	0	10	10	10	10	10	10	10	10	10	10	10	10	10	10	10	10	
2649	2	2	2	0	2	0	2	2	0	0	2	2	0	0	0	2	10	10	11	11	10	10	11	11	10	10	11	11	10	10	11	11	
2650	0	2	2	0	0	2	0	0	2	2	0	0	2	2	2	2	11	11	11	11	11	11	11	11	11	11	11	11	11	11	11	11	
2651	0	0	0	0	0	0	0	0	0	0	0	0	0	0	0	0	11	11	11	11	11	11	11	11	11	11	11	11	11	11	11	11	
2652	0	0	35	35	0	0	35	35	0	0	35	35	0	0	35	35	11	11	11	11	11	11	11	11	11	11	11	11	11	11	11	11	
2653	35	0	0	0	35	35	0	0	35	35	0	0	35	35	0	0	11	11	11	11	11	11	11	11	11	11	11	11	11	11	11	11	
2654	0	2	2	0	0	0	2	2	0	0	0	2	0	0	0	0	11	11	11	11	11	11	11	11	11	11	11	11	11	11	11	11	
2655	0	0	0	0	0	0	0	0	0	0	0	0	2	0	0	0	11	11	11	11	11	11	11	11	11	11	11	11	11	11	11	11	
2656	0	0	0	0	0	0	0	0	0	0	0	0	0	0	0	0	11	11	11	11	11	11	11	11	11	11	11	11	11	11	11	11	
2657	0	0	0	0	0	0	0	0	0	0	0	0	0	0	0	0	11	11	11	11	11	11	11	11	11	11	11	11	11	11	11	11	
2658	0	0	0	0	0	0	0	0	0	0	0	0	2	2	0	0	11	11	11	11	11	11	11	11	11	11	11	11	11	11	11	11	
2659	2	2	0	0	0	0	0	0	0	0	0	0	0	0	0	0	11	11	11	11	11	11	11	11	11	11	11	11	11	11	11	11	
2660	0	0	0	0	0	0	0	0	0	0	0	0	0	2	2	0	11	11	11	11	11	11	11	11	11	11	11	11	11	11	11	11	
2661	0	0	0	0	0	0	0	0	0	0	0	0	0	0	0	0	11	11	11	11	11	11	11	11	11	11	11	11	11	11	11	11	
2662	0	35	35	35	2	35	35	35	2	35	35	35	2	35	35	35	11	11	11	11	11	11	11	11	11	11	11	11	11	11	11	11	
2663	35	0	0	0	35	0	2	0	35	0	0	0	35	0	2	0	11	11	11	11	11	11	11	11	11	11	11	11	11	11	11	11	
2664	0	0	0	0	0	0	0	0	0	0	0	0	0	0	0	0	11	11	11	11	11	11	11	11	11	11	11	11	11	11	11	11	
2665	0	0	0	0	0	0	0	0	0	0	0	0	0	0	0	0	11	11	11	11	11	11	11	11	11	11	11	11	11	11	11	11	
2666	0	112	111	112	0	112	111	111	0	112	111	111	0	112	112	111	13	14	15	15	13	15	15	15	13	14	15	15	12	14	15	15	
2667	112	0	0	0	112	0	0	0	112	0	0	0	112	0	0	0	14	12	11	11	14	12	11	11	14	12	11	11	14	13	11	11	
2668	0	0	0	0	0	0	0	0	0	0	0	0	0	0	0	0	11	11	11	11	11	11	11	11	11	11	11	11	11	11	11	11	
2669	0	0	0	0	0	0	0	0	0	0	0	0	0	0	2	2	11	11	11	11	11	11	11	11	11	11	11	11	11	11	11	11	
2670	0	0	0	0	0	0	0	0	0	0	0	0	2	2	2	2	11	11	11	11	11	11	11	11	11	11	11	11	11	11	11	11	
2671	2	0	2	0	0	2	2	0	2	0	0	0	2	0	0	0	11	11	11	12	11	11	11	11	11	11	11	11	11	11	11	11	
2672	112	112	112	0	112	112	112	0	0	112	112	112	0	112	112	112	13	15	14	12	13	14	13	12	12	14	14	12	12	14	15	13	
2673	0	0	0	0	0	0	0	0	2	0	0	0	0	0	2	2	11	11	11	11	11	11	11	11	11	11	11	11	11	11	11	11	
2674	2	0	0	0	2	0	0	0	2	0	0	0	0	0	0	0	11	11	11	11	11	11	11	11	11	11	11	11	11	11	11	11	
2675	0	0	0	0	0	0	0	0	0	0	0	0	0	0	0	0	11	11	11	11	11	11	11	11	11	11	11	11	11	11	11	11	
2676	0	0	0	0	0	0	0	0	0	2	0	0	0	0	2	2	11	11	11	11	11	11	11	11	11	11	11	11	11	11	11	11	
2677	0	0	0	0	2	0	0	0	0	0	0	0	0	0	0	0	11	11	11	11	11	11	11	11	11	11	11	11	11	11	11	11	
2678	2	2	2	2	2	0	0	0	0	0	0	0	0	0	0	0	11	11	11	11	11	11	11	11	11	11	11	11	11	11	11	11	
2679	0	0	0	0	2	0	0	0	2	0	0	0	2	0	0	0	11	11	11	11	11	11	11	11	11	11	11	11	11	11	11	11	
2680	0	0	0	0	0	0	0	0	0	0	0	0	0	0	0	0	11	11	11	11	11	11	11	11	11	11	11	11	11	11	11	11	
2681	35	35	35	35	35	35	35	35	35	35	35	35	0	35	35	35	11	11	11	11	11	11	11	11	11	11	11	11	11	11	11	11	
2682	0	0	0	2	0	0	0	0	0	0	0	0	2	0	2	2	11	11	11	11	11	11	11	11	11	11	11	11	11	11	11	11	
2683	2	0	0	2	0	2	0	0	2	0	0	0	2	0	0	2	11	11	11	11	11	11	11	11	11	11	11	11	11	11	11	11	
2684	0	0	0	0	0	0	0	0	0	0	0	0	0	2	2	0	11	11	11	11	11	11	11	11	11	11	11	11	11	11	11	11	
2685	35	36	36	36	0	35	36	36	0	0	35	36	0	0	0	35	11	11	11	11	11	11	11	11	11	11	11	11	11	11	11	11	
2686	36	36	36	36	36	36	36	36	36	36	36	36	36	36	36	36	11	11	11	11	11	11	11	11	11	11	11	11	11	11	11	11	
2687	35	0	0	0	36	35	0	0	36	36	35	0	36	36	36	35	11	11	11	11	11	11	11	11	11	11	11	11	11	11	11	11	
2688	0	0	0	0	0	0	0	0	0	0	0	0	0	0	0	0	11	11	11	11	11	11	11	11	11	11	11	11	11	11	11	11	
2689	0	0	0	2	0	0	0	0	0	0	0	0	0	0	0	0	11	11	11	11	11	11	11	11	11	11	11	11	11	11	11	11	
2690	2	0	2	2	0	0	0	2	0	0	0	0	0	0	0	0	11	11	11	11	11	11	11	11	11	11	11	11	11	11	11	11	
2691	2	0	0	0	2	0	0	0	2	2	0	0	2	0	0	0	11	11	11	11	11	11	11	11	11	11	11	11	11	11	11	11	
2692	0	0	0	0	0	0	0	0	0	0	0	0	0	0	0	0	11	11	11	11	11	11	11	11	11	11	11	11	11	11	11	11	
2693	0	0	0	0	0	0	0	0	0	0	0	0	0	0	0	0	11	11	11	11	11	11	11	11	11	11	11	11	11	11	11	11	
2694	0	0	0	0	0	0	0	0	0	0	0	0	2	0	0	2	11	11	11	11	11	11	11	11	11	11	11	11	11	11	11	11	
2695	0	2	2	0	0	0	0	0	2	0	0	0	0	2	0	0	11	11	11	11	11	11	11	11	11	11	11	11	11	11	11	11	
2696	0	0	0	0	0	0	0	0	0	0	0	0	0	2	2	0	11	11	11	11	11	11	11	11	11	11	11	11	11	11	11	11	
2697	0	2	0	0	2	0	0	0	0	2	0	2	0	0	2	0	11	11	11	11	11	11	11	11	11	11	11	11	11	11	11	11	
2698	0	0	0	0	0	0	0	0	0	0	0	0	0	0	0	0	11	11	11	11	11	11	11	11	11	11	11	11	11	11	11	11	
2699	0	35	35	35	0	0	0	35	0	0	0	0	0	0	0	0	11	11	11	11	11	11	11	11	11	11	11	11	11	11	11	11	
2700	7	7	7	7	7	7	7	7	7	7	7	7	7	7	7	7	0	0	0	0	0	0	0	0	0	0	0	0	0	0	0	0	
2701	7	6	6	6	7	6	6	6	7	6	6	6	7	7	6	6	0	0	0	0	0	0	0	0	0	0	0	0	0	0	0	0	
2702	6	6	6	6	6	6	6	6	6	6	6	6	6	6	6	6	1	1	1	1	1	1	1	1	1	1	1	1	1	1	1	1	
2703	6	6	6	15	6	6	6	15	6	6	6	6	6	6	6	6	2	2	3	3	2	2	2	3	2	2	2	3	2	2	2	3	
2704	15	15	15	15	15	15	15	15	15	15	15	15	15	15	15	15	3	4	4	5	3	4	4	5	3	4	4	4	3	3	4	4	
2705	15	15	15	15	15	15	15	15	15	15	15	15	15	15	15	15	5	6	6	6	5	5	6	6	5	5	6	6	5	5	6	6	
2706	15	15	15	15	15	15	15	15	15	15	15	15	15	15	15	15	7	7	8	8	7	7	7	8	7	7	7	8	7	7	7	8	
2707	15	15	15	157	15	15	15	157	15	15	15	157	15	15	15	157	8	8	8	9	8	8	8	9	8	8	8	9	8	8	8	9	
2708	0	0	0	0	15	2	2	2	15	0	2	2	0	0	0	2	9	10	10	10	9	10	10	10	9	10	10	10	9	10	10	10	
2709	0	0	0	2	0	0	0	0	2	2	0	0	2	2	0	0	10	10	11	11	10	10	10	11	10	10	10	11	10	10	10	11	
2710	2	2	2	0	0	0	2	2	0	0	2	2	0	2	2	2	11	11	11	11	11	11	11	11	11	11	11	11	11	11	11	11	
2711	0	0	0	0	0	0	0	0	0	0	0	0	0	0	0	0	11	11	11	11	11	11	11	11	11	11	11	11	11	11	11	11	
2712	0	0	35	35	0	0	35	35	0	0	35	35	0	0	35	35	11	11	11	11	11	11	11	11	11	11	11	11	11	11	11	11	
2713	35	35	0	0	35	35	0	0	35	35	0	0	35	35	0	0	11	11	11	11	11	11	11	11	11	11	11	11	11	11	11	11	
2714	0	0	0	0	0	0	0	0	0	0	0	0	0	0	0	2	11	11	11	11	11	11	11	11	11	11	11	11	11	11	11	11	
2715	0	0	0	0	0	0	2	2	2	2	0	0	2	0	0	0	11	11	11	11	11	11	11	11	11	11	11	11	11	11	11	11	
2716	0	0	0	0	0	2	2	2	0	0	0	0	0	0	0	0	11	11	11	11	11	11	11	11	11	11	11	11	11	11	11	11	
2717	0	2	2	0	2	0	0	0	0	0	0	0	0	0	0	0	11	11	11	11	11	11	11	11	11	11	11	11	11	11	11	11	
2718	2	2	2	2	0	0	0	0	0	0	2	0	0	0	0	0	11	11	11	11	11	11	11	11	11	11	11	11	11	11	11	11	
2719	2	0	2	0	2	2	2	2	0	0	0	0	0	0	0	0	11	11	11	11	11	11	11	11	11	11	11	11	11	11	11	11	
2720	2	2	0	0	0	0	0	0	0	0	0	0	0	0	0	0	11	11	11	11	11	11	11	11	11	11	11	11	11	11	11	11	
2721	0	0	0	0	0	0	2	0	0	0	0	0	0	0	0	0	11	11	11	11	11	11	11	11	11	11	11	11	11	11	11	11	
2722	2	35	35	35	2	35	35	35	0	35	35	35	2	35	35	35	11	11	11	11	11	11	11	11	11	11	11	11	11	11	11	11	
2723	35	0	0	0	35	0	2	0	35	0	0	0	35	0	2	0	11	11	11	11	11	11	11	11	11	11	11	11	11	11	11	11	
2724	0	0	0	0	0	0	0	0	0	0	0	0	0	0	0	0	11	11	11	11	11	11	11	11	11	11	11	11	11	11	11	11	
2725	0	0	0	0	0	0	0	0	0	0	0	0	0	0	0	0	11	11	11	11	11	11	11	11	11	11	11	11	11	11	11	11	
2726	0	0	112	111	0	0	112	111	0	0	112	111	0	0	112	111	12	14	15	15	11	13	14	15	11	12	14	15	11	13	14	15	
2727	112	0	0	0	112	112	0	2	111	112	0	2	111	112	0	0	15	13	11	11	15	13	12	11	15	14	12	11	15	15	13	11	
2728	0	2	2	2	0	2	2	2	2	0	2	0	0	0	2	0	11	11	11	11	11	11	11	11	11	11	11	11	11	11	11	11	
2729	0	2	2	0	2	2	0	0	0	0	0	0	0	0	0	0	11	11	11	11	11	11	11	11	11	11	11	11	11	11	11	11	
2730	2	0	2	0	0	0	0	2	0	0	0	2	0	0	0	2	11	11	11	11	11	11	11	11	11	11	11	11	11	11	11	11	
2731	2	0	2	2	2	2	2	0	2	0	0	0	0	0	0	2	11	11	11	11	11	11	11	11	11	11	11	11	11	11	11	11	
2732	0	112	112	112	0	112	112	112	0	112	112	112	0	112	112	112	12	14	15	14	12	14	15	14	12	13	15	13	11	13	15	13	
2733	0	0	0	0	0	0	0	0	0	0	2	0	0	0	0	0	12	11	11	11	12	11	11	11	12	11	11	11	12	11	11	11	
2734	2	0	0	0	2	0	0	0	0	2	0	0	0	2	0	0	11	11	11	11	11	11	11	11	11	11	11	11	11	11	11	11	
2735	0	0	0	0	0	0	0	0	0	0	0	0	0	2	2	2	11	11	11	11	11	11	11	11	11	11	11	11	11	11	11	11	
2736	0	0	0	0	0	0	0	2	0	0	0	0	0	0	0	0	11	11	11	11	11	11	11	11	11	11	11	11	11	11	11	11	
2737	0	0	0	0	0	0	0	0	2	0	0	0	0	2	2	0	11	11	11	11	11	11	11	11	11	11	11	11	11	11	11	11	
2738	0	0	0	0	0	0	0	0	0	0	0	0	0	0	0	0	11	11	11	11	11	11	11	11	11	11	11	11	11	11	11	11	
2739	0	0	0	0	2	0	2	2	2	2	2	0	2	2	0	0	11	11	11	11	11	11	11	11	11	11	11	11	11	11	11	11	
2740	0	0	0	0	2	2	2	2	0	2	0	2	0	0	0	0	11	11	11	11	11	11	11	11	11	11	11	11	11	11	11	11	
2741	0	35	35	35	2	35	35	35	0	35	35	35	0	0	35	35	11	11	11	11	11	11	11	11	11	11	11	11	11	11	11	11	
2742	35	0	0	0	35	0	0	0	35	0	0	0	35	0	0	0	11	11	11	11	11	11	11	11	11	11	11	11	11	11	11	11	
2743	0	2	2	0	2	2	0	0	2	2	2	2	0	0	0	2	11	11	11	11	11	11	11	11	11	11	11	11	11	11	11	11	
2744	2	2	0	0	0	0	0	0	2	0	0	0	2	0	0	0	11	11	11	11	11	11	11	11	11	11	11	11	11	11	11	11	
2745	0	0	0	0	0	0	0	0	0	0	0	0	0	2	0	0	11	11	11	11	11	11	11	11	11	11	11	11	11	11	11	11	
2746	35	36	36	36	0	35	36	36	0	0	35	36	0	0	0	35	11	11	11	11	11	11	11	11	11	11	11	11	11	11	11	11	
2747	36	36	36	36	36	36	36	36	36	36	36	36	36	36	36	36	11	11	11	11	11	11	11	11	11	11	11	11	11	11	11	11	
2748	35	0	0	0	36	35	0	0	36	36	35	0	36	36	35	0	11	11	11	11	11	11	11	11	11	11	11	11	11	11	11	11	
2749	0	0	0	0	0	0	0	0	0	0	0	0	0	0	0	0	11	11	11	11	11	11	11	11	11	11	11	11	11	11	11	11	
2750	0	0	0	0	0	0	0	0	0	0	0	0	0	0	0	0	11	11	11	11	11	11	11	11	11	11	11	11	11	11	11	11	
2751	0	2	0	0	0	0	2	0	2	2	2	2	2	0	2	2	11	11	11	11	11	11	11	11	11	11	11	11	11	11	11	11	
2752	0	0	0	0	2	2	2	0	0	0	0	0	0	0	0	0	11	11	11	11	11	11	11	11	11	11	11	11	11	11	11	11	
2753	2	0	2	2	2	0	2	2	0	0	0	0	0	0	0	0	11	11	11	11	11	11	11	11	11	11	11	11	11	11	11	11	
2754	2	0	0	0	2	2	0	0	0	0	2	2	0	0	2	0	11	11	11	11	11	11	11	11	11	11	11	11	11	11	11	11	
2755	0	2	2	2	0	2	0	0	0	2	0	0	0	0	0	0	11	11	11	11	11	11	11	11	11	11	11	11	11	11	11	11	
2756	0	0	0	0	0	0	0	0	0	0	0	0	0	0	0	0	11	11	11	11	11	11	11	11	11	11	11	11	11	11	11	11	
2757	0	0	0	2	0	0	0	0	0	0	0	2	0	0	0	0	11	11	11	11	11	11	11	11	11	11	11	11	11	11	11	11	
2758	0	0	0	0	2	0	0	0	2	0	0	0	0	2	0	112	11	11	11	11	11	11	11	12	11	11	11	13	11	11	12	14	
2759	0	0	0	0	0	0	0	0	112	112	112	0	112	112	112	0	11	11	11	11	12	12	11	11	14	14	13	12	15	15	13	12	
2760	7	7	7	7	7	7	7	7	7	7	7	7	7	7	7	7	0	0	0	0	0	0	0	0	0	0	0	0	0	0	0	0	
2761	7	7	6	6	7	7	6	6	7	7	6	6	7	7	6	6	0	0	0	0	0	0	0	0	0	0	0	0	0	0	0	0	
2762	6	6	6	6	6	6	6	6	6	6	6	6	6	6	6	6	0	1	1	1	0	1	1	1	0	1	1	1	0	1	1	1	
2763	6	6	6	6	6	6	6	6	6	6	6	6	6	6	6	6	1	2	2	3	1	2	2	3	1	2	2	2	1	2	2	2	
2764	15	15	15	15	15	15	15	15	15	15	15	15	15	15	15	15	3	3	4	4	3	3	4	4	3	3	4	4	3	3	4	4	
2765	15	15	15	15	15	15	15	15	15	15	15	15	15	15	15	15	5	5	6	6	5	5	6	6	4	5	5	6	4	5	5	6	
2766	15	15	15	15	15	15	15	15	15	15	15	15	15	15	15	15	6	7	7	8	6	7	7	8	6	7	7	7	6	7	7	7	
2767	15	15	15	157	15	15	15	157	15	15	15	157	15	15	15	157	8	8	8	9	8	8	8	9	8	8	8	9	8	8	8	9	
2768	0	0	2	15	15	15	2	0	0	15	2	0	0	2	2	0	9	9	10	10	9	9	10	10	9	9	10	10	9	9	10	10	
2769	2	2	2	2	0	2	2	2	0	0	2	2	0	0	2	2	10	10	10	11	10	10	10	11	10	10	10	10	10	10	10	10	
2770	2	0	0	2	0	2	2	2	2	0	2	0	2	2	2	0	11	11	11	11	11	11	11	11	11	11	11	11	11	11	11	11	
2771	0	0	0	0	0	0	0	0	0	0	0	0	0	0	0	0	11	11	11	11	11	11	11	11	11	11	11	11	11	11	11	11	
2772	0	0	35	35	0	0	35	35	0	0	35	35	0	0	35	35	11	11	11	11	11	11	11	11	11	11	11	11	11	11	11	11	
2773	35	35	0	2	35	35	2	0	35	35	0	0	35	35	0	0	11	11	11	11	11	11	11	11	11	11	11	11	11	11	11	11	
2774	0	0	2	0	0	2	0	0	0	2	2	2	2	0	0	0	11	11	11	11	11	11	11	11	11	11	11	11	11	11	11	11	
2775	0	0	0	0	0	0	0	0	0	0	0	0	0	0	0	0	11	11	11	11	11	11	11	11	11	11	11	11	11	11	11	11	
2776	0	0	0	0	0	0	0	0	0	0	0	0	0	0	0	0	11	11	11	11	11	11	11	11	11	11	11	11	11	11	11	11	
2777	0	0	0	0	0	0	0	2	0	0	0	2	0	0	0	0	11	11	11	11	11	11	11	11	11	11	11	11	11	11	11	11	
2778	0	2	0	0	2	0	0	0	0	0	0	0	0	0	0	0	11	11	11	11	11	11	11	11	11	11	11	11	11	11	11	11	
2779	0	0	0	0	0	0	0	0	0	0	0	0	0	0	0	0	11	11	11	11	11	11	11	11	11	11	11	11	11	11	11	11	
2780	0	0	0	0	0	2	0	2	0	0	2	0	0	0	0	0	11	11	11	11	11	11	11	11	11	11	11	11	11	11	11	11	
2781	0	0	0	0	0	0	0	0	2	2	2	2	0	0	0	2	11	11	11	11	11	11	11	11	11	11	11	11	11	11	11	11	
2782	0	35	35	35	0	35	35	35	2	35	35	35	2	35	35	35	11	11	11	11	11	11	11	11	11	11	11	11	11	11	11	11	
2783	35	2	2	0	35	0	0	2	35	0	0	2	35	0	0	2	11	11	11	11	11	11	11	11	11	11	11	11	11	11	11	11	
2784	0	0	0	0	0	0	0	0	0	0	0	2	0	0	0	0	11	11	11	11	11	11	11	11	11	11	11	11	11	11	11	11	
2785	2	0	0	0	0	2	2	2	0	0	0	2	0	0	0	0	11	11	11	11	11	11	11	11	11	11	11	11	11	11	11	11	
2786	0	0	112	111	2	0	112	111	0	0	112	112	0	0	0	112	11	12	14	15	11	12	14	15	11	12	14	15	11	12	13	15	
2787	111	112	0	0	111	112	0	0	111	112	112	0	111	111	112	0	15	15	13	11	15	14	13	11	15	15	13	12	15	15	14	12	
2788	0	0	0	0	0	0	0	0	0	0	0	0	2	0	0	0	11	11	11	11	11	11	11	11	11	11	11	11	11	11	11	11	
2789	2	2	2	0	0	0	2	2	0	0	2	0	0	2	0	0	11	11	11	11	11	11	11	11	11	11	11	11	11	11	11	11	
2790	0	2	2	0	2	2	0	0	2	0	0	0	2	0	0	0	11	11	11	11	11	11	11	11	11	11	11	11	11	11	11	11	
2791	0	0	0	0	0	0	0	0	0	0	0	0	0	0	0	0	11	11	11	11	11	11	11	11	11	11	11	11	11	11	11	11	
2792	2	112	112	112	2	0	112	112	0	0	112	112	2	0	112	112	11	13	15	14	11	13	15	14	11	13	15	14	11	13	15	14	
2793	0	0	2	0	112	0	0	0	112	0	2	0	112	0	0	0	12	11	11	11	12	11	11	11	12	11	11	11	13	11	11	11	
2794	0	0	2	2	0	0	0	0	0	0	0	0	0	0	0	0	11	11	11	11	11	11	11	11	11	11	11	11	11	11	11	11	
2795	2	0	0	0	0	0	0	0	0	0	0	0	0	0	0	0	11	11	11	11	11	11	11	11	11	11	11	11	11	11	11	11	
2796	0	0	0	0	0	0	0	2	0	0	0	0	0	0	0	0	11	11	11	11	11	11	11	11	11	11	11	11	11	11	11	11	
2797	2	2	0	2	0	2	2	2	0	2	2	2	0	0	0	0	11	11	11	11	11	11	11	11	11	11	11	11	11	11	11	11	
2798	2	2	2	0	2	2	2	2	2	2	0	2	0	0	0	0	11	11	11	11	11	11	11	11	11	11	11	11	11	11	11	11	
2799	2	0	0	0	2	0	0	0	0	0	0	0	0	0	0	0	11	11	11	11	11	11	11	11	11	11	11	11	11	11	11	11	
2800	0	0	0	0	0	0	0	0	0	0	0	0	0	0	0	0	11	11	11	11	11	11	11	11	11	11	11	11	11	11	11	11	
2801	0	0	35	35	0	0	35	35	0	0	35	35	0	0	0	35	11	11	11	11	11	11	11	11	11	11	11	11	11	11	11	11	
2802	35	35	0	0	35	35	0	0	35	35	0	0	35	35	0	0	11	11	11	11	11	11	11	11	11	11	11	11	11	11	11	11	
2803	0	0	0	0	0	0	0	0	0	0	0	0	0	0	0	0	11	11	11	11	11	11	11	11	11	11	11	11	11	11	11	11	
2804	2	2	90	90	0	2	90	98	0	2	90	90	0	0	0	0	11	11	11	11	11	11	11	11	11	11	11	11	11	11	11	11	
2805	90	2	0	0	90	2	0	0	90	2	0	0	2	0	0	2	11	11	11	11	11	11	11	11	11	11	11	11	11	11	11	11	
2806	90	90	90	0	90	95	90	0	90	90	90	0	0	0	0	0	11	11	11	11	11	11	11	11	11	11	11	11	11	11	11	11	
2807	35	36	36	36	0	35	36	36	0	0	35	36	0	0	35	36	11	11	11	11	11	11	11	11	11	11	11	11	11	11	11	11	
2808	36	36	36	35	36	36	36	36	36	36	36	36	36	36	36	36	11	11	11	11	11	11	11	11	11	11	11	11	11	11	11	11	
2809	0	0	0	0	35	0	0	0	35	0	0	0	36	35	0	0	11	11	11	11	11	11	11	11	11	11	11	11	11	11	11	11	
2810	0	0	2	0	2	0	2	2	0	2	0	0	2	2	0	0	11	11	11	11	11	11	11	11	11	11	11	11	11	11	11	11	
2811	2	0	0	0	0	0	0	0	0	0	0	0	0	0	0	0	11	11	11	11	11	11	11	11	11	11	11	11	11	11	11	11	
2812	0	0	0	0	0	0	0	0	0	0	0	0	0	0	0	0	11	11	11	11	11	11	11	11	11	11	11	11	11	11	11	11	
2813	0	0	0	0	0	0	2	0	0	0	0	0	0	0	0	0	11	11	11	11	11	11	11	11	11	11	11	11	11	11	11	11	
2814	0	0	0	0	0	0	0	0	0	0	0	0	0	0	0	0	11	11	11	11	11	11	11	11	11	11	11	11	11	11	11	11	
2815	0	0	0	2	0	2	0	0	0	0	0	0	0	0	0	0	11	11	11	11	11	11	11	11	11	11	11	11	11	11	11	11	
2816	2	0	2	0	0	0	0	0	0	2	2	0	0	0	0	0	11	11	11	11	11	11	11	11	11	11	11	11	11	11	11	11	
2817	0	0	0	0	2	0	0	0	0	2	2	0	0	0	2	112	11	11	11	11	11	11	11	11	11	11	11	12	11	11	12	13	
2818	0	0	112	112	0	112	112	112	112	112	112	112	112	112	112	0	11	13	13	15	12	14	15	15	13	15	15	14	14	15	14	13	
2819	112	112	112	0	112	112	0	0	112	0	0	0	0	0	0	0	15	14	12	11	14	13	11	11	13	11	11	11	12	11	11	11	
2820	7	7	7	7	7	7	7	7	7	7	7	7	7	7	7	7	0	0	0	0	0	0	0	0	0	0	0	0	0	0	0	0	
2821	7	7	6	6	7	7	6	6	7	7	6	6	7	7	6	6	0	0	0	0	0	0	0	0	0	0	0	0	0	0	0	0	
2822	6	6	6	6	6	6	6	6	6	6	6	6	6	6	6	6	0	0	1	1	0	0	1	1	0	0	1	1	0	0	1	1	
2823	6	6	6	6	6	6	6	6	6	6	6	6	6	6	6	6	1	2	2	2	1	1	2	2	1	1	2	2	1	1	2	2	
2824	15	15	15	15	15	15	15	15	6	15	15	15	6	15	15	15	3	3	3	4	3	3	3	4	2	3	3	4	2	3	3	4	
2825	15	15	15	15	15	15	15	15	15	15	15	15	15	15	15	15	4	5	5	6	4	5	5	6	4	5	5	5	4	4	5	5	
2826	15	15	15	15	15	15	15	15	15	15	15	15	15	15	15	15	6	7	7	7	6	6	7	7	6	6	7	7	6	6	7	7	
2827	15	15	15	157	15	15	15	15	15	15	15	15	15	15	15	15	8	8	8	9	8	8	8	8	7	8	8	8	7	8	8	8	
2828	157	2	2	0	157	0	15	2	157	0	0	2	157	15	2	2	9	9	10	10	9	9	9	10	9	9	9	10	9	9	9	10	
2829	0	0	2	0	0	0	2	2	2	2	2	2	0	0	0	2	10	10	10	10	10	10	10	10	10	10	10	10	10	10	10	10	
2830	2	2	0	0	0	2	0	0	0	2	0	0	2	2	0	0	11	11	11	11	11	11	11	11	10	11	11	11	10	11	11	11	
2831	0	0	0	0	0	0	0	0	0	0	0	0	0	0	0	0	11	11	11	11	11	11	11	11	11	11	11	11	11	11	11	11	
2832	0	0	35	35	0	0	0	35	0	0	0	35	0	0	2	35	11	11	11	11	11	11	11	11	11	11	11	11	11	11	11	11	
2833	35	35	0	0	35	35	0	0	35	35	0	0	35	35	0	0	11	11	11	11	11	11	11	11	11	11	11	11	11	11	11	11	
2834	0	0	2	0	0	0	0	0	0	2	0	0	0	0	0	0	11	11	11	11	11	11	11	11	11	11	11	11	11	11	11	11	
2835	0	0	0	0	0	0	0	0	0	0	0	0	0	0	0	0	11	11	11	11	11	11	11	11	11	11	11	11	11	11	11	11	
2836	0	0	0	0	0	0	0	0	0	0	0	0	0	0	0	0	11	11	11	11	11	11	11	11	11	11	11	11	11	11	11	11	
2837	0	0	0	0	0	0	0	0	0	2	0	0	0	0	2	0	11	11	11	11	11	11	11	11	11	11	11	11	11	11	11	11	
2838	0	0	0	0	0	0	0	0	0	0	0	0	0	0	0	2	11	11	11	11	11	11	11	11	11	11	11	11	11	11	11	11	
2839	0	0	0	0	0	0	0	0	0	2	0	0	0	0	0	0	11	11	11	11	11	11	11	11	11	11	11	11	11	11	11	11	
2840	0	0	0	0	0	0	0	0	0	0	0	0	2	2	2	0	11	11	11	11	11	11	11	11	11	11	11	11	11	11	11	11	
2841	0	0	0	0	0	0	0	0	0	0	0	0	0	0	0	0	11	11	11	11	11	11	11	11	11	11	11	11	11	11	11	11	
2842	2	35	35	35	2	35	35	35	2	35	35	35	2	35	35	35	11	11	11	11	11	11	11	11	11	11	11	11	11	11	11	11	
2843	35	0	0	0	35	0	0	0	35	0	58	76	35	0	76	49	11	11	11	11	11	11	11	11	11	11	11	11	11	11	11	11	
2844	2	0	0	0	2	0	0	0	58	58	76	58	49	49	49	76	11	11	11	11	11	11	11	11	11	11	11	11	11	11	11	11	
2845	0	0	0	0	0	0	0	0	0	0	0	0	0	0	0	0	11	11	11	11	11	11	11	11	11	11	11	11	11	11	11	11	
2846	0	0	0	112	0	0	0	112	0	0	112	112	0	0	112	111	11	11	13	14	11	11	13	14	11	12	13	15	11	12	14	15	
2847	111	112	112	0	111	112	0	0	111	112	0	0	111	112	0	0	15	15	14	13	15	15	13	12	15	14	13	11	15	14	12	11	
2848	0	2	0	0	0	2	0	0	0	0	2	0	0	0	2	2	11	11	11	11	11	11	11	11	11	11	11	11	11	11	11	11	
2849	0	0	0	0	0	0	0	0	0	2	2	0	0	2	2	2	11	11	11	11	11	11	11	11	11	11	11	11	11	11	11	11	
2850	0	0	0	0	2	0	0	0	2	0	0	0	2	0	2	2	11	11	11	11	11	11	11	11	11	11	11	11	11	11	11	11	
2851	0	0	0	2	0	0	0	0	2	0	0	0	2	0	0	0	11	11	11	11	11	11	11	11	11	11	11	11	11	11	11	11	
2852	0	0	112	112	0	0	112	112	0	0	112	112	0	0	112	112	11	12	14	14	11	12	14	15	11	12	14	15	11	12	13	14	
2853	112	0	0	0	112	0	0	0	112	112	112	112	112	112	112	112	13	11	11	11	13	13	13	12	15	14	14	14	15	15	15	14	
2854	0	0	0	0	0	0	0	0	112	112	112	112	112	112	112	112	11	11	11	11	12	12	12	13	14	14	14	15	14	15	14	14	
2855	0	0	0	0	0	0	0	0	112	112	112	112	112	112	112	112	11	11	11	11	13	13	13	12	15	14	14	14	15	15	15	15	
2856	0	0	0	0	0	0	0	0	112	112	0	0	112	112	0	0	11	11	11	11	12	11	11	11	14	13	12	11	15	14	12	11	
2857	0	0	0	0	0	0	0	0	0	0	0	0	0	0	0	0	11	11	11	11	11	11	11	11	11	11	11	11	11	11	11	11	
2858	0	0	0	0	0	0	0	0	0	0	0	0	0	0	0	0	11	11	11	11	11	11	11	11	11	11	11	11	11	11	11	11	
2859	0	0	0	0	0	0	0	0	0	0	0	0	0	0	0	0	11	11	11	11	11	11	11	11	11	11	11	11	11	11	11	11	
2860	0	0	0	0	0	0	0	0	0	0	0	0	0	0	0	0	11	11	11	11	11	11	11	11	11	11	11	11	11	11	11	11	
2861	0	0	0	35	0	0	0	35	0	0	0	35	0	2	0	0	11	11	11	11	11	11	11	11	11	11	11	11	11	11	11	11	
2862	35	35	35	0	35	35	35	0	35	35	35	0	35	35	35	0	11	11	11	11	11	11	11	11	11	11	11	11	11	11	11	11	
2863	0	0	0	2	0	0	0	2	0	0	0	0	0	0	0	2	11	11	11	11	11	11	11	11	11	11	11	11	11	11	11	11	
2864	0	0	0	0	0	0	0	0	0	0	0	0	0	0	0	0	11	11	11	11	11	11	11	11	11	11	11	11	11	11	11	11	
2865	0	2	0	0	0	0	0	0	0	0	0	0	0	0	0	0	11	11	11	11	11	11	11	11	11	11	11	11	11	11	11	11	
2866	2	0	0	0	0	0	0	0	0	0	0	0	0	0	0	0	11	11	11	11	11	11	11	11	11	11	11	11	11	11	11	11	
2867	0	0	0	35	0	0	2	35	0	0	0	0	0	0	0	0	11	11	11	11	11	11	11	11	11	11	11	11	11	11	11	11	
2868	36	36	36	36	36	36	36	36	35	36	36	36	0	35	36	36	11	11	11	11	11	11	11	11	11	11	11	11	11	11	11	11	
2869	36	36	35	0	36	36	35	0	36	36	36	35	36	36	36	35	11	11	11	11	11	11	11	11	11	11	11	11	11	11	11	11	
2870	0	0	0	0	0	0	0	0	0	0	0	0	0	0	0	0	11	11	11	11	11	11	11	11	11	11	11	11	11	11	11	11	
2871	0	0	0	0	0	0	0	0	0	0	0	0	0	0	0	0	11	11	11	11	11	11	11	11	11	11	11	11	11	11	12	12	
2872	0	0	0	0	0	0	0	0	0	0	0	0	0	0	0	0	11	11	11	11	11	11	11	11	11	11	11	11	12	12	12	13	
2873	0	0	0	0	0	0	0	0	0	0	0	0	0	0	112	112	11	11	11	11	11	11	11	11	11	11	12	12	13	13	14	14	
2874	0	0	0	0	0	0	0	0	0	0	0	0	112	112	112	112	11	11	11	11	11	11	11	11	12	12	12	13	14	14	14	15	
2875	0	0	0	0	0	0	0	0	112	112	112	112	112	112	112	112	11	11	11	11	11	11	12	13	13	13	13	14	15	15	15	15	
2876	0	0	0	0	0	112	112	112	112	112	112	112	112	112	112	112	11	12	12	12	12	13	14	14	14	14	15	15	15	14	14	14	
2877	0	0	112	112	112	112	112	112	112	112	112	0	112	0	0	0	13	13	14	15	15	15	14	14	15	15	13	12	14	14	12	11	
2878	112	112	0	0	112	0	0	0	0	0	0	0	0	0	0	0	14	14	13	12	13	12	11	11	11	11	11	11	11	11	11	11	
2879	0	0	0	0	0	0	0	0	0	0	0	0	0	0	0	0	11	11	11	11	11	11	11	11	11	11	11	11	11	11	11	11	
2880	7	7	7	7	7	7	7	7	7	7	7	7	7	7	7	7	0	0	0	0	0	0	0	0	0	0	0	0	0	0	0	0	
2881	7	7	6	6	7	7	6	6	7	6	6	6	7	6	6	6	0	0	0	0	0	0	0	0	0	0	0	0	0	0	0	0	
2882	6	6	6	6	6	6	6	6	6	6	6	6	6	6	6	6	0	0	1	1	0	0	0	1	0	0	0	1	0	0	0	1	
2883	6	6	6	6	6	6	6	6	6	6	6	6	6	6	6	6	1	1	2	2	1	1	1	2	1	1	1	2	1	1	1	2	
2884	6	15	15	15	6	15	15	15	6	15	15	15	6	15	15	15	2	3	3	3	2	3	3	3	2	3	3	3	2	2	3	3	
2885	15	15	15	15	15	15	15	15	15	15	15	15	15	15	15	15	4	4	5	5	4	4	5	5	4	4	5	5	4	4	4	5	
2886	15	15	15	15	15	15	15	15	15	15	15	15	15	15	15	15	6	6	7	7	6	6	6	7	6	6	6	7	5	6	6	7	
2887	15	15	15	15	15	15	15	15	15	15	15	15	15	15	15	15	7	8	8	8	7	8	8	8	7	8	8	8	7	7	8	8	
2888	157	15	2	0	157	15	2	0	157	0	15	0	157	0	15	0	9	9	9	10	9	9	9	10	9	9	9	9	9	9	9	9	
2889	0	0	0	2	0	0	0	2	0	0	2	2	0	2	2	2	10	10	10	10	10	10	10	10	10	10	10	10	10	10	10	10	
2890	2	2	2	0	0	2	0	2	2	0	0	0	2	2	2	2	10	11	11	11	10	11	11	11	10	11	11	11	10	10	11	11	
2891	0	0	0	0	0	0	0	0	0	0	2	0	2	2	2	0	11	11	11	11	11	11	11	11	11	11	11	11	11	11	11	11	
2892	0	0	2	35	0	0	0	35	0	0	0	35	0	0	2	35	11	11	11	11	11	11	11	11	11	11	11	11	11	11	11	11	
2893	35	35	0	0	35	35	0	0	35	35	0	0	35	35	0	0	11	11	11	11	11	11	11	11	11	11	11	11	11	11	11	11	
2894	0	2	0	0	0	0	0	0	0	2	0	0	0	0	0	0	11	11	11	11	11	11	11	11	11	11	11	11	12	12	11	11	
2895	0	0	0	0	0	0	0	0	0	0	0	0	0	0	0	0	11	11	11	11	11	11	11	11	11	11	11	11	11	11	11	11	
2896	0	0	0	2	0	0	0	0	0	0	0	0	0	0	0	0	11	11	11	11	11	11	11	11	11	11	11	11	11	11	12	11	
2897	2	2	2	0	0	0	0	2	0	0	0	2	0	0	0	0	11	11	11	11	11	11	11	11	11	11	11	11	11	11	12	11	
2898	0	0	0	2	0	0	0	0	2	0	0	0	2	2	0	0	11	11	11	11	11	11	11	11	11	11	11	11	11	11	11	11	
2899	0	0	0	0	0	0	0	0	2	0	0	0	2	0	0	0	11	11	11	11	11	11	11	11	11	11	11	11	11	11	11	11	
2900	2	0	0	0	0	0	0	0	0	0	0	0	0	0	0	0	11	11	11	11	11	11	11	11	11	11	11	11	11	11	11	11	
2901	0	0	0	0	0	0	0	0	0	0	0	0	0	0	0	0	11	11	11	11	11	11	11	11	11	11	11	11	11	11	11	11	
2902	2	35	35	35	0	35	35	35	0	35	35	35	0	35	35	35	11	11	11	11	11	11	11	11	11	11	11	11	11	11	11	11	
2903	35	0	58	49	35	2	67	49	35	2	58	49	35	0	58	49	11	11	11	11	11	11	11	11	11	11	11	11	11	11	11	11	
2904	49	49	49	58	49	49	49	67	49	49	49	58	49	49	49	58	11	11	11	11	11	11	11	11	11	11	11	11	11	11	11	11	
2905	0	0	0	0	2	2	0	0	0	0	0	0	0	0	0	0	11	11	11	11	11	11	11	11	11	11	11	11	11	11	11	11	
2906	0	0	112	111	0	0	112	111	0	0	112	111	0	0	112	111	11	13	14	15	11	13	14	15	11	12	14	15	11	12	13	15	
2907	111	112	0	0	111	112	0	0	111	112	0	0	111	112	0	0	15	15	13	11	15	15	13	11	15	14	13	11	15	14	13	11	
2908	0	0	0	2	0	0	2	2	0	0	0	0	0	2	2	0	11	11	11	11	11	11	11	11	11	11	11	11	11	11	11	11	
2909	2	2	0	2	0	0	0	0	0	0	2	2	0	0	0	0	11	11	11	11	11	11	11	11	11	11	11	11	11	11	11	11	
2910	2	0	0	0	2	2	0	0	0	2	2	2	0	2	2	0	11	11	11	11	11	11	11	11	11	11	11	11	11	11	11	11	
2911	0	0	0	0	0	0	2	2	0	2	2	0	2	2	0	2	11	11	11	11	11	11	11	11	11	11	11	11	11	11	11	11	
2912	0	0	0	112	2	2	2	2	0	0	0	2	0	0	0	0	11	11	12	13	11	11	11	11	11	11	11	11	11	11	11	11	
2913	112	112	112	112	0	0	0	0	0	0	0	0	0	0	0	0	13	13	13	13	11	11	11	11	11	11	11	11	11	11	11	11	
2914	112	112	112	112	0	0	0	0	0	0	0	0	0	0	0	2	12	13	13	13	11	11	11	11	11	11	11	11	11	11	11	11	
2915	112	112	112	112	0	0	0	112	0	0	0	112	2	0	0	0	13	13	13	14	11	11	12	13	11	11	11	13	11	11	11	12	
2916	112	112	0	0	112	112	112	0	112	112	112	0	112	112	112	0	15	14	12	11	15	14	12	11	14	14	12	11	14	14	12	11	
2917	0	0	0	0	0	0	0	0	0	0	0	0	0	0	0	0	11	11	11	11	11	11	11	11	11	11	11	11	11	11	11	11	
2918	0	0	0	0	0	0	0	0	0	0	0	0	0	0	0	0	11	11	11	11	11	11	11	11	11	11	11	11	11	11	11	11	
2919	0	0	0	0	0	0	0	0	0	0	0	0	0	0	0	0	11	11	11	11	11	11	11	11	11	11	11	11	11	11	11	11	
2920	0	0	0	0	0	0	2	2	0	2	2	0	2	0	0	0	11	11	11	11	11	11	11	11	11	11	11	11	11	11	11	11	
2921	2	2	0	0	0	0	2	0	0	0	0	2	0	0	0	2	11	11	11	11	11	11	11	11	11	11	11	11	11	11	11	11	
2922	35	35	35	35	35	35	35	35	0	35	35	35	0	35	35	35	11	11	11	11	11	11	11	11	11	11	11	11	11	11	11	11	
2923	0	0	2	0	0	0	2	0	0	0	0	0	0	2	0	0	11	11	11	11	11	11	11	11	11	11	11	11	11	11	11	11	
2924	0	0	0	0	0	0	0	0	0	0	0	2	0	2	2	0	11	11	11	11	11	11	11	11	11	11	11	11	11	11	11	11	
2925	0	0	0	0	2	2	2	2	0	0	0	2	0	0	0	0	11	11	11	11	11	11	11	11	11	11	11	11	11	11	11	11	
2926	0	0	0	0	0	0	0	0	0	0	2	2	2	2	2	0	11	11	11	11	11	11	11	11	11	11	11	11	11	11	11	11	
2927	0	0	0	0	0	0	0	0	0	90	90	90	0	90	94	90	11	11	11	11	11	11	11	11	11	11	11	11	11	11	11	11	
2928	0	35	36	36	0	0	35	36	0	0	35	36	0	0	0	35	11	11	11	11	11	11	11	11	11	11	11	11	11	11	11	11	
2929	36	36	36	36	36	36	36	36	36	36	36	36	36	36	36	36	11	11	11	11	11	11	11	11	11	11	11	11	11	11	11	11	
2930	35	0	0	0	36	35	0	0	36	36	35	0	36	36	35	0	11	11	11	11	11	11	11	11	11	11	11	11	11	11	11	11	
2931	0	112	112	112	0	112	112	112	0	112	112	112	0	0	0	0	11	12	13	14	11	13	15	15	12	13	14	14	11	12	13	12	
2932	112	112	112	112	112	112	112	112	112	112	112	0	0	0	0	0	14	14	14	15	15	15	14	14	14	13	13	12	12	12	11	11	
2933	112	112	112	112	112	112	112	112	0	0	0	0	0	0	0	0	15	15	15	15	14	13	13	14	12	12	11	12	11	11	11	11	
2934	112	112	112	112	112	112	112	0	0	0	0	0	0	0	0	0	15	15	15	14	14	14	13	13	12	12	11	11	11	11	11	11	
2935	112	112	112	112	0	0	0	0	0	0	0	0	0	0	0	0	14	14	13	14	12	12	12	12	11	11	11	11	11	11	11	11	
2936	112	0	0	0	0	0	0	0	0	0	0	0	0	0	0	0	14	13	13	12	12	11	11	11	11	11	11	11	11	11	11	11	
2937	0	0	0	0	0	0	0	0	0	0	0	0	0	0	0	0	12	12	11	11	11	11	11	11	11	11	11	11	11	11	11	11	
2938	0	0	0	0	0	0	0	0	0	0	0	0	0	0	0	0	11	11	11	11	11	11	11	11	11	11	11	11	11	11	11	11	
2939	0	0	0	0	0	0	0	0	0	0	0	0	0	0	0	0	11	11	11	11	11	11	11	11	11	11	11	11	11	11	11	11	
2940	7	7	7	7	7	7	7	7	7	7	7	7	7	7	7	7	0	0	0	0	0	0	0	0	0	0	0	0	0	0	0	0	
2941	7	6	6	6	7	6	6	6	7	6	6	6	7	6	6	6	0	0	0	0	0	0	0	0	0	0	0	0	0	0	0	0	
2942	6	6	6	6	6	6	6	6	6	6	6	6	6	6	6	6	0	0	0	1	0	0	0	0	0	0	0	0	0	0	0	0	
2943	6	6	6	6	6	6	6	6	6	6	6	6	6	6	6	6	1	1	1	2	1	1	1	1	1	1	1	1	1	1	1	1	
2944	6	6	15	15	6	6	15	15	6	6	15	15	6	6	15	15	2	2	3	3	2	2	3	3	2	2	3	3	2	2	2	3	
2945	15	15	15	15	15	15	15	15	15	15	15	15	15	15	15	15	4	4	4	5	3	4	4	5	3	4	4	5	3	4	4	4	
2946	15	15	15	15	15	15	15	15	15	15	15	15	15	15	15	15	5	6	6	7	5	6	6	6	5	6	6	6	5	5	6	6	
2947	15	15	15	15	15	15	15	15	15	15	15	15	15	15	15	15	7	7	8	8	7	7	8	8	7	7	8	8	7	7	7	8	
2948	157	15	15	2	157	0	15	2	157	0	2	15	157	157	2	2	9	9	9	9	9	9	9	9	9	9	9	9	9	9	9	9	
2949	2	15	2	0	0	0	2	2	0	15	2	2	0	2	0	0	10	10	10	10	10	10	10	10	9	10	10	10	9	10	10	10	
2950	2	0	0	2	2	0	0	0	2	0	0	0	0	0	0	0	10	10	11	11	10	10	11	11	10	10	11	11	10	10	10	11	
2951	2	0	0	0	2	0	0	0	2	0	0	0	0	0	0	0	11	11	11	11	11	11	11	11	11	11	11	11	11	11	11	11	
2952	0	0	0	35	0	0	0	35	0	0	0	35	0	0	0	35	11	11	11	11	11	11	11	11	11	11	11	11	11	11	11	11	
2953	35	35	0	0	35	35	35	0	35	35	35	0	35	35	35	0	11	11	11	11	11	11	11	12	11	11	11	11	11	11	11	11	
2954	0	112	112	0	0	112	112	112	0	112	112	112	0	0	0	0	13	14	13	12	13	15	14	14	13	14	14	14	11	12	12	13	
2955	0	0	0	0	112	112	112	112	112	112	112	112	0	0	0	0	12	13	13	13	14	14	15	15	14	14	14	14	13	12	12	13	
2956	0	0	0	0	112	112	112	112	112	112	112	112	0	0	0	112	12	13	13	13	14	14	15	15	14	14	14	14	13	13	12	13	
2957	0	0	0	0	112	112	112	112	112	112	112	112	112	112	112	112	13	13	14	13	14	14	15	15	15	15	15	15	14	14	13	13	
2958	0	0	2	0	112	112	112	112	112	112	112	112	112	112	112	112	12	12	12	12	14	14	13	13	15	15	15	14	13	14	15	15	
2959	0	0	2	2	0	0	0	0	112	0	0	0	112	0	0	0	11	11	11	11	12	11	11	11	12	11	11	11	14	12	11	11	
2960	2	0	0	2	2	0	2	2	0	0	0	0	0	0	0	0	11	11	11	11	11	11	11	11	11	11	11	11	11	11	11	11	
2961	0	0	0	0	2	0	0	0	0	0	0	0	0	0	0	0	11	11	11	11	11	11	11	11	11	11	11	11	11	11	11	11	
2962	0	35	35	35	0	35	35	35	0	35	35	35	0	0	35	35	11	11	11	11	11	11	11	11	11	11	11	11	11	11	11	11	
2963	35	0	76	49	35	0	58	76	35	35	0	0	35	35	0	0	11	11	11	11	11	11	11	11	11	11	11	11	11	11	11	11	
2964	49	49	49	76	58	58	76	58	0	0	0	0	0	0	0	0	11	11	11	11	11	11	11	11	11	11	11	11	11	11	11	11	
2965	0	0	0	0	0	0	0	0	0	0	0	0	0	0	0	0	11	11	11	11	11	11	11	11	11	11	11	11	11	11	11	11	
2966	0	0	112	112	0	0	0	112	0	2	2	112	0	2	0	112	11	12	14	15	11	12	13	14	11	11	12	14	11	11	12	13	
2967	111	112	112	0	111	111	112	0	111	111	112	0	111	111	112	0	15	15	13	11	15	15	13	12	15	15	14	12	15	15	14	12	
2968	0	0	0	0	2	0	0	0	0	0	0	0	0	0	0	0	11	11	11	11	11	11	11	11	11	11	11	11	11	11	11	11	
2969	0	0	0	0	0	0	0	0	0	0	0	0	0	0	0	0	11	11	11	11	11	11	11	11	11	11	11	11	11	11	11	11	
2970	0	2	2	0	0	2	2	0	0	0	0	0	2	2	0	0	11	11	11	11	11	11	11	11	11	11	11	11	11	11	11	11	
2971	0	0	2	2	0	0	0	0	2	0	2	2	0	0	0	0	11	11	11	11	11	11	11	11	11	11	11	11	11	11	11	11	
2972	0	0	0	0	0	0	0	0	2	2	0	0	0	0	0	0	11	11	11	11	11	11	11	11	11	11	11	11	11	11	11	11	
2973	0	0	0	0	0	0	2	0	2	0	2	0	0	0	0	0	11	11	11	11	11	11	11	11	11	11	11	11	11	11	11	11	
2974	2	0	0	0	0	0	0	0	0	0	0	0	0	0	0	0	11	11	11	11	11	11	11	11	11	11	11	11	11	11	11	11	
2975	0	0	0	0	0	0	0	0	0	0	0	0	0	0	0	0	11	11	11	13	11	11	11	13	11	11	11	13	11	11	11	12	
2976	112	112	112	0	112	112	112	0	112	112	112	0	112	112	112	0	14	15	13	11	14	15	13	12	14	15	13	12	14	15	13	11	
2977	0	0	0	0	0	0	0	0	0	0	0	0	0	0	0	0	11	11	11	11	11	11	11	11	11	11	11	11	11	11	11	11	
2978	0	0	2	0	0	0	2	0	0	2	0	0	0	2	0	0	11	11	11	11	11	11	11	11	11	11	11	11	11	11	11	11	
2979	0	0	0	2	0	0	0	2	0	2	0	0	0	0	0	0	11	11	11	11	11	11	11	11	11	11	11	11	11	11	11	11	
2980	0	0	0	0	0	0	0	0	0	0	0	0	0	0	0	0	11	11	11	11	11	11	11	11	11	11	11	11	11	11	11	11	
2981	0	0	0	0	0	0	0	0	0	0	0	0	0	0	0	0	11	11	11	11	11	11	11	11	11	11	11	11	11	11	11	11	
2982	2	35	35	35	2	35	35	35	0	35	35	35	2	0	35	35	11	11	11	11	11	11	11	11	11	11	11	11	11	11	11	11	
2983	35	2	2	0	35	0	2	2	35	0	0	0	35	0	0	0	11	11	11	11	11	11	11	11	11	11	11	11	11	11	11	11	
2984	0	2	0	0	2	2	0	0	0	0	0	0	0	0	0	0	11	11	11	11	11	11	11	11	11	11	11	11	11	11	11	11	
2985	0	0	0	0	0	0	0	0	0	0	2	2	0	2	2	2	11	11	11	11	11	11	11	11	11	11	11	11	11	11	11	11	
2986	2	2	0	0	2	2	0	0	0	2	0	0	2	2	2	2	11	11	11	11	11	11	11	11	11	11	11	11	11	11	11	11	
2987	0	90	90	90	0	0	0	0	0	0	0	0	2	2	2	0	11	11	11	11	11	11	11	11	11	11	11	11	11	11	11	11	
2988	0	0	0	35	0	0	0	0	0	0	0	0	0	0	0	0	11	11	11	11	11	11	11	11	11	11	11	11	11	11	11	11	
2989	36	36	36	36	35	36	36	36	35	36	36	36	0	35	36	36	11	11	11	11	11	11	11	11	11	11	11	11	11	11	11	11	
2990	36	36	36	35	36	36	36	35	36	36	36	36	36	36	36	36	11	11	11	11	11	11	11	11	11	11	11	11	11	11	11	11	
2991	0	0	0	0	0	0	0	0	35	0	0	0	36	35	0	0	11	11	11	11	11	11	11	11	11	11	11	11	11	11	11	11	
2992	0	0	0	0	0	0	0	0	0	0	0	0	0	0	0	0	11	11	11	11	11	11	11	11	11	11	11	11	11	11	11	11	
2993	0	0	0	0	0	0	0	0	0	0	0	0	0	0	0	0	11	11	11	11	11	11	11	11	11	11	11	11	11	11	11	11	
2994	0	0	0	0	0	0	0	0	0	0	0	0	0	0	0	0	11	11	11	11	11	11	11	11	11	11	11	11	11	11	11	11	
2995	0	0	0	0	0	0	0	0	0	0	0	0	0	0	0	0	11	11	11	11	11	11	11	11	11	11	11	11	11	11	11	11	
2996	0	0	0	0	0	0	0	0	0	0	0	0	0	0	0	0	11	11	11	11	11	11	11	11	11	11	11	11	11	11	11	11	
2997	0	0	0	0	0	0	0	0	0	0	0	0	0	0	0	0	11	11	11	11	11	11	11	11	11	11	11	11	11	11	11	11	
2998	0	0	0	0	0	0	0	0	0	0	0	0	0	0	0	0	11	11	11	11	11	11	11	11	11	11	11	11	11	11	11	11	
2999	0	0	0	0	0	0	0	0	0	0	0	0	0	0	0	0	11	11	11	11	11	11	11	11	11	11	11	11	11	11	11	11	
3000	7	7	7	7	7	7	7	7	7	7	7	7	7	7	7	7	0	0	0	0	0	0	0	0	0	0	0	0	0	0	0	0	
3001	7	6	6	6	7	6	6	6	7	6	6	6	6	6	6	6	0	0	0	0	0	0	0	0	0	0	0	0	0	0	0	0	
3002	6	6	6	6	6	6	6	6	6	6	6	6	6	6	6	6	0	0	0	0	0	0	0	0	0	0	0	0	0	0	0	0	
3003	6	6	6	6	6	6	6	6	6	6	6	6	6	6	6	6	1	1	1	1	0	1	1	1	0	1	1	1	0	1	1	1	
3004	6	6	15	15	6	6	15	15	6	6	15	15	6	6	6	15	2	2	2	3	2	2	2	3	1	2	2	3	1	2	2	2	
3005	15	15	15	15	15	15	15	15	15	15	15	15	15	15	15	15	3	4	4	4	3	3	4	4	3	3	4	4	3	3	4	4	
3006	15	15	15	15	15	15	15	15	15	15	15	15	15	15	15	15	5	5	6	6	5	5	6	6	5	5	6	6	4	5	5	6	
3007	15	15	15	15	15	15	15	15	15	15	15	15	15	15	15	15	7	7	7	8	6	7	7	8	6	7	7	8	6	7	7	7	
3008	15	157	2	15	15	157	2	15	15	157	2	0	15	157	15	2	8	9	9	9	8	9	9	9	8	9	9	9	8	9	9	9	
3009	2	15	0	2	2	0	2	2	0	0	2	2	0	0	2	0	9	10	10	10	9	10	10	10	9	9	10	10	9	9	10	10	
3010	0	0	0	0	0	0	0	0	2	0	0	0	2	2	2	2	10	10	10	11	10	10	10	11	10	10	10	10	10	10	10	10	
3011	0	2	0	0	0	2	0	0	0	2	2	0	0	2	2	2	11	11	11	11	11	11	11	11	11	11	11	11	11	11	11	11	
3012	0	0	0	35	0	0	0	35	0	0	0	35	0	0	0	35	11	11	11	11	11	11	11	11	11	11	11	11	11	11	11	11	
3013	35	35	35	2	35	35	35	0	35	35	35	0	35	35	35	0	11	11	11	11	11	11	11	11	11	11	11	11	11	11	11	11	
3014	2	0	0	0	0	0	0	0	0	0	0	0	0	0	0	0	11	11	11	11	11	11	11	11	11	11	11	11	11	11	11	11	
3015	0	0	0	0	0	0	0	0	0	0	2	0	0	0	0	2	11	11	11	11	11	11	11	11	11	11	11	11	11	11	11	11	
3016	0	0	0	0	0	0	0	0	0	0	0	0	2	0	0	0	11	11	11	11	11	11	11	11	11	11	11	11	11	11	11	11	
3017	0	0	0	0	0	0	0	0	0	2	0	0	2	0	0	0	12	12	12	11	11	11	11	11	11	11	11	11	11	11	11	11	
3018	0	0	112	112	0	0	112	112	0	0	112	112	0	0	112	112	12	12	14	15	11	12	14	15	11	12	14	15	11	12	13	15	
3019	112	0	0	0	112	0	0	0	112	0	0	0	112	0	0	0	14	12	11	11	13	11	11	11	14	12	11	11	14	13	11	11	
3020	0	0	0	0	0	0	0	2	0	0	0	2	0	0	0	0	11	11	11	11	11	11	11	11	11	11	11	11	11	11	11	11	
3021	0	0	0	0	2	0	0	0	0	0	0	0	0	0	0	0	11	11	11	11	11	11	11	11	11	11	11	11	11	11	11	11	
3022	0	0	35	35	0	0	35	35	0	0	35	35	0	0	2	35	11	11	11	11	11	11	11	11	11	11	11	11	11	11	11	11	
3023	35	35	0	0	35	35	0	0	35	35	35	0	35	35	35	0	11	11	11	11	11	11	11	11	11	11	11	11	11	11	11	11	
3024	0	0	0	0	0	0	0	0	0	0	0	0	0	0	0	0	11	11	11	11	11	11	11	11	11	11	11	11	11	11	11	11	
3025	0	0	0	2	0	0	2	0	0	0	0	0	0	0	0	0	11	11	11	11	11	11	11	11	11	11	11	11	11	11	11	11	
3026	2	0	0	112	0	2	0	112	0	2	0	0	0	0	0	0	11	11	12	14	11	11	12	13	11	11	11	13	11	11	11	13	
3027	111	111	112	112	112	111	111	112	112	111	111	112	112	111	111	112	15	15	15	13	15	15	15	13	14	15	15	14	14	15	15	14	
3028	0	0	0	0	0	0	0	0	0	0	0	0	0	0	0	0	11	11	11	11	12	11	11	11	12	11	11	11	13	11	11	11	
3029	0	0	0	2	0	0	0	2	0	0	0	0	2	0	0	0	11	11	11	11	11	11	11	11	11	11	11	11	11	11	11	11	
3030	0	0	0	0	0	2	0	0	0	2	0	0	0	2	2	0	11	11	11	11	11	11	11	11	11	11	11	11	11	11	11	11	
3031	0	0	0	0	0	0	0	0	0	0	0	0	2	2	0	2	11	11	11	11	11	11	11	11	11	11	11	11	11	11	11	11	
3032	0	0	0	2	2	0	2	2	2	2	0	0	2	0	0	0	11	11	11	11	11	11	11	11	11	11	11	11	11	11	11	11	
3033	0	0	0	0	2	0	0	0	0	0	0	2	0	0	0	0	11	11	11	11	11	11	11	11	11	11	11	11	11	11	11	11	
3034	0	0	0	0	0	0	0	0	2	0	0	0	0	2	0	0	11	11	11	11	11	11	11	11	11	11	11	11	11	11	11	11	
3035	0	0	0	0	0	0	0	0	0	0	0	0	0	0	0	0	11	11	11	12	11	11	11	12	11	11	11	12	11	11	11	12	
3036	112	112	112	0	112	112	112	0	112	112	112	0	112	112	112	0	14	15	13	12	14	15	14	12	14	15	14	12	14	15	14	12	
3037	0	2	2	2	0	2	0	0	0	0	0	0	0	0	0	0	11	11	11	11	11	11	11	11	11	11	11	11	11	11	11	11	
3038	2	0	0	0	0	0	0	0	0	0	0	0	0	0	0	0	11	11	11	11	11	11	11	11	11	11	11	11	11	11	11	11	
3039	0	0	0	0	0	0	0	0	0	0	2	0	0	0	2	2	11	11	11	11	11	11	11	11	11	11	11	11	11	11	11	11	
3040	0	0	0	0	0	0	0	0	0	0	0	0	0	2	0	2	11	11	11	11	11	11	11	11	11	11	11	11	11	11	11	11	
3041	0	0	0	0	0	0	0	0	0	0	0	2	2	2	2	0	11	11	11	11	11	11	11	11	11	11	11	11	11	11	11	11	
3042	2	2	35	35	0	0	35	35	0	0	35	35	0	0	2	35	11	11	11	11	11	11	11	11	11	11	11	11	11	11	11	11	
3043	35	35	0	0	35	35	0	0	35	35	0	0	35	35	0	0	11	11	11	11	11	11	11	11	11	11	11	11	11	11	11	11	
3044	0	0	0	0	0	0	2	2	0	0	2	2	0	0	0	0	11	11	11	11	11	11	11	11	11	11	11	11	11	11	11	11	
3045	2	2	2	0	0	2	2	2	0	2	0	0	0	0	0	0	11	11	11	11	11	11	11	11	11	11	11	11	11	11	11	11	
3046	0	2	2	2	2	0	2	0	0	2	2	0	2	2	0	0	11	11	11	11	11	11	11	11	11	11	11	11	11	11	11	11	
3047	0	0	0	0	0	0	0	0	0	0	0	0	0	0	0	0	11	11	11	11	11	11	11	11	11	11	11	11	11	11	11	11	
3048	0	0	0	0	0	0	0	0	0	0	0	0	0	0	0	0	11	11	11	11	11	11	11	11	11	11	11	11	11	11	11	11	
3049	0	0	35	36	0	2	35	36	0	0	0	35	0	0	0	35	11	11	11	11	11	11	11	11	11	11	11	11	11	11	11	11	
3050	36	36	36	36	36	36	36	36	36	36	36	36	36	36	36	36	11	11	11	11	11	11	11	11	11	11	11	11	11	11	11	11	
3051	36	35	0	0	36	36	35	0	36	36	35	0	36	36	36	35	11	11	11	11	11	11	11	11	11	11	11	11	11	11	11	11	
3052	0	0	0	0	0	0	0	0	0	0	0	0	0	0	0	0	11	11	11	11	11	11	11	11	11	11	11	11	11	11	11	11	
3053	0	0	0	0	0	0	0	0	0	0	0	0	0	0	0	0	11	11	11	11	11	11	11	11	11	11	11	11	11	11	11	11	
3054	0	0	0	0	0	0	0	0	0	0	0	0	0	0	0	0	11	11	11	11	11	11	11	11	11	11	11	11	11	11	11	11	
3055	0	0	0	0	0	0	0	0	0	0	0	0	0	0	0	0	11	11	11	11	11	11	11	11	11	11	11	11	11	11	11	11	
3056	0	0	0	0	0	0	0	0	0	0	0	0	0	0	0	0	11	11	11	11	11	11	11	11	11	11	11	11	11	11	11	11	
3057	0	0	0	0	0	0	0	0	0	0	0	0	0	0	0	0	11	11	11	11	11	11	11	11	11	11	11	11	11	11	11	11	
3058	0	0	0	0	0	0	0	0	0	0	0	0	0	0	0	0	11	11	11	11	11	11	11	11	11	11	11	11	11	11	11	11	
3059	0	0	0	0	0	0	0	0	0	0	0	0	0	0	0	0	11	11	11	11	11	11	11	11	11	11	11	11	11	11	11	11	
3060	7	7	7	7	7	7	7	7	7	7	7	7	7	7	7	7	0	0	0	0	0	0	0	0	0	0	0	0	0	0	0	0	
3061	6	6	6	6	6	6	6	6	6	6	6	6	6	6	6	6	0	0	0	0	0	0	0	0	0	0	0	0	0	0	0	0	
3062	6	6	6	6	6	6	6	6	6	6	6	6	6	6	6	6	0	0	0	0	0	0	0	0	0	0	0	0	0	0	0	0	
3063	6	6	6	6	6	6	6	6	6	6	6	6	6	6	6	6	0	1	1	1	0	0	1	1	0	0	1	1	0	0	1	1	
3064	6	6	6	15	6	6	6	15	6	6	6	15	6	6	6	15	1	2	2	2	1	2	2	2	1	1	2	2	1	1	2	2	
3065	15	15	15	15	15	15	15	15	15	15	15	15	15	15	15	15	3	3	4	4	3	3	3	4	3	3	3	4	2	3	3	4	
3066	15	15	15	15	15	15	15	15	15	15	15	15	15	15	15	15	4	5	5	6	4	5	5	6	4	5	5	6	4	4	5	5	
3067	15	15	15	15	15	15	15	15	15	15	15	15	15	15	15	15	6	7	7	7	6	6	7	7	6	6	7	7	6	6	7	7	
3068	15	157	0	2	15	157	157	2	15	15	157	2	15	15	157	15	8	9	9	9	8	9	9	9	7	8	9	9	7	8	9	9	
3069	0	0	2	0	0	2	0	0	15	2	2	2	15	2	0	0	9	9	10	10	9	9	9	10	9	9	9	10	9	9	9	10	
3070	2	0	0	2	2	2	2	2	0	2	0	2	0	2	0	0	10	10	10	10	10	10	10	10	10	10	10	10	10	10	10	10	
3071	2	2	0	2	0	0	0	0	0	0	0	0	2	0	0	0	11	11	11	11	11	11	11	11	10	11	11	11	10	11	11	11	
3072	0	0	0	35	0	0	0	35	0	0	0	35	0	0	0	0	11	11	11	11	11	11	11	11	11	11	11	11	11	11	11	11	
3073	35	35	35	0	35	35	35	0	35	35	35	0	35	35	35	35	11	11	11	11	11	11	11	11	11	11	11	11	11	11	11	11	
3074	0	0	0	0	0	0	0	0	0	0	0	0	0	0	0	0	11	11	11	11	11	11	11	11	11	11	11	11	11	11	11	11	
3075	0	0	0	0	0	0	0	0	0	0	0	0	0	0	0	0	11	11	11	11	11	11	11	11	11	11	11	11	11	11	11	11	
3076	0	0	0	0	0	0	0	0	0	0	0	0	0	0	0	0	11	11	11	11	11	11	11	11	11	11	11	11	11	11	11	11	
3077	0	0	0	0	0	0	0	0	0	0	0	0	0	0	0	0	11	11	11	11	11	11	11	11	11	11	11	11	11	11	11	11	
3078	0	0	112	112	0	0	112	112	0	0	0	112	0	0	0	112	11	11	13	15	11	12	13	15	11	12	14	15	11	11	13	14	
3079	112	0	0	0	112	0	0	0	112	0	0	0	112	0	0	0	14	12	11	11	14	12	11	11	14	12	11	11	14	12	11	11	
3080	0	0	0	0	0	0	0	0	0	0	0	0	0	0	0	0	11	11	11	11	11	11	11	11	11	11	11	11	11	11	11	11	
3081	0	0	0	0	0	0	0	2	0	0	0	0	0	0	0	0	11	11	11	11	11	11	11	11	11	11	11	11	11	11	11	11	
3082	0	0	0	35	0	0	0	35	0	0	0	35	0	0	0	0	11	11	11	11	11	11	11	11	11	11	11	11	11	11	11	11	
3083	35	35	35	0	35	35	35	0	35	35	35	35	35	35	35	35	11	11	11	11	11	11	11	11	11	11	11	11	11	11	11	11	
3084	0	0	0	0	0	0	0	0	0	0	0	0	0	0	0	0	11	11	11	11	11	11	11	11	11	11	11	11	11	11	11	11	
3085	0	0	0	0	0	0	2	2	0	0	0	2	0	0	0	0	11	11	11	11	11	11	11	11	11	11	11	11	11	11	11	11	
3086	0	2	0	0	2	0	0	0	2	0	0	0	0	2	0	0	11	11	11	12	11	11	11	13	11	11	11	12	11	11	11	12	
3087	112	111	111	112	112	111	111	112	112	111	111	112	112	111	111	112	14	15	15	14	14	15	15	14	14	15	15	14	14	15	15	13	
3088	0	0	0	2	0	0	0	0	0	0	0	0	0	0	0	0	12	11	11	11	12	11	11	11	12	11	11	11	11	11	11	11	
3089	2	2	0	0	0	2	2	2	0	0	0	2	0	2	2	0	11	11	11	11	11	11	11	11	11	11	11	11	11	11	11	11	
3090	0	0	2	2	0	0	0	0	2	2	2	2	0	0	2	2	11	11	11	11	11	11	11	11	11	11	11	11	11	11	11	11	
3091	0	0	0	0	0	0	0	0	0	0	0	0	0	2	2	2	11	11	11	11	11	11	11	11	11	11	11	11	11	11	11	11	
3092	0	0	0	0	0	0	0	0	0	0	0	0	0	0	0	0	11	11	11	11	11	11	11	11	11	11	11	11	11	11	11	11	
3093	0	0	0	0	0	0	0	0	0	0	0	0	0	0	0	0	11	11	11	11	11	11	11	11	11	11	11	11	11	11	11	11	
3094	0	0	0	0	0	0	0	0	0	0	0	0	0	0	0	0	11	11	11	11	11	11	11	11	11	11	11	11	11	11	12	12	
3095	0	0	0	0	0	0	0	0	0	0	0	0	0	0	0	0	11	11	11	12	11	11	11	12	11	11	11	12	11	11	11	12	
3096	112	112	112	0	112	112	112	0	112	112	112	0	112	112	112	0	14	15	14	12	14	15	14	12	14	15	13	12	14	14	13	11	
3097	0	2	0	0	0	2	0	2	0	0	0	2	0	0	0	2	11	11	11	11	11	11	11	11	11	11	11	11	11	11	11	11	
3098	0	0	0	0	0	0	0	2	0	0	2	0	2	0	2	0	11	11	11	11	11	11	11	11	11	11	11	11	11	11	11	11	
3099	0	2	2	2	0	0	0	0	0	0	0	0	0	0	0	0	11	11	11	11	11	11	11	11	11	11	11	11	11	11	11	11	
3100	0	0	0	0	0	0	0	0	0	0	0	0	0	0	0	0	11	11	11	11	11	11	11	11	11	11	11	11	11	11	11	11	
3101	0	0	0	0	0	0	0	0	0	0	0	0	0	0	0	0	11	11	11	11	11	11	11	11	11	11	11	11	11	11	11	11	
3102	0	0	2	35	0	0	2	35	0	0	0	35	0	0	0	35	11	11	11	11	11	11	11	11	11	11	11	11	11	11	11	11	
3103	35	35	0	0	35	35	35	0	35	35	35	0	35	35	35	0	11	11	11	11	11	11	11	11	11	11	11	11	11	11	11	11	
3104	0	0	0	0	0	0	0	0	0	0	0	0	0	0	0	0	11	11	11	11	11	11	11	11	11	11	11	11	11	11	11	11	
3105	0	0	0	2	0	0	2	0	0	112	112	0	0	112	112	112	11	11	11	11	11	11	12	11	12	13	13	12	13	14	14	13	
3106	0	0	0	0	0	0	0	0	0	0	0	0	0	0	0	0	11	11	11	11	11	11	11	11	11	11	11	11	11	11	11	11	
3107	0	0	0	0	0	0	0	0	0	0	0	0	0	0	0	0	11	11	11	11	11	11	11	11	11	11	11	11	11	11	11	11	
3108	0	0	0	0	0	0	0	0	0	0	0	0	0	0	0	0	11	11	11	11	11	11	11	11	11	11	11	11	11	11	11	11	
3109	0	0	0	0	0	0	2	2	0	2	2	0	0	0	0	0	11	11	11	11	11	11	11	11	11	11	11	11	11	11	11	11	
3110	35	36	36	36	35	36	36	36	0	35	36	36	0	35	36	36	11	11	11	11	11	11	11	11	11	11	11	11	11	11	11	11	
3111	36	36	36	35	36	36	36	35	36	36	36	35	36	36	36	36	11	11	11	11	11	11	11	11	11	11	11	11	11	11	11	11	
3112	0	0	0	0	0	0	0	0	0	0	0	0	35	0	0	0	11	11	11	11	11	11	11	11	11	11	11	11	11	11	11	11	
3113	0	0	0	0	0	0	0	0	0	0	0	0	0	0	0	0	11	11	11	11	11	11	11	11	11	11	11	11	12	12	12	13	
3114	0	0	0	0	0	0	0	0	0	0	0	0	0	0	112	112	11	11	11	11	11	11	11	11	11	12	12	12	13	14	14	14	
3115	0	0	0	0	0	0	0	0	0	0	112	112	112	112	112	112	11	11	11	11	11	11	12	12	12	13	13	14	14	14	15	15	
3116	0	0	0	0	0	0	0	112	112	112	112	112	112	112	112	112	11	11	11	11	13	12	13	13	14	14	14	15	15	15	14	14	
3117	0	0	0	0	112	112	112	112	112	112	112	112	112	112	112	112	12	12	12	12	14	14	14	14	15	15	15	14	14	14	14	13	
3118	0	0	0	0	112	112	112	112	112	112	112	112	112	112	112	112	13	13	12	12	14	15	14	14	14	14	15	15	12	13	13	13	
3119	0	0	0	0	112	112	112	112	112	112	112	112	112	112	112	112	12	13	13	13	14	14	14	15	15	15	15	15	13	14	14	13	
3120	7	7	7	7	7	7	7	7	7	7	7	7	7	7	7	7	0	0	0	0	0	0	0	0	0	0	0	0	0	0	0	0	
3121	6	6	6	6	6	6	6	6	6	6	6	6	6	6	6	6	0	0	0	0	0	0	0	0	0	0	0	0	0	0	0	0	
3122	6	6	6	6	6	6	6	6	6	6	6	6	6	6	6	6	0	0	0	0	0	0	0	0	0	0	0	0	0	0	0	0	
3123	6	6	6	6	6	6	6	6	6	6	6	6	6	6	6	6	0	0	1	1	0	0	0	1	0	0	0	1	0	0	0	1	
3124	6	6	6	6	6	6	6	6	6	6	6	6	6	6	6	6	1	1	2	2	1	1	1	2	1	1	1	2	1	1	1	2	
3125	15	15	15	15	15	15	15	15	15	15	15	15	15	15	15	15	2	3	3	3	2	3	3	3	2	2	3	3	2	2	3	3	
3126	15	15	15	15	15	15	15	15	15	15	15	15	15	15	15	15	4	4	5	5	4	4	5	5	4	4	5	5	4	4	4	5	
3127	15	15	15	15	15	15	15	15	15	15	15	15	15	15	15	15	6	6	7	7	6	6	6	7	5	6	6	7	5	6	6	7	
3128	15	15	157	157	15	15	15	157	15	15	15	157	15	15	15	157	7	8	9	9	7	8	8	9	7	7	8	9	7	7	8	9	
3129	2	0	0	0	2	15	15	0	2	2	2	15	157	15	15	15	9	9	9	9	9	9	9	9	9	9	9	9	9	9	9	9	
3130	2	0	0	2	2	0	2	0	2	0	0	2	2	2	2	2	10	10	10	10	10	10	10	10	10	10	10	10	9	10	10	10	
3131	0	0	0	0	0	0	0	0	2	0	0	0	0	0	0	0	10	11	11	11	10	10	11	11	10	10	11	11	10	10	11	11	
3132	0	0	0	0	0	0	0	0	0	0	0	0	0	0	0	0	11	11	11	11	11	11	11	11	11	11	11	11	11	11	11	11	
3133	35	35	35	35	35	35	35	35	35	35	35	35	0	35	35	35	11	11	11	11	11	11	11	11	11	11	11	11	11	11	11	11	
3134	0	0	0	2	0	0	0	2	0	0	0	0	35	0	0	0	11	11	11	11	11	11	11	11	11	11	11	11	11	11	11	11	
3135	0	0	0	0	0	0	0	0	2	2	0	0	0	2	0	0	11	11	11	11	11	11	11	11	11	11	11	11	11	11	11	11	
3136	0	0	0	0	0	0	0	0	0	0	0	0	0	0	0	0	11	11	11	11	11	11	11	11	11	11	11	11	11	11	11	11	
3137	0	0	0	0	0	0	0	0	0	0	0	0	0	0	0	2	11	11	11	11	11	11	11	11	11	11	11	11	11	11	11	11	
3138	0	0	0	112	0	0	0	112	2	2	0	112	0	2	0	112	11	11	13	14	11	11	13	15	11	11	13	14	11	11	12	14	
3139	112	0	0	0	112	112	0	0	112	112	0	0	112	112	0	0	14	12	11	11	15	13	11	11	15	14	12	11	15	14	12	11	
3140	0	0	0	0	0	0	0	2	0	0	2	2	0	2	0	0	11	11	11	11	11	11	11	11	11	11	11	11	11	11	11	11	
3141	0	0	0	0	0	0	0	0	0	2	0	2	0	0	0	0	11	11	11	11	11	11	11	11	11	11	11	11	11	11	11	11	
3142	0	0	0	0	0	0	0	0	0	0	0	0	2	0	0	0	11	11	11	11	11	11	11	11	11	11	11	11	11	11	11	11	
3143	35	35	35	35	35	35	35	35	0	35	35	35	0	35	35	35	11	11	11	11	11	11	11	11	11	11	11	11	11	11	11	11	
3144	0	0	0	0	0	0	0	0	35	0	0	0	35	0	0	0	11	11	11	11	11	11	11	11	11	11	11	11	11	11	11	11	
3145	0	0	0	0	0	0	0	0	0	0	0	0	0	0	0	0	11	11	11	11	11	11	11	11	11	11	11	11	11	11	11	11	
3146	0	2	0	0	0	0	0	112	0	0	0	112	0	0	0	112	11	11	11	13	11	11	12	14	11	11	12	14	11	11	12	13	
3147	112	111	111	112	112	111	111	112	111	111	111	111	111	111	111	111	14	15	15	14	15	15	15	15	15	15	15	15	15	15	15	15	
3148	0	0	0	0	112	112	112	112	111	112	112	112	111	112	112	112	13	12	12	12	14	14	14	14	15	14	14	15	14	13	13	13	
3149	0	0	0	0	112	112	112	112	112	112	112	112	112	112	112	112	12	12	12	12	14	14	14	14	15	15	15	15	13	13	13	14	
3150	0	0	0	0	112	112	112	112	112	112	112	112	112	112	112	112	12	12	11	11	14	14	13	13	15	15	15	15	13	13	13	14	
3151	0	0	0	0	112	112	112	112	112	112	112	112	112	112	112	112	11	11	12	12	13	13	13	14	15	14	14	15	14	14	13	14	
3152	0	0	0	0	112	112	112	112	112	112	112	112	112	112	112	112	11	11	11	11	13	13	12	13	15	14	14	15	14	14	14	14	
3153	0	0	0	0	112	112	112	112	112	112	112	112	112	112	112	112	11	12	12	12	13	14	14	14	15	15	15	15	14	14	14	13	
3154	0	0	112	112	112	112	112	112	112	112	112	112	112	112	112	112	12	12	13	14	14	14	14	15	15	15	15	15	14	13	13	13	
3155	0	0	0	112	112	112	112	112	112	112	112	112	112	112	112	112	13	12	12	13	15	14	14	14	15	15	14	14	13	13	13	12	
3156	112	112	112	0	112	112	0	0	112	0	0	0	0	0	0	0	14	14	12	11	15	14	12	11	14	14	12	11	13	13	11	11	
3157	0	0	2	2	0	0	0	0	0	0	0	0	0	0	0	0	11	11	11	11	11	11	11	11	11	11	11	11	11	11	11	11	
3158	2	2	2	2	0	0	0	0	0	0	0	0	0	0	0	0	11	11	11	11	11	11	11	11	11	11	11	11	11	11	11	11	
3159	0	0	0	0	2	0	0	0	2	2	0	0	2	2	0	0	11	11	11	11	11	11	11	11	11	11	11	11	11	11	11	11	
3160	0	0	0	0	0	0	0	0	0	0	0	0	0	0	0	0	11	11	11	11	11	11	11	11	11	11	11	11	11	11	11	11	
3161	0	0	0	0	0	0	0	0	0	0	0	0	0	0	2	2	11	11	11	11	11	11	11	11	11	11	11	11	11	11	11	11	
3162	0	0	0	0	0	0	0	0	2	0	0	2	2	0	0	0	11	11	11	11	11	11	11	11	11	11	11	11	11	11	11	11	
3163	35	35	35	0	35	35	35	0	35	35	35	35	35	35	35	35	11	11	11	11	11	11	11	11	11	11	11	11	11	11	11	11	
3164	0	0	0	0	0	0	0	0	0	0	0	2	2	2	2	0	11	11	11	11	11	11	11	11	11	11	11	11	11	11	11	11	
3165	0	112	112	112	0	112	112	112	0	112	112	112	0	112	112	112	12	14	15	13	12	14	15	14	12	14	15	14	12	13	15	14	
3166	0	0	0	0	0	0	0	0	0	0	0	0	0	0	0	0	12	11	11	11	12	11	11	11	12	11	11	11	12	11	11	11	
3167	0	0	0	0	0	0	0	0	0	0	0	58	0	0	0	76	11	11	11	11	11	11	11	11	11	11	11	11	11	11	11	11	
3168	0	0	0	0	0	58	58	76	76	58	49	49	49	49	49	49	11	11	11	11	11	11	11	11	11	11	11	11	11	11	11	11	
3169	0	0	0	0	58	0	0	0	58	0	0	0	76	0	0	0	11	11	11	11	11	11	11	11	11	11	11	11	11	11	11	11	
3170	0	0	35	36	0	2	35	36	0	2	35	36	2	2	35	36	11	11	11	11	11	11	11	11	11	11	11	11	11	11	11	11	
3171	36	36	36	36	36	36	36	36	36	36	36	36	36	36	36	36	11	11	11	11	11	11	11	11	11	11	11	11	11	11	11	11	
3172	35	0	0	112	35	0	0	112	36	35	0	112	36	35	0	0	11	11	12	13	11	11	13	14	11	11	12	13	11	11	11	11	
3173	112	112	112	112	112	112	112	112	112	112	112	0	0	0	0	0	14	14	14	15	15	15	15	15	13	14	13	13	12	12	12	11	
3174	112	112	112	112	112	112	112	112	0	0	0	0	0	0	0	0	15	14	15	15	14	13	13	13	12	11	12	12	11	11	11	11	
3175	112	112	112	112	112	112	112	0	0	0	0	0	0	0	0	0	15	15	14	14	13	13	13	12	11	11	11	11	11	11	11	11	
3176	112	112	0	0	0	0	0	0	0	0	0	0	0	2	2	0	13	13	12	12	12	12	11	11	11	11	11	11	11	11	11	11	
3177	0	0	0	0	0	0	0	0	0	2	0	0	0	2	0	2	12	12	12	11	11	11	11	11	11	11	11	11	11	11	11	11	
3178	0	0	0	0	0	0	0	0	0	0	0	0	0	0	0	0	11	11	12	12	11	11	11	11	11	11	11	11	11	11	11	11	
3179	0	0	0	0	0	0	0	0	0	0	0	0	0	0	0	0	11	12	12	11	11	11	11	11	11	11	11	11	11	11	11	11	
3180	7	7	7	7	7	7	7	7	7	7	7	7	7	7	7	7	0	0	0	0	0	0	0	0	0	0	0	0	0	0	0	0	
3181	7	6	6	6	7	6	6	6	7	6	6	6	7	6	6	6	0	0	0	0	0	0	0	0	0	0	0	0	0	0	0	0	
3182	6	6	6	6	6	6	6	6	6	6	6	6	6	6	6	6	0	0	0	0	0	0	0	0	0	0	0	0	0	0	0	0	
3183	6	6	6	6	6	6	6	6	6	6	6	6	6	6	6	6	0	0	0	1	0	0	0	0	0	0	0	0	0	0	0	0	
3184	6	6	6	6	6	6	6	6	6	6	6	6	6	6	6	6	1	1	1	2	1	1	1	1	1	1	1	1	1	1	1	1	
3185	15	15	15	15	15	15	15	15	15	15	15	15	15	15	15	15	2	2	3	3	2	2	3	3	2	2	2	3	2	2	2	3	
3186	15	15	15	15	15	15	15	15	15	15	15	15	15	15	15	15	3	4	4	5	3	4	4	5	3	4	4	4	3	3	4	4	
3187	15	15	15	15	15	15	15	15	15	15	15	15	15	15	15	15	5	6	6	6	5	5	6	6	5	5	6	6	5	5	6	6	
3188	15	15	15	15	15	15	15	15	15	15	15	15	15	15	15	15	7	7	8	8	7	7	7	8	7	7	7	8	6	7	7	8	
3189	157	0	15	15	157	157	2	2	15	157	0	2	15	157	157	2	9	9	9	9	9	9	9	9	8	9	9	9	8	9	9	9	
3190	2	2	2	0	15	2	2	0	2	15	0	0	15	2	2	0	9	10	10	10	9	10	10	10	9	9	10	10	9	9	10	10	
3191	2	0	0	0	0	0	0	0	0	0	0	0	0	2	0	0	10	10	10	11	10	10	10	11	10	10	10	10	10	10	10	10	
3192	0	0	0	0	0	0	0	0	0	0	0	0	0	0	0	0	11	11	11	11	11	11	11	11	11	11	11	11	11	11	11	11	
3193	0	35	35	35	0	35	35	35	0	35	35	35	0	0	35	35	11	11	11	11	11	11	11	11	11	11	11	11	11	11	11	11	
3194	35	0	0	0	35	0	0	0	35	35	0	0	35	35	0	0	11	11	11	11	11	11	11	11	11	11	11	11	11	11	11	11	
3195	0	2	0	0	0	0	2	2	2	2	2	2	0	0	0	0	11	11	11	11	11	11	11	11	11	11	11	11	11	11	11	11	
3196	0	0	0	2	0	2	2	2	2	0	0	0	0	0	0	0	11	11	11	11	11	11	11	11	11	11	11	11	11	11	11	11	
3197	2	2	0	2	0	0	2	0	0	0	2	0	0	0	0	2	11	11	11	11	11	11	11	11	11	11	11	11	11	11	11	11	
3198	2	0	0	112	0	0	0	112	0	0	0	112	0	0	0	112	11	11	12	14	11	11	13	14	11	11	12	14	11	11	12	14	
3199	112	112	0	0	112	112	0	0	112	112	0	0	112	112	0	0	15	13	12	11	15	14	12	11	15	14	12	11	15	14	13	11	
3200	0	0	0	0	0	0	0	0	0	0	0	0	0	0	0	0	11	11	11	11	11	11	11	11	11	11	11	11	11	11	11	11	
3201	0	0	0	0	0	0	0	0	0	0	0	0	2	0	0	0	11	11	11	11	11	11	11	11	11	11	11	11	11	11	11	11	
3202	2	0	0	0	0	0	0	0	2	0	0	0	0	0	0	2	11	11	11	11	11	11	11	11	11	11	11	11	11	11	11	11	
3203	0	35	35	35	0	35	35	35	0	2	35	35	2	0	35	35	11	11	11	11	11	11	11	11	11	11	11	11	11	11	11	11	
3204	35	0	0	0	35	0	0	0	35	35	0	0	35	35	0	0	11	11	11	11	11	11	11	11	11	11	11	11	11	11	11	11	
3205	0	0	0	0	0	0	0	0	0	0	0	0	0	0	0	0	11	11	11	11	11	11	11	11	11	11	11	11	11	11	11	11	
3206	0	0	0	112	0	0	0	0	0	0	0	2	0	0	0	2	11	11	11	13	11	11	11	12	11	11	11	11	11	11	11	11	
3207	112	111	111	111	112	112	111	111	2	112	111	111	0	112	111	111	14	15	15	15	13	15	15	15	13	14	15	15	13	15	15	15	
3208	112	112	0	0	112	0	0	0	112	0	0	0	112	112	0	0	13	12	11	11	14	12	11	11	15	13	11	11	15	14	12	11	
3209	0	0	0	0	0	0	0	0	0	0	0	0	0	0	0	0	11	12	12	12	11	11	11	11	11	11	11	11	11	11	11	11	
3210	0	0	0	0	0	0	0	2	0	0	0	2	0	0	0	0	12	11	11	12	11	11	11	11	11	11	11	11	11	11	11	11	
3211	0	0	0	0	0	0	0	0	2	0	0	0	2	0	2	0	13	12	12	12	11	11	11	11	11	11	11	11	11	11	11	11	
3212	0	0	0	0	0	0	0	0	0	0	0	0	0	0	0	0	12	13	12	12	11	11	11	11	11	11	11	11	11	11	11	11	
3213	0	0	0	0	0	0	0	0	0	0	0	0	0	0	0	0	12	12	12	12	11	11	11	11	11	11	11	11	11	11	11	11	
3214	0	0	0	0	0	0	0	0	0	0	0	0	0	2	2	0	12	12	11	12	11	11	11	11	11	11	11	11	11	11	11	11	
3215	0	0	0	0	0	0	0	0	0	0	0	0	0	0	0	0	12	11	11	11	11	11	11	11	11	11	11	11	11	11	11	11	
3216	0	0	0	0	0	0	0	0	0	0	0	0	0	2	2	0	11	11	11	11	11	11	11	11	11	11	11	11	11	11	11	11	
3217	0	0	0	0	0	0	0	0	0	0	0	0	0	0	0	0	11	11	11	11	11	11	11	11	11	11	11	11	11	11	11	11	
3218	0	0	0	0	0	0	0	0	0	0	0	2	0	2	0	0	11	11	11	11	11	11	11	11	11	11	11	11	11	11	11	11	
3219	0	2	2	2	0	2	0	2	0	2	2	0	2	0	0	0	11	11	11	11	11	11	11	11	11	11	11	11	11	11	11	11	
3220	0	0	0	0	2	2	2	2	0	2	0	0	0	0	2	0	11	11	11	11	11	11	11	11	11	11	11	11	11	11	11	11	
3221	0	2	0	0	0	0	0	0	0	0	0	0	0	0	0	0	11	11	11	11	11	11	11	11	11	11	11	11	11	11	11	11	
3222	0	2	0	0	0	0	0	0	0	0	0	0	0	0	0	0	11	11	11	11	11	11	11	11	11	11	11	11	11	11	11	11	
3223	35	35	35	35	2	35	35	35	0	35	35	35	0	35	35	35	11	11	11	11	11	11	11	11	11	11	11	11	11	11	11	11	
3224	0	0	0	0	0	0	0	0	0	0	0	0	35	0	0	0	11	11	11	11	11	11	11	11	11	11	11	11	11	11	11	11	
3225	0	112	112	112	0	112	112	112	0	112	112	112	0	112	112	112	12	14	15	14	12	14	15	13	12	14	15	13	12	14	15	14	
3226	0	0	0	0	0	0	0	0	0	0	0	0	0	0	0	0	13	11	11	11	12	11	11	11	12	11	11	11	12	11	11	11	
3227	0	0	0	58	0	0	0	76	0	0	0	58	2	0	0	0	11	11	11	11	11	11	11	11	11	11	11	11	11	11	11	11	
3228	49	49	49	49	49	49	49	49	76	49	49	49	58	49	49	49	11	11	11	11	11	11	11	11	11	11	11	11	11	11	11	11	
3229	58	0	2	2	67	2	2	2	58	58	0	0	49	76	0	0	11	11	11	11	11	11	11	11	11	11	11	11	11	11	11	11	
3230	2	2	2	35	0	2	2	35	0	0	2	35	0	0	2	35	11	11	11	11	11	11	11	11	11	11	11	11	11	11	11	11	
3231	36	36	36	36	36	36	36	36	36	36	36	36	36	36	36	36	11	11	11	11	11	11	11	11	11	11	11	11	11	11	11	11	
3232	36	35	0	0	36	35	0	0	36	35	0	0	36	36	35	0	11	11	11	11	11	11	11	11	11	11	11	11	11	11	11	11	
3233	2	2	0	2	0	0	0	0	0	0	0	0	0	0	0	0	11	11	11	11	11	11	11	11	11	11	11	11	11	11	11	11	
3234	0	2	0	0	2	2	0	2	0	0	2	2	0	0	0	2	11	11	11	11	11	11	11	11	11	11	11	11	11	11	11	11	
3235	0	0	2	2	2	2	2	2	2	0	0	0	0	0	0	0	11	11	11	11	11	11	11	11	11	11	11	11	11	11	11	11	
3236	2	0	0	0	0	0	0	0	0	0	0	0	0	2	0	0	11	11	11	11	11	11	11	11	11	11	11	11	11	11	11	11	
3237	0	0	0	2	0	0	0	2	0	0	0	2	0	0	0	0	11	11	11	11	11	11	11	11	11	11	11	11	11	11	11	11	
3238	0	0	0	0	0	0	0	0	2	0	0	0	2	0	0	0	11	11	11	11	11	11	11	11	11	11	11	11	11	11	11	11	
3239	0	0	0	0	0	0	0	0	0	0	0	0	0	0	0	0	11	11	11	11	11	11	11	11	11	11	11	11	11	11	11	11	
3240	7	7	7	7	7	7	7	7	7	7	7	7	7	7	7	7	0	0	0	0	0	0	0	0	0	0	0	0	0	0	0	0	
3241	7	7	6	6	7	7	6	6	7	7	6	6	7	7	7	7	0	0	0	0	0	0	0	0	0	0	0	0	0	0	0	0	
3242	6	6	6	6	6	6	6	6	6	6	6	6	6	6	6	6	0	0	0	0	0	0	0	0	0	0	0	0	0	0	0	0	
3243	6	6	6	6	6	6	6	6	6	6	6	6	6	6	6	6	0	0	0	0	0	0	0	0	0	0	0	0	0	0	0	0	
3244	6	6	6	6	6	6	6	6	6	6	6	6	6	6	6	6	1	1	1	1	1	1	1	1	0	1	1	1	0	1	1	1	
3245	6	15	15	15	6	15	15	15	6	15	15	15	6	15	15	15	2	2	2	3	1	2	2	3	1	2	2	2	1	2	2	2	
3246	15	15	15	15	15	15	15	15	15	15	15	15	15	15	15	15	3	3	4	4	3	3	4	4	3	3	4	4	3	3	3	4	
3247	15	15	15	15	15	15	15	15	15	15	15	15	15	15	15	15	5	5	5	6	4	5	5	6	4	5	5	6	4	5	5	6	
3248	15	15	15	15	15	15	15	15	15	15	15	15	15	15	15	15	6	7	7	7	6	7	7	7	6	6	7	7	6	6	7	7	
3249	15	15	157	0	15	15	157	0	15	15	157	157	15	15	15	157	8	8	9	9	8	8	9	9	8	8	9	9	7	8	8	9	
3250	15	2	0	0	2	2	2	15	15	0	2	15	0	15	0	2	9	9	10	10	9	9	9	10	9	9	9	10	9	9	9	10	
3251	2	0	0	0	2	0	0	0	2	0	0	0	2	2	0	0	10	10	10	10	10	10	10	10	10	10	10	10	10	10	10	10	
3252	0	0	0	0	0	0	0	0	0	0	0	0	0	0	0	0	11	11	11	11	10	11	11	11	10	11	11	11	10	11	11	11	
3253	0	0	35	35	0	0	35	35	0	0	0	35	0	0	0	35	11	11	11	11	11	11	11	11	11	11	11	11	11	11	11	11	
3254	35	35	0	0	35	35	35	0	35	35	35	0	35	35	35	0	11	11	11	11	11	11	11	11	11	11	11	11	11	11	11	11	
3255	0	0	0	0	0	0	0	0	0	0	0	0	0	0	0	0	11	11	11	11	11	11	11	11	11	11	11	11	11	11	11	11	
3256	0	0	0	0	0	0	0	0	0	0	0	0	0	0	0	0	11	11	11	11	11	11	11	11	11	11	11	11	11	11	11	11	
3257	0	2	2	0	0	0	0	2	0	0	0	0	0	0	0	0	11	11	11	11	11	11	11	11	11	11	11	11	11	11	11	11	
3258	0	0	0	112	2	0	0	112	0	0	0	112	0	0	0	112	11	11	12	13	11	11	12	13	11	11	12	14	11	11	12	14	
3259	112	112	0	0	112	112	0	0	112	112	0	0	112	112	0	0	15	14	12	11	15	14	12	11	15	14	12	11	15	14	12	11	
3260	0	0	0	0	0	0	0	0	0	0	0	0	0	0	0	0	11	11	11	11	11	11	11	11	11	11	11	11	11	11	11	11	
3261	2	0	0	0	0	2	0	2	2	0	0	0	0	2	0	0	11	11	11	11	11	11	11	11	11	11	11	11	11	11	11	11	
3262	2	0	0	0	0	0	0	0	0	0	0	0	0	0	0	0	11	11	11	11	11	11	11	11	11	11	11	11	11	11	11	11	
3263	0	0	35	35	0	0	35	35	0	0	35	35	2	2	35	35	11	11	11	11	11	11	11	11	11	11	11	11	11	11	11	11	
3264	35	35	0	0	35	35	0	0	35	35	0	0	35	35	0	0	11	11	11	11	11	11	11	11	11	11	11	11	11	11	11	11	
3265	0	2	2	0	0	0	0	0	0	0	0	0	0	0	0	0	11	11	11	11	11	11	11	11	11	11	11	11	11	11	11	11	
3266	2	2	0	2	0	2	2	2	0	0	0	0	0	0	0	0	11	11	11	12	11	11	11	11	11	11	11	12	11	11	11	12	
3267	0	112	111	111	0	112	111	111	0	112	111	111	0	112	111	111	13	15	15	15	13	15	15	15	13	15	15	15	13	15	15	15	
3268	111	112	0	0	111	112	0	0	111	112	0	0	111	112	0	0	15	14	12	11	15	14	12	11	15	14	12	11	15	14	12	11	
3269	0	0	0	0	0	0	0	0	0	0	0	0	0	0	0	0	11	11	11	11	11	11	11	11	11	11	11	11	11	11	11	11	
3270	0	0	0	0	0	0	0	0	0	0	0	0	0	0	0	0	11	11	11	11	11	11	11	11	11	11	11	11	11	11	11	11	
3271	0	0	0	2	0	0	0	0	0	0	0	0	0	0	0	0	11	11	11	11	11	11	11	11	11	11	11	11	11	11	11	11	
3272	0	2	0	0	2	2	0	2	0	0	0	2	0	0	0	2	11	11	11	11	11	11	11	11	11	11	11	11	11	11	11	11	
3273	0	0	2	0	2	0	2	2	2	2	2	2	0	0	0	0	11	11	11	11	11	11	11	11	11	11	11	11	11	11	11	11	
3274	0	2	0	0	0	2	0	0	0	0	0	0	0	0	0	0	11	11	11	11	11	11	11	11	11	11	11	11	11	11	11	11	
3275	0	0	0	0	0	0	0	0	0	0	0	0	0	0	0	0	11	11	11	11	11	11	11	11	11	11	11	11	11	11	11	11	
3276	0	0	0	2	0	2	2	0	0	0	0	0	0	0	0	0	11	11	11	11	11	11	11	11	11	11	11	11	11	11	11	11	
3277	0	2	2	0	2	0	2	0	0	0	0	0	0	0	0	0	11	11	11	11	11	11	11	11	11	11	11	11	11	11	11	11	
3278	0	2	0	2	2	0	2	0	0	0	0	0	0	0	0	0	11	11	11	11	11	11	11	11	11	11	11	11	11	11	11	11	
3279	2	0	0	0	0	0	0	0	0	0	0	0	0	0	0	0	11	11	11	11	11	11	11	11	11	11	11	11	11	11	11	11	
3280	0	0	2	0	0	0	0	0	0	0	0	0	0	0	0	0	11	11	11	11	11	11	11	11	11	11	11	11	11	11	11	11	
3281	0	0	0	0	0	0	0	0	0	0	0	0	0	0	0	0	11	11	11	11	11	11	11	11	11	11	11	11	11	11	11	11	
3282	0	0	0	0	0	0	0	0	0	0	0	0	0	0	0	0	11	11	11	11	11	11	11	11	11	11	11	11	11	11	11	11	
3283	0	35	35	35	0	35	35	35	0	2	35	35	0	0	35	35	11	11	11	11	11	11	11	11	11	11	11	11	11	11	11	11	
3284	35	0	0	0	35	0	0	0	35	0	0	0	35	0	0	0	11	11	11	11	11	11	11	11	11	11	11	11	11	11	11	11	
3285	0	112	112	112	0	0	112	112	0	0	112	112	0	0	112	112	11	13	14	14	11	13	14	14	11	13	14	14	11	12	14	15	
3286	0	0	0	0	112	0	0	0	112	0	0	0	112	0	0	0	12	11	11	11	12	11	11	11	12	11	11	11	13	11	11	11	
3287	0	0	0	2	0	0	0	2	0	0	2	2	0	2	2	0	11	11	11	11	11	11	11	11	11	11	11	11	11	11	11	11	
3288	76	67	58	58	66	48	48	48	57	48	48	48	75	57	48	48	11	11	11	11	11	11	11	11	11	11	11	11	11	11	11	11	
3289	58	58	0	0	48	57	0	2	48	75	0	2	48	57	0	0	11	11	11	11	11	11	11	11	11	11	11	11	11	11	11	11	
3290	0	0	2	2	2	2	0	2	0	0	0	0	0	0	0	0	11	11	11	11	11	11	11	11	11	11	11	11	11	11	11	11	
3291	35	36	36	36	35	36	36	36	35	36	36	36	35	36	36	36	11	11	11	11	11	11	11	11	11	11	11	11	11	11	11	11	
3292	36	36	35	0	36	36	35	0	36	36	35	0	36	36	35	0	11	11	11	11	11	11	11	11	11	11	11	11	11	11	11	11	
3293	0	2	2	0	0	0	0	2	0	0	0	0	0	0	0	2	11	11	11	11	11	11	11	11	11	11	11	11	11	11	11	11	
3294	0	0	2	0	2	0	2	0	0	0	0	0	2	0	0	0	11	11	11	11	11	11	11	11	11	11	11	11	11	11	11	11	
3295	0	0	0	0	0	0	0	0	0	0	0	0	0	0	0	0	11	11	11	11	11	11	11	11	11	11	11	11	11	11	11	11	
3296	0	2	0	0	0	0	0	0	0	2	2	2	0	0	0	0	11	11	11	11	11	11	11	11	11	11	11	11	11	11	11	11	
3297	0	0	0	0	0	0	0	0	2	2	2	2	0	0	0	0	11	11	11	11	11	11	11	11	11	11	11	11	11	11	11	11	
3298	0	2	0	0	0	2	0	0	0	0	0	0	0	0	0	0	11	11	11	11	11	11	11	11	11	11	11	11	11	11	11	11	
3299	0	0	0	0	0	0	0	0	0	0	0	0	0	0	0	0	11	11	11	11	11	11	11	11	11	11	11	11	11	11	11	11	
3300	7	7	7	7	7	7	7	7	7	7	7	7	7	7	7	7	0	0	0	0	0	0	0	0	0	0	0	0	0	0	0	0	
3301	7	7	7	7	7	7	7	7	7	7	7	7	7	7	7	7	0	0	0	0	0	0	0	0	0	0	0	0	0	0	0	0	
3302	6	6	6	6	6	6	6	6	7	6	6	6	7	6	6	6	0	0	0	0	0	0	0	0	0	0	0	0	0	0	0	0	
3303	6	6	6	6	6	6	6	6	6	6	6	6	6	6	6	6	0	0	0	0	0	0	0	0	0	0	0	0	0	0	0	0	
3304	6	6	6	6	6	6	6	6	6	6	6	6	6	6	6	6	0	1	1	1	0	1	1	1	0	1	1	1	0	1	1	1	
3305	6	6	15	15	6	6	15	15	6	6	15	15	6	6	6	15	1	2	2	2	1	1	2	2	1	1	2	2	1	1	2	2	
3306	15	15	15	15	15	15	15	15	15	15	15	15	15	15	15	15	3	3	3	4	2	3	3	4	2	3	3	4	2	3	3	3	
3307	15	15	15	15	15	15	15	15	15	15	15	15	15	15	15	15	4	5	5	5	4	4	5	5	4	4	5	5	4	4	5	5	
3308	15	15	15	15	15	15	15	15	15	15	15	15	15	15	15	15	6	6	7	7	6	6	6	7	6	6	6	7	6	6	6	7	
3309	15	15	15	157	15	15	15	15	15	15	15	15	15	15	15	15	7	8	8	9	7	8	8	8	7	8	8	8	7	7	8	8	
3310	157	2	15	15	157	0	15	2	157	157	2	15	15	157	0	2	9	9	9	9	9	9	9	9	9	9	9	9	8	9	9	9	
3311	2	2	0	0	2	15	2	2	15	0	2	0	2	15	0	0	10	10	10	10	10	10	10	10	10	10	10	10	10	10	10	10	
3312	0	0	0	0	0	0	0	0	0	0	0	0	0	0	0	0	10	11	11	11	10	10	11	11	10	10	11	11	10	10	11	11	
3313	0	0	0	35	0	0	0	0	0	0	0	0	0	0	0	0	11	11	11	11	11	11	11	11	11	11	11	11	11	11	11	11	
3314	35	35	35	35	35	35	35	35	35	35	35	35	0	35	35	35	11	11	11	11	11	11	11	11	11	11	11	11	11	11	11	11	
3315	0	0	0	0	0	0	0	0	35	0	0	0	35	0	0	0	11	11	11	11	11	11	11	11	11	11	11	11	11	11	11	11	
3316	0	0	0	0	0	0	2	0	0	0	2	0	0	0	2	0	11	11	11	11	11	11	11	11	11	11	11	11	11	11	11	11	
3317	0	0	0	0	0	0	0	0	0	0	2	0	0	2	2	0	11	11	11	11	11	11	11	11	11	11	11	11	11	11	11	11	
3318	0	0	0	112	0	0	0	112	0	0	0	112	0	0	0	112	11	11	12	13	11	11	11	13	11	11	11	13	11	11	11	13	
3319	112	112	0	0	112	112	0	0	112	112	0	0	112	112	0	0	15	14	12	11	15	14	12	11	14	14	12	11	14	14	12	11	
3320	0	0	0	0	0	0	0	2	0	2	2	0	0	2	0	0	11	11	11	11	11	11	11	11	11	11	11	11	11	11	11	11	
3321	2	0	0	0	2	0	0	0	0	0	0	0	2	0	0	0	11	11	11	11	11	11	11	11	11	11	11	11	11	11	11	11	
3322	0	0	0	0	0	0	0	0	0	0	0	0	0	0	0	0	11	11	11	11	11	11	11	11	11	11	11	11	11	11	11	11	
3323	2	0	35	35	2	0	35	35	0	2	0	35	0	0	35	35	11	11	11	11	11	11	11	11	11	11	11	11	11	11	11	11	
3324	35	35	0	0	35	35	2	0	35	35	0	2	35	35	0	0	11	11	11	11	11	11	11	11	11	11	11	11	11	11	11	11	
3325	0	0	0	0	0	0	0	0	0	0	0	0	2	0	0	0	11	11	11	11	11	11	11	11	11	11	11	11	11	11	11	11	
3326	0	0	0	0	0	0	0	0	0	0	0	0	0	0	0	0	11	11	11	11	11	11	11	11	11	11	11	12	11	11	11	13	
3327	0	112	111	111	0	112	111	111	112	112	111	111	112	111	111	111	13	14	15	15	13	15	15	15	13	15	15	15	14	15	15	15	
3328	111	112	0	0	111	112	0	0	111	112	0	0	111	112	0	0	15	14	12	11	15	14	12	11	15	14	13	11	15	14	12	11	
3329	0	0	0	0	0	0	0	0	2	2	0	0	2	2	2	0	11	11	11	11	11	11	11	11	11	11	11	11	11	11	11	11	
3330	0	0	0	0	0	0	0	0	0	0	0	0	0	0	0	0	11	11	11	11	11	11	11	11	11	11	11	11	11	11	11	11	
3331	0	0	0	0	0	0	0	0	0	0	0	0	0	0	0	2	11	11	11	11	11	11	11	11	11	11	11	11	11	11	11	11	
3332	0	0	2	0	0	0	2	0	0	2	2	2	2	2	0	0	11	11	11	11	11	11	11	11	11	11	11	11	11	11	11	11	
3333	0	0	0	0	0	0	0	0	0	0	2	2	0	2	0	0	11	11	11	11	11	11	11	11	11	11	11	11	11	11	11	11	
3334	0	0	0	0	0	0	0	0	2	2	0	0	0	0	2	0	11	11	11	11	11	11	11	11	11	11	11	11	11	11	11	11	
3335	0	0	0	0	0	0	0	0	0	0	0	0	0	0	0	0	11	11	11	11	11	11	11	11	11	11	11	11	11	11	11	11	
3336	0	0	0	0	0	0	0	0	0	0	0	0	0	0	0	0	11	11	11	11	11	11	11	11	11	11	11	11	11	11	11	11	
3337	0	0	0	0	0	0	0	0	0	0	0	0	0	0	0	0	11	11	11	11	11	11	11	11	11	11	11	11	11	11	11	11	
3338	0	0	0	0	0	0	0	0	0	0	0	0	2	0	0	0	11	11	11	11	11	11	11	11	11	11	11	11	11	11	11	11	
3339	0	0	0	0	0	0	0	0	0	0	0	0	0	0	0	0	11	11	11	11	11	11	11	11	11	11	11	11	11	11	11	11	
3340	0	0	0	0	0	2	0	2	0	2	2	2	0	2	2	2	11	11	11	11	11	11	11	11	11	11	11	11	11	11	11	11	
3341	0	0	0	0	0	0	0	0	2	0	0	0	0	2	2	0	11	11	11	11	11	11	11	11	11	11	11	11	11	11	11	11	
3342	0	0	0	0	0	0	0	0	0	0	0	0	0	0	0	0	11	11	11	11	11	11	11	11	11	11	11	11	11	11	11	11	
3343	0	0	35	35	0	0	35	35	0	0	35	35	0	0	35	35	11	11	11	11	11	11	11	11	11	11	11	11	11	11	11	11	
3344	35	0	0	0	35	35	0	0	35	35	0	0	35	35	0	0	11	11	11	11	11	11	11	11	11	11	11	11	11	11	11	11	
3345	0	0	112	112	0	0	112	112	0	0	112	112	0	0	112	112	11	12	14	15	11	12	14	15	11	12	14	15	11	12	14	15	
3346	112	0	0	0	112	112	0	0	112	112	0	0	112	112	0	0	13	11	11	11	14	12	11	11	14	12	11	11	14	12	11	11	
3347	0	0	0	0	0	0	0	0	0	0	0	0	0	0	0	0	11	11	11	11	11	11	11	11	11	11	11	11	11	11	11	11	
3348	0	75	48	48	0	57	75	57	0	0	0	0	0	0	0	0	11	11	11	11	11	11	11	11	11	11	11	11	11	11	11	11	
3349	48	75	0	0	75	57	0	0	0	0	0	0	0	0	0	0	11	11	11	11	11	11	11	11	11	11	11	11	11	11	11	11	
3350	0	0	0	0	0	0	0	0	0	0	0	0	0	0	0	0	11	11	11	11	11	11	11	11	11	11	11	11	11	11	11	11	
3351	35	36	36	36	35	36	36	36	0	35	36	36	0	35	36	36	11	11	11	11	11	11	11	11	11	11	11	11	11	11	11	11	
3352	36	36	36	35	36	36	36	35	36	36	36	35	36	36	36	35	11	11	11	11	11	11	11	11	11	11	11	11	11	11	11	11	
3353	0	0	0	0	0	0	0	2	0	0	0	2	0	0	2	2	11	11	11	11	11	11	11	11	11	11	11	11	11	11	11	11	
3354	0	0	0	0	0	0	0	0	2	2	0	0	0	0	2	0	11	11	11	11	11	11	11	11	11	11	11	11	11	11	11	11	
3355	0	0	0	0	0	0	0	0	0	0	0	0	2	0	0	2	11	11	11	11	11	11	11	11	11	11	11	11	11	11	11	11	
3356	0	2	2	0	0	2	0	0	0	2	0	0	2	2	0	0	11	11	11	11	11	11	11	11	11	11	11	11	11	11	11	11	
3357	0	0	0	0	0	0	0	0	0	0	0	0	0	0	0	0	11	11	11	11	11	11	11	11	11	11	11	11	11	11	11	11	
3358	0	0	0	0	0	0	0	0	0	0	0	0	0	0	0	0	11	11	11	11	11	11	11	11	11	11	11	11	11	11	11	11	
3359	0	0	0	0	0	0	0	0	0	0	0	0	0	0	0	0	11	11	11	11	11	11	11	11	11	11	11	11	11	11	11	11	
3360	7	7	7	7	7	7	7	7	7	7	7	7	7	7	7	7	0	0	0	0	0	0	0	0	0	0	0	0	0	0	0	0	
3361	7	7	7	7	7	7	7	7	7	7	7	7	7	7	7	7	0	0	0	0	0	0	0	0	0	0	0	0	0	0	0	0	
3362	7	7	6	6	7	7	6	6	7	7	6	6	7	7	6	6	0	0	0	0	0	0	0	0	0	0	0	0	0	0	0	0	
3363	6	6	6	6	6	6	6	6	6	6	6	6	6	6	6	6	0	0	0	0	0	0	0	0	0	0	0	0	0	0	0	0	
3364	6	6	6	6	6	6	6	6	6	6	6	6	6	6	6	6	0	0	1	1	0	0	1	1	0	0	0	1	0	0	0	1	
3365	6	6	6	15	6	6	6	15	6	6	6	15	6	6	6	15	1	1	2	2	1	1	2	2	1	1	1	2	1	1	1	2	
3366	15	15	15	15	15	15	15	15	15	15	15	15	15	15	15	15	2	3	3	3	2	3	3	3	2	3	3	3	2	2	3	3	
3367	15	15	15	15	15	15	15	15	15	15	15	15	15	15	15	15	4	4	5	5	4	4	4	5	4	4	4	5	4	4	4	5	
3368	15	15	15	15	15	15	15	15	15	15	15	15	15	15	15	15	5	6	6	7	5	6	6	7	5	6	6	6	5	6	6	6	
3369	15	15	15	15	15	15	15	15	15	15	15	15	15	15	15	15	7	7	8	8	7	7	8	8	7	7	8	8	7	7	7	8	
3370	15	157	157	0	15	15	157	0	15	15	157	157	15	15	15	157	8	9	9	9	8	8	9	9	8	8	9	9	8	8	8	9	
3371	15	2	15	2	2	15	2	0	2	15	15	2	0	2	2	15	9	10	10	10	9	10	10	10	9	10	10	10	9	10	10	10	
3372	0	0	0	0	2	2	2	0	2	0	2	0	2	2	2	2	10	10	11	11	10	10	10	11	10	10	10	11	10	10	10	11	
3373	0	0	0	0	0	0	0	0	0	0	0	0	2	2	0	0	11	11	11	11	11	11	11	11	11	11	11	11	11	11	11	11	
3374	0	35	35	35	0	0	35	35	0	0	35	35	0	0	0	35	11	11	11	11	11	11	11	11	11	11	11	11	11	11	11	11	
3375	35	35	0	0	35	35	35	0	35	35	35	35	35	35	35	35	11	11	11	11	11	11	11	11	11	11	11	11	11	11	11	11	
3376	0	0	2	0	0	0	0	2	0	0	0	0	35	0	0	0	11	11	11	11	11	11	11	11	11	11	11	11	11	11	11	11	
3377	2	2	0	0	0	0	2	0	0	0	0	2	0	0	0	0	11	11	11	11	11	11	11	11	11	11	11	11	11	11	11	11	
3378	0	0	0	112	0	0	0	112	2	0	0	112	2	2	0	112	11	11	12	14	11	11	12	14	11	11	11	13	11	11	11	13	
3379	112	112	0	0	112	112	0	0	112	112	0	0	112	112	0	0	15	14	12	11	15	14	12	11	15	13	12	11	15	14	12	11	
3380	0	0	0	2	0	0	0	0	0	0	0	0	0	0	0	0	11	11	11	11	11	11	11	11	11	11	11	11	11	11	11	11	
3381	0	0	0	0	0	0	0	0	0	0	0	0	0	0	0	0	11	11	11	11	11	11	11	11	11	11	11	11	11	11	11	11	
3382	0	0	0	0	0	0	0	0	0	0	0	0	0	0	0	0	11	11	11	11	11	11	11	11	11	11	11	11	11	11	11	11	
3383	0	0	35	35	0	0	35	35	0	0	35	35	0	0	35	35	11	11	11	11	11	11	11	11	11	11	11	11	11	11	11	11	
3384	35	35	0	0	35	35	0	0	35	35	0	0	35	35	0	0	11	11	11	11	11	11	11	11	11	11	11	11	11	11	11	11	
3385	0	0	0	0	2	2	0	0	0	0	0	0	0	2	0	0	11	11	11	11	11	11	11	11	11	11	11	11	11	11	11	11	
3386	0	0	0	0	0	0	0	0	0	0	0	0	0	0	0	0	11	11	11	13	11	11	11	13	11	11	11	12	11	11	11	12	
3387	112	111	111	111	112	112	111	111	0	112	111	111	0	112	111	111	15	15	15	15	14	15	15	15	14	15	15	15	13	15	15	15	
3388	111	112	0	2	112	112	0	0	112	0	0	0	112	0	0	0	15	14	12	11	14	13	12	11	14	12	11	11	14	12	11	11	
3389	2	2	2	0	0	2	2	2	0	0	0	2	0	0	0	0	11	11	11	11	11	11	11	11	11	11	11	11	11	11	11	11	
3390	0	0	0	0	2	0	0	0	2	2	0	0	0	2	2	0	11	11	11	11	11	11	11	11	11	11	11	11	11	11	11	11	
3391	0	2	0	2	0	2	0	0	2	0	2	0	2	0	0	0	11	11	11	11	11	11	11	11	11	11	11	11	11	11	11	11	
3392	2	2	0	2	0	0	0	0	0	0	0	0	0	0	0	0	11	11	11	11	11	11	11	11	11	11	11	11	11	11	11	11	
3393	0	2	2	0	2	2	0	0	0	0	0	0	0	0	0	0	11	11	11	11	11	11	11	11	11	11	11	11	11	11	11	11	
3394	2	0	2	2	0	0	0	2	0	0	0	2	0	0	0	0	11	11	11	11	11	11	11	11	11	11	11	11	11	11	11	11	
3395	0	0	0	0	0	0	0	0	0	0	0	0	0	0	0	0	11	11	11	11	11	11	11	11	11	11	11	11	11	11	11	11	
3396	0	0	0	0	0	0	0	0	0	0	0	0	0	0	0	0	11	11	11	11	11	11	11	11	11	11	11	11	11	11	11	11	
3397	0	0	0	2	0	2	2	0	2	2	0	0	2	0	0	0	11	11	11	11	11	11	11	11	11	11	11	11	11	11	11	11	
3398	2	0	0	0	2	2	0	0	0	2	2	0	0	0	0	0	11	11	11	11	11	11	11	11	11	11	11	11	11	11	11	11	
3399	0	0	0	0	0	0	0	0	0	0	0	0	0	0	0	0	11	11	11	11	11	11	11	11	11	11	11	11	11	11	11	11	
3400	0	2	0	0	0	2	0	0	2	2	0	0	2	0	0	0	11	11	11	11	11	11	11	11	11	11	11	11	11	11	11	11	
3401	0	0	2	0	0	0	2	0	0	0	0	0	0	0	0	0	11	11	11	11	11	11	11	11	11	11	11	11	11	11	11	11	
3402	0	0	0	2	0	0	0	2	0	0	0	0	0	0	0	2	11	11	11	11	11	11	11	11	11	11	11	11	11	11	11	11	
3403	0	0	35	35	0	2	35	35	2	2	35	35	2	0	35	35	11	11	11	11	11	11	11	11	11	11	11	11	11	11	11	11	
3404	35	35	0	0	35	35	0	0	35	35	0	0	35	35	0	0	11	11	11	11	11	11	11	11	11	11	11	11	11	11	11	11	
3405	0	0	112	112	0	0	0	112	0	0	0	112	0	0	0	112	11	11	13	15	11	11	12	14	11	11	12	14	11	11	12	14	
3406	112	112	0	0	112	112	0	0	112	112	0	0	112	112	0	0	14	13	11	11	15	13	11	11	15	13	11	11	15	13	11	11	
3407	0	0	0	0	0	0	0	0	0	0	0	0	0	0	0	0	11	11	11	11	11	11	11	11	11	11	11	11	11	11	11	11	
3408	0	0	0	0	0	0	0	0	0	0	0	0	0	0	0	0	11	11	11	11	11	11	11	11	11	11	11	11	11	11	11	11	
3409	0	0	0	0	0	0	0	0	0	0	0	0	0	0	0	0	11	11	11	11	11	11	11	11	11	11	11	11	11	11	11	11	
3410	0	0	0	0	0	0	0	0	0	0	0	0	0	0	0	0	11	11	11	11	11	11	11	11	11	11	11	11	11	11	11	11	
3411	0	35	36	36	0	35	36	36	0	35	36	36	0	35	36	36	11	11	11	11	11	11	11	11	11	11	11	11	11	11	11	11	
3412	36	36	36	35	36	36	36	36	36	36	36	36	36	36	36	36	11	11	11	11	11	11	11	11	11	11	11	11	11	11	11	11	
3413	0	2	0	0	35	0	0	0	35	0	0	0	35	0	0	0	11	11	11	11	11	11	11	11	11	11	11	11	11	11	11	11	
3414	2	2	0	2	2	0	0	0	0	0	0	0	0	0	0	0	11	11	11	11	11	11	11	11	11	11	11	11	11	11	11	11	
3415	0	2	0	2	0	0	0	0	0	0	0	0	0	0	0	0	11	11	11	11	11	11	11	11	11	11	11	11	11	11	11	11	
3416	0	2	0	2	0	0	0	0	0	0	0	0	0	0	0	0	11	11	11	11	11	11	11	11	11	11	11	11	11	11	11	11	
3417	2	0	2	0	0	0	0	0	0	0	0	0	0	0	0	0	11	11	11	11	11	11	11	11	11	11	11	11	11	11	11	11	
3418	0	0	0	0	0	0	0	0	2	2	0	2	0	0	0	0	11	11	11	11	11	11	11	11	11	11	11	11	11	11	11	11	
3419	0	0	0	0	2	0	0	0	0	0	0	0	0	0	0	0	11	11	11	11	11	11	11	11	11	11	11	11	11	11	11	11	
#
